"Index","ACFC.Open","ACFC.High","ACFC.Low","ACFC.Close","ACFC.Volume"
2007-01-03,18.15,18.22,18.02,18.14,4500
2007-01-04,18.12,18.14,18,18,1900
2007-01-05,17.99,18.1,17.89,17.9,5700
2007-01-08,17.9,17.9,17.84,17.88,1000
2007-01-09,17.81,18.31,17.77,17.79,4700
2007-01-10,17.61,18.14,17.52,17.71,8900
2007-01-11,17.82,18.1,17.71,17.75,3300
2007-01-12,17.77,18.07,17.67,17.87,7500
2007-01-16,18,18,17.84,17.84,8800
2007-01-17,17.92,17.93,17.74,17.74,3500
2007-01-18,17.83,17.83,17.64,17.64,5100
2007-01-19,17.62,17.65,17.51,17.65,6600
2007-01-22,17.61,17.61,17.38,17.38,2500
2007-01-23,17.34,17.46,17.18,17.46,12800
2007-01-24,17.44,17.6,17.43,17.6,4100
2007-01-25,17.61,17.67,17.61,17.67,600
2007-01-26,17.5,17.71,17.48,17.71,24600
2007-01-29,17.72,17.72,17.49,17.49,3400
2007-01-30,17.58,17.6,17.5,17.59,4000
2007-01-31,17.66,17.66,17.5,17.55,3700
2007-02-01,17.7,17.81,17.7,17.77,2000
2007-02-02,17.7,17.95,17.7,17.94,6700
2007-02-05,17.93,17.93,17.81,17.81,400
2007-02-06,17.85,17.92,17.82,17.86,500
2007-02-07,17.92,17.99,17.85,17.96,4700
2007-02-08,17.82,17.91,17.81,17.91,900
2007-02-09,17.85,17.91,17.84,17.91,1200
2007-02-12,17.85,17.91,17.8,17.8,2900
2007-02-13,18,18,17.81,17.81,900
2007-02-14,17.81,17.9,17.81,17.85,6100
2007-02-15,17.87,17.96,17.87,17.92,800
2007-02-16,17.92,17.98,17.9,17.91,8100
2007-02-20,18,18.08,18,18.06,6100
2007-02-21,17.98,18.08,17.97,18.05,5600
2007-02-22,18.15,18.57,18.15,18.5,21500
2007-02-23,18.63,18.87,18.32,18.39,60400
2007-02-26,18.58,18.82,18.58,18.66,7700
2007-02-27,18.75,18.8,18.65,18.65,7900
2007-02-28,18.66,18.66,18.55,18.56,2800
2007-03-01,18.5,18.56,18.5,18.5,4200
2007-03-02,18.5,18.54,18.5,18.52,1200
2007-03-05,18.74,18.74,18.52,18.52,1700
2007-03-06,18.56,18.62,18.15,18.15,107100
2007-03-07,18.21,18.39,18.2,18.3,5300
2007-03-08,18.3,18.48,18.3,18.48,3500
2007-03-09,18.45,18.52,18.45,18.52,3200
2007-03-12,18.29,18.59,18.29,18.58,9600
2007-03-13,18.5,18.6,18.5,18.54,15700
2007-03-14,18.57,18.63,18.09,18.09,26300
2007-03-15,18.2,18.2,18.03,18.05,9100
2007-03-16,18.17,18.66,18.02,18.02,22300
2007-03-19,18.09,18.3,18.05,18.3,25800
2007-03-20,18.32,18.51,18.31,18.51,21200
2007-03-21,18.55,18.86,18.47,18.85,19100
2007-03-22,18.81,19,18.81,18.96,6800
2007-03-23,18.82,18.97,18.81,18.82,6000
2007-03-26,18.85,19.09,18.85,18.98,9000
2007-03-27,19.05,19.07,18.96,19,3700
2007-03-28,18.98,19.04,18.94,18.99,2900
2007-03-29,18.93,19.02,18.91,18.97,3900
2007-03-30,19.09,19.1,19.02,19.08,5300
2007-04-02,19.08,19.17,19.08,19.08,4700
2007-04-03,19.17,19.3,19.09,19.3,2800
2007-04-04,19.18,19.4,19.18,19.37,5800
2007-04-05,19.32,19.72,19.32,19.72,2700
2007-04-09,19.81,20.06,19.77,19.93,7800
2007-04-10,20,20,19.74,19.74,4300
2007-04-11,19.59,19.68,19.59,19.63,600
2007-04-12,19.59,19.76,19.59,19.76,4000
2007-04-13,19.8,20,19.8,19.96,5300
2007-04-16,19.98,19.99,19.98,19.99,1500
2007-04-17,19.89,19.98,19.85,19.85,2900
2007-04-18,19.97,20.05,19.95,19.95,4500
2007-04-19,19.9,19.96,19.84,19.84,700
2007-04-20,19.9,19.91,19.66,19.66,2100
2007-04-23,19.72,19.77,19.41,19.41,5600
2007-04-24,19.62,19.76,19.59,19.76,9000
2007-04-25,19.76,19.76,19.69,19.76,5500
2007-04-26,19.76,19.87,19.76,19.87,3800
2007-04-27,19.89,19.9,19.77,19.88,1900
2007-04-30,19.89,19.89,19.78,19.8,4800
2007-05-01,19.81,19.85,19.76,19.85,9000
2007-05-02,19.77,19.84,19.76,19.82,7500
2007-05-03,19.88,19.88,19.3,19.49,8200
2007-05-04,19.42,19.43,19.23,19.23,2500
2007-05-07,19.3,19.75,19.3,19.72,20500
2007-05-08,19.95,20,19.4,19.43,26600
2007-05-09,19.36,19.36,19.1,19.13,3900
2007-05-10,19.04,19.19,19.04,19.14,2000
2007-05-11,19.15,19.19,19.15,19.19,300
2007-05-14,19.19,19.25,19.19,19.25,700
2007-05-15,19.24,19.43,19.21,19.25,8300
2007-05-16,19.25,19.25,19.07,19.08,9500
2007-05-17,19.1,19.37,19.1,19.31,3400
2007-05-18,19.32,19.34,19.29,19.34,400
2007-05-21,19.17,19.39,19.15,19.24,10100
2007-05-22,19.25,19.39,19.24,19.39,900
2007-05-23,19.38,19.41,19.26,19.26,3600
2007-05-24,19.25,19.42,19.25,19.4,2500
2007-05-25,19.3,19.32,19.3,19.3,3700
2007-05-29,19.14,19.15,19.07,19.07,4500
2007-05-30,19,19.03,18.9,18.93,2300
2007-05-31,18.9,19.09,18.86,19.09,4100
2007-06-01,19,19.05,18.87,18.87,1900
2007-06-04,18.82,18.96,18.82,18.83,5000
2007-06-05,18.81,19.06,18.58,19.06,7600
2007-06-06,18.72,19.14,18.63,18.98,6300
2007-06-07,18.9,19,18.8,19,9700
2007-06-08,18.73,18.95,18.56,18.56,5400
2007-06-11,18.31,18.73,18.31,18.44,21600
2007-06-12,18.37,18.37,17,17.36,38300
2007-06-13,17.37,17.37,16.57,16.57,15100
2007-06-14,16.57,17.28,16.57,16.96,14900
2007-06-15,16.96,17.22,16.96,17.04,3700
2007-06-18,16.96,17.1,16.37,16.42,12100
2007-06-19,16.42,16.67,16.33,16.46,7600
2007-06-20,16.53,16.87,16.49,16.79,7500
2007-06-21,16.7,16.79,16.56,16.56,3700
2007-06-22,16.57,16.64,16.39,16.39,2300
2007-06-25,16.55,16.63,16.4,16.4,1200
2007-06-26,16.28,16.35,16.28,16.35,1500
2007-06-27,16.17,16.31,15.82,15.91,8900
2007-06-28,15.87,15.89,15.75,15.75,2600
2007-06-29,15.78,15.78,15.55,15.75,3700
2007-07-02,15.8,15.8,15.13,15.13,7800
2007-07-03,15.18,15.25,15.18,15.25,300
2007-07-05,15.21,15.32,15.1,15.12,8300
2007-07-06,15.24,15.24,14.93,15,4800
2007-07-09,15.1,15.37,15.09,15.09,3900
2007-07-10,15.1,15.1,14.93,14.93,2000
2007-07-11,14.89,14.89,14.44,14.47,7400
2007-07-12,14.47,14.78,14.31,14.47,17700
2007-07-13,14.5,14.5,14.43,14.43,3800
2007-07-16,14.49,14.69,14.23,14.23,7900
2007-07-17,14.2,14.85,14.2,14.6,6700
2007-07-18,14.54,14.61,14.47,14.47,4200
2007-07-19,14.61,14.98,14.61,14.73,5700
2007-07-20,14.74,14.75,14.47,14.48,3500
2007-07-23,14.48,14.63,14.38,14.4,3100
2007-07-24,14.45,14.48,14.3,14.32,6800
2007-07-25,14.48,14.48,14.27,14.41,3000
2007-07-26,14.5,14.5,14.24,14.24,3700
2007-07-27,14.22,14.26,14.01,14.02,3200
2007-07-30,14.22,14.25,14.01,14.13,9000
2007-07-31,14.32,14.44,14.32,14.35,1900
2007-08-01,14.17,14.17,13.47,13.79,13400
2007-08-02,13.89,13.91,13.78,13.78,1700
2007-08-03,13.52,13.52,13.23,13.23,2700
2007-08-06,13.22,13.22,12.54,12.93,12100
2007-08-07,13.1,13.34,12.77,12.91,11300
2007-08-08,12.84,13.58,12.81,13.47,15600
2007-08-09,13.48,13.71,13.48,13.59,3400
2007-08-10,13.46,13.88,13.22,13.43,17900
2007-08-13,13.29,13.29,12.65,12.65,13400
2007-08-14,12.52,13.6,12.52,13.18,10800
2007-08-15,12.91,13.05,12.65,12.65,5200
2007-08-16,12.77,12.77,12.46,12.66,11400
2007-08-17,13.04,13.5,12.42,12.48,10400
2007-08-20,12.84,12.84,12.43,12.71,13300
2007-08-21,12.82,13.12,12.67,13.11,10800
2007-08-22,13.06,13.44,13.06,13.44,6300
2007-08-23,13.19,13.5,13.15,13.5,3900
2007-08-24,13.49,13.5,13.39,13.5,1500
2007-08-27,NA,NA,NA,13.5,0
2007-08-28,13.49,13.62,13.41,13.5,600
2007-08-29,13.45,13.75,13.36,13.72,6800
2007-08-30,13.59,13.88,13.59,13.88,2800
2007-08-31,14,14.1,13.98,13.98,22400
2007-09-04,NA,NA,NA,13.98,0
2007-09-05,14.01,14.05,14.01,14.01,300
2007-09-06,14.14,14.19,14.1,14.18,12300
2007-09-07,14.06,14.07,13.9,13.95,2900
2007-09-10,13.97,14.19,13.97,14.19,10000
2007-09-11,14.03,14.2,14.03,14.2,1900
2007-09-12,14.24,14.35,14.22,14.35,15500
2007-09-13,NA,NA,NA,14.35,0
2007-09-14,14.32,14.32,14.17,14.17,1000
2007-09-17,14.24,14.24,14.11,14.11,500
2007-09-18,14.23,14.26,14.19,14.19,1000
2007-09-19,14.23,15.5,14.12,15.46,17900
2007-09-20,15.22,15.45,15.22,15.32,3000
2007-09-21,NA,NA,NA,15.32,0
2007-09-24,15.41,15.41,15.27,15.27,4500
2007-09-25,15.44,15.44,14.83,14.83,2100
2007-09-26,15.3,15.4,14.86,15.38,5900
2007-09-27,NA,NA,NA,15.38,0
2007-09-28,15.23,15.25,15.11,15.11,1700
2007-10-01,15.25,15.38,15.25,15.38,2800
2007-10-02,15.1,15.18,15.05,15.18,1200
2007-10-03,NA,NA,NA,15.18,0
2007-10-04,15.08,15.08,14.94,14.94,800
2007-10-05,14.97,15.01,14.5,14.5,3200
2007-10-08,14.47,14.53,14.43,14.53,600
2007-10-09,NA,NA,NA,14.53,0
2007-10-10,14.59,14.62,14.25,14.25,2800
2007-10-11,14.27,14.27,14.19,14.19,1100
2007-10-12,14.18,14.18,14.17,14.17,600
2007-10-15,14.26,14.26,14.17,14.17,4300
2007-10-16,14.13,14.2,14.13,14.2,500
2007-10-17,14.15,14.18,14.03,14.12,3800
2007-10-18,14.01,14.14,13.5,13.58,14400
2007-10-19,13.68,13.69,13.35,13.35,5300
2007-10-22,13.42,13.49,13.29,13.29,10600
2007-10-23,13.56,13.56,13.49,13.49,700
2007-10-24,13.51,13.54,12.97,12.97,4200
2007-10-25,12.97,13.05,12.97,13.05,2100
2007-10-26,13.89,13.89,13.3,13.39,23300
2007-10-29,13.5,13.88,13.48,13.51,11000
2007-10-30,13.46,13.59,13.45,13.53,11400
2007-10-31,13.44,13.49,13.31,13.34,7000
2007-11-01,13.17,13.32,13.05,13.21,4900
2007-11-02,13.3,13.38,13.28,13.28,2800
2007-11-05,13.42,13.45,13.29,13.31,3800
2007-11-06,13.3,13.35,13.25,13.29,3400
2007-11-07,13.22,13.35,13.03,13.03,6200
2007-11-08,13.35,13.35,13.3,13.3,200
2007-11-09,13.17,13.17,12.65,12.65,5700
2007-11-12,12.69,13.25,12.69,13.2,6700
2007-11-13,13.1,13.28,13.1,13.15,1600
2007-11-14,NA,NA,NA,13.15,0
2007-11-15,13.14,13.15,13.01,13.01,1200
2007-11-16,13.01,13.09,12.99,13,6300
2007-11-19,13.14,13.15,13,13,1500
2007-11-20,12.87,12.87,12,12.15,5600
2007-11-21,12,12.04,11.8,12.04,6100
2007-11-23,12.1,12.38,12.1,12.38,2400
2007-11-26,12.39,12.39,12.02,12.06,3700
2007-11-27,12.27,12.27,11.88,12,3300
2007-11-28,12.12,12.59,12.08,12.55,5100
2007-11-29,12.56,12.58,12.56,12.58,500
2007-11-30,12.42,12.42,12.27,12.4,3700
2007-12-03,12.38,12.38,12.04,12.04,3100
2007-12-04,11.99,12,11.84,11.84,2400
2007-12-05,11.84,11.84,11.79,11.81,1000
2007-12-06,11.88,11.9,11.71,11.79,2700
2007-12-07,11.67,11.82,11.34,11.34,3200
2007-12-10,11.34,11.49,11.23,11.28,7000
2007-12-11,11.28,11.31,11.1,11.1,2500
2007-12-12,11.08,11.08,10.61,10.61,5600
2007-12-13,10.79,10.84,10.75,10.84,1800
2007-12-14,10.62,10.88,10.62,10.79,2300
2007-12-17,11.04,11.8,11.04,11.31,15500
2007-12-18,11.16,11.48,11.11,11.11,4900
2007-12-19,11.33,11.49,11.25,11.25,7600
2007-12-20,11.73,11.73,11.38,11.45,4900
2007-12-21,11.43,11.76,11.4,11.4,9500
2007-12-24,11.5,11.54,11.5,11.54,4600
2007-12-26,11.64,11.72,11.6,11.65,5300
2007-12-27,11.65,11.8,11.65,11.8,4300
2007-12-28,11.7,11.91,11.68,11.7,16500
2007-12-31,11.82,11.97,11.82,11.88,25600
2008-01-02,11.99,12.19,11.99,12.15,6500
2008-01-03,12.12,12.19,11.85,11.88,2100
2008-01-04,12,12.02,11.65,11.68,3700
2008-01-07,11.78,11.78,11.64,11.64,1500
2008-01-08,11.56,11.56,11.44,11.44,4100
2008-01-09,11.36,11.36,10.86,10.89,3700
2008-01-10,10.8,10.89,10.53,10.64,4500
2008-01-11,10.88,11.03,10.57,10.62,15200
2008-01-14,10.5,10.72,10.36,10.4,8200
2008-01-15,10.32,10.61,10.26,10.26,4600
2008-01-16,10.35,10.35,10.02,10.02,3700
2008-01-17,10.07,10.2,9.6,9.72,10400
2008-01-18,9.64,9.81,9.03,9.07,13300
2008-01-22,8.54,9.05,8.52,8.9,8000
2008-01-23,8.41,9,8.1,8.7,18100
2008-01-24,8.96,9.5,8.96,9.44,9400
2008-01-25,9.5,9.56,9.3,9.3,12200
2008-01-28,9.53,9.53,9.13,9.19,5600
2008-01-29,9.47,9.88,9.47,9.55,6200
2008-01-30,9.64,9.9,9.59,9.86,6400
2008-01-31,9.84,10.12,9.84,10.05,7100
2008-02-01,10.05,10.07,9.91,9.99,14000
2008-02-04,10,10.03,9.89,9.92,6400
2008-02-05,9.95,10.03,9.88,9.88,25200
2008-02-06,9.9,9.99,9.9,9.97,1000
2008-02-07,10,10.04,9.98,10,9200
2008-02-08,10.02,10.02,9.93,10,6100
2008-02-11,9.91,10.05,9.91,10.02,6500
2008-02-12,10.07,10.07,9.98,10.02,4900
2008-02-13,10.05,10.1,10.01,10.03,7100
2008-02-14,10.02,10.05,10,10.02,5600
2008-02-15,10,10.05,9.99,9.99,1200
2008-02-19,10.1,10.1,9.94,9.97,8000
2008-02-20,9.95,10.09,9.95,10.05,28500
2008-02-21,10.09,10.1,10.03,10.05,22400
2008-02-22,10.03,10.05,10.03,10.04,4900
2008-02-25,10,10.05,9.9,9.93,36300
2008-02-26,9.98,9.99,9.86,9.97,13700
2008-02-27,9.88,9.99,9.88,9.97,8000
2008-02-28,9.96,9.97,9.85,9.94,7400
2008-02-29,9.91,9.91,9.9,9.9,300
2008-03-03,9.9,9.93,9.87,9.91,7000
2008-03-04,9.94,9.94,9.9,9.92,2400
2008-03-05,9.97,9.97,9.9,9.9,13500
2008-03-06,9.88,9.9,9.87,9.89,7200
2008-03-07,9.9,9.95,9.9,9.95,1600
2008-03-10,9.85,9.99,9.85,9.95,8700
2008-03-11,9.97,9.99,9.95,9.99,1600
2008-03-12,9.94,10,9.92,9.92,12600
2008-03-13,9.92,9.98,9.92,9.96,9200
2008-03-14,9.97,9.98,9.85,9.97,4200
2008-03-17,9.84,9.96,9.84,9.95,2900
2008-03-18,9.96,9.97,9.76,9.78,11100
2008-03-19,9.75,9.79,9.59,9.69,4700
2008-03-20,9.7,9.88,9.7,9.8,13300
2008-03-24,9.83,9.94,9.83,9.9,8200
2008-03-25,9.92,9.94,9.91,9.93,2600
2008-03-26,9.93,9.93,9.77,9.8,4900
2008-03-27,9.79,9.79,9.66,9.66,3400
2008-03-28,9.9,9.9,9.75,9.9,5800
2008-03-31,9.8,9.83,9.76,9.8,3600
2008-04-01,9.79,9.9,9.75,9.75,7500
2008-04-02,9.83,9.85,9.7,9.7,3900
2008-04-03,9.55,9.9,9.55,9.89,5500
2008-04-04,9.89,9.93,9.86,9.91,2400
2008-04-07,9.92,9.92,9.66,9.79,6900
2008-04-08,9.8,9.9,9.8,9.88,1900
2008-04-09,9.87,9.89,9.81,9.84,5000
2008-04-10,9.84,9.9,9.78,9.8,4200
2008-04-11,9.77,9.83,9.77,9.77,1300
2008-04-14,9.78,9.81,9.75,9.75,2600
2008-04-15,9.78,9.78,9.61,9.61,1200
2008-04-16,9.61,9.68,9.57,9.58,1300
2008-04-17,9.59,9.62,9.32,9.46,6600
2008-04-18,9.45,9.69,9.43,9.49,5000
2008-04-21,9.36,9.65,9.3,9.57,16400
2008-04-22,9.41,9.55,9.01,9.43,4600
2008-04-23,9.49,9.49,9.01,9.19,8100
2008-04-24,9.12,9.12,8.54,8.54,24200
2008-04-25,8.63,8.88,8.51,8.86,6900
2008-04-28,9.09,9.09,8.97,8.97,9200
2008-04-29,8.84,9.25,8.81,9.06,8100
2008-04-30,9.05,9.07,8.72,9.07,10200
2008-05-01,8.93,9.08,8.76,8.78,16800
2008-05-02,9.01,9.01,8.32,8.35,11900
2008-05-05,8.36,9.05,8.32,8.98,15600
2008-05-06,9.03,9.07,8.97,9.03,16000
2008-05-07,8.95,9.05,8.94,8.94,6000
2008-05-08,8.94,8.98,8.81,8.81,6400
2008-05-09,8.79,8.99,8.54,8.67,9600
2008-05-12,8.67,8.98,8.67,8.77,6100
2008-05-13,8.85,8.89,8.71,8.81,6800
2008-05-14,8.77,8.77,8.41,8.65,14400
2008-05-15,8.54,8.89,8.54,8.89,8200
2008-05-16,8.8,8.84,8.8,8.84,700
2008-05-19,8.84,8.85,8.7,8.7,5800
2008-05-20,8.66,8.75,8.62,8.62,3800
2008-05-21,8.63,8.64,8.61,8.63,1200
2008-05-22,8.55,8.59,8.46,8.58,2800
2008-05-23,8.52,8.73,8.52,8.58,4500
2008-05-27,8.47,8.63,8.47,8.63,10300
2008-05-28,8.56,8.73,8.56,8.73,4800
2008-05-29,8.69,8.82,8.64,8.82,4200
2008-05-30,8.77,8.8,8.69,8.72,5400
2008-06-02,8.66,8.68,8.65,8.65,1000
2008-06-03,8.58,8.65,8.58,8.62,6600
2008-06-04,8.58,8.58,8.58,8.58,100
2008-06-05,8.56,8.59,8.51,8.58,4200
2008-06-06,8.48,8.78,8.48,8.7,8100
2008-06-09,8.76,8.77,8.75,8.75,3200
2008-06-10,8.76,8.79,8.76,8.78,3400
2008-06-11,8.78,8.82,8.75,8.79,3600
2008-06-12,8.76,8.82,8.76,8.79,1800
2008-06-13,8.75,9.05,8.75,8.93,7400
2008-06-16,8.82,9.05,8.82,8.95,4800
2008-06-17,8.86,9.05,8.86,9.02,4800
2008-06-18,8.97,9.04,8.97,9.04,4500
2008-06-19,8.96,8.99,8.95,8.95,1400
2008-06-20,8.8,8.81,8.71,8.75,3900
2008-06-23,8.76,8.76,8.3,8.48,8600
2008-06-24,8.36,8.58,8.06,8.06,7000
2008-06-25,8.02,8.02,7.76,7.76,4600
2008-06-26,7.77,7.77,7.53,7.53,2200
2008-06-27,7.61,7.61,7.38,7.42,1400
2008-06-30,7.34,7.41,7.3,7.39,6800
2008-07-01,7.32,7.44,7.32,7.41,400
2008-07-02,7.33,7.37,7.33,7.37,200
2008-07-03,7.28,7.36,7.03,7.09,1700
2008-07-07,7.09,7.24,7.06,7.08,2400
2008-07-08,7.24,7.24,6.84,6.84,2600
2008-07-09,6.82,6.82,6.28,6.28,6300
2008-07-10,6.19,6.28,5.81,5.81,4000
2008-07-11,5.9,5.9,5.7,5.71,3200
2008-07-14,5.75,5.92,5.26,5.26,10200
2008-07-15,5.25,5.52,4.69,5.14,19000
2008-07-16,5.12,6.49,5.12,6.49,8600
2008-07-17,6.99,8.18,6.61,7.77,26800
2008-07-18,7.91,7.98,7.04,7.04,6900
2008-07-21,7,7.01,6.52,6.6,8900
2008-07-22,6.41,6.5,6.05,6.35,3600
2008-07-23,6.49,8.07,6.49,7.78,32100
2008-07-24,8,8,7.44,7.44,16400
2008-07-25,7.34,7.57,7.34,7.5,7300
2008-07-28,7.57,7.75,7.37,7.58,15300
2008-07-29,7.69,7.69,7.31,7.33,5500
2008-07-30,7.48,7.48,7.36,7.43,500
2008-07-31,7.4,7.51,7.4,7.51,8000
2008-08-01,7.69,7.93,7.65,7.93,2700
2008-08-04,7.99,7.99,7.26,7.68,30200
2008-08-05,7.78,8.3,7.78,8.3,10900
2008-08-06,8.27,8.45,8.27,8.4,37500
2008-08-07,8.47,8.47,8.28,8.29,12000
2008-08-08,8.29,8.3,8.25,8.25,22700
2008-08-11,8.15,8.15,8.15,8.15,4900
2008-08-12,8.15,8.23,8.15,8.23,5600
2008-08-13,8.13,8.13,7.29,7.86,3100
2008-08-14,7.65,8.15,7.52,7.79,14500
2008-08-15,7.64,7.83,7.34,7.82,4300
2008-08-18,7.76,8.13,7.75,8.13,5500
2008-08-19,8.27,8.35,8.27,8.35,4500
2008-08-20,8.35,8.35,7.75,8.15,7700
2008-08-21,8.16,8.16,8.15,8.15,1900
2008-08-22,8.15,8.15,8.08,8.14,2900
2008-08-25,8.02,8.02,7.85,8,1500
2008-08-26,7.8,7.8,7.59,7.59,3000
2008-08-27,7.58,7.58,7.52,7.52,1200
2008-08-28,7.52,7.52,7.52,7.52,100
2008-08-29,7.9,7.9,7.9,7.9,200
2008-09-02,8.01,8.15,7.98,7.99,6000
2008-09-03,8.05,8.05,7.94,7.94,2200
2008-09-04,8,8,7.9,7.94,5600
2008-09-05,7.92,7.95,7.92,7.95,900
2008-09-08,7.99,8,7.99,8,6100
2008-09-09,7.97,7.97,7.81,7.82,2700
2008-09-10,NA,NA,NA,7.82,0
2008-09-11,7.84,7.84,7.4,7.54,6200
2008-09-12,7.55,7.55,7.55,7.55,100
2008-09-15,7.41,7.49,7.33,7.48,3000
2008-09-16,7.6,7.6,7.42,7.42,2100
2008-09-17,7.45,7.45,6.77,6.77,10100
2008-09-18,6.76,6.87,6.16,6.16,8800
2008-09-19,6.75,7.29,6.75,6.85,7800
2008-09-22,6.52,6.7,6.5,6.65,6800
2008-09-23,6.64,6.84,6.3,6.65,6300
2008-09-24,6.8,7.25,6.8,7.24,4400
2008-09-25,7.12,7.12,6.75,7.11,3600
2008-09-26,6.83,7.03,6.83,7.03,1200
2008-09-29,7.12,7.18,6.99,6.99,2600
2008-09-30,6.83,7.9,6.78,7.74,11700
2008-10-01,7.83,7.83,6.66,7.5,12700
2008-10-02,7.49,7.49,6.51,6.51,3800
2008-10-03,6.69,7.06,6.69,6.95,4000
2008-10-06,NA,NA,NA,6.95,0
2008-10-07,7,7.3,6.81,6.81,4400
2008-10-08,6.7,7.04,6.7,6.96,3000
2008-10-09,6.78,7.03,6.61,6.61,1800
2008-10-10,6.24,6.59,6.14,6.59,5200
2008-10-13,6.93,6.93,5.61,5.61,4300
2008-10-14,6.41,7.08,5.78,7.07,5600
2008-10-15,7.35,7.8,6.1,7.8,12200
2008-10-16,7.89,7.89,6.19,7.1,21600
2008-10-17,6.93,7.2,6.35,7.11,4600
2008-10-20,7.37,7.38,6.44,7.04,22600
2008-10-21,7.04,7.04,6.03,6.5,9500
2008-10-22,6.52,6.99,6.03,6.74,10100
2008-10-23,6.51,6.68,6.45,6.68,1700
2008-10-24,5.88,6.6,5.88,6.39,10200
2008-10-27,6.79,6.79,6.12,6.12,10700
2008-10-28,6.42,6.53,6.09,6.5,7400
2008-10-29,NA,NA,NA,6.5,0
2008-10-30,6.42,6.54,6.4,6.54,800
2008-10-31,6.5,6.55,6.5,6.55,5700
2008-11-03,6.76,6.76,6.76,6.76,1200
2008-11-04,6.8,6.8,6.8,6.8,300
2008-11-05,6.7,7,6.7,7,1800
2008-11-06,6.8,6.85,6.68,6.82,4300
2008-11-07,6.82,6.82,6.78,6.78,2700
2008-11-10,6.97,7,6.97,7,1000
2008-11-11,7.06,7.61,6.72,6.72,3145
2008-11-12,7,7,6.75,6.94,1849
2008-11-13,6.95,6.95,6.5,6.76,2319
2008-11-14,6.2,6.2,6.2,6.2,312
2008-11-17,6.3,6.3,5.96,6.3,1938
2008-11-18,6,6.02,5.79,6.01,6405
2008-11-19,5.8,5.8,5.8,5.8,300
2008-11-20,5.88,5.88,5.7,5.7,2000
2008-11-21,5.55,5.55,4.91,4.91,8483
2008-11-24,4.85,5.05,4.85,5,3000
2008-11-25,4.77,5.09,4.56,4.74,5109
2008-11-26,4.51,4.8,4.2,4.67,3528
2008-11-28,4.99,4.99,4.2,4.8,4258
2008-12-01,4.6,4.6,4.32,4.55,4813
2008-12-02,4.26,4.31,3.8,3.85,7632
2008-12-03,3.85,4.13,3.75,3.99,10210
2008-12-04,3.91,3.91,3.91,3.91,1397
2008-12-05,3.9,4.14,3.65,3.91,13281
2008-12-08,4.09,4.2,4,4.2,6936
2008-12-09,4.09,4.2,4.09,4.2,5100
2008-12-10,4.1,4.25,4.1,4.25,850
2008-12-11,4.1,4.68,4.1,4.55,2550
2008-12-12,NA,NA,NA,4.55,0
2008-12-15,4.55,4.6,4.3,4.3,2378
2008-12-16,4.4,4.43,4.25,4.25,4966
2008-12-17,4.35,4.4,3.63,3.78,5277
2008-12-18,3.89,3.9,3.78,3.85,2003
2008-12-19,3.9,4,3.5,4,88434
2008-12-22,4,4,3.75,3.75,3310
2008-12-23,3.57,3.57,3.5,3.5,5446
2008-12-24,3.5,4.46,3.48,4.46,10451
2008-12-26,4.9,4.96,4.04,4.04,11002
2008-12-29,4.1,4.1,3.52,3.53,1855
2008-12-30,4,4.03,3.4,3.66,13352
2008-12-31,3.8,3.9,3.8,3.9,9871
2009-01-02,NA,NA,NA,3.9,0
2009-01-05,4.25,4.7,4.25,4.7,3000
2009-01-06,4.75,4.75,4.75,4.75,5600
2009-01-07,4.79,4.79,4.4,4.54,3021
2009-01-08,4.6,4.61,4.6,4.61,2000
2009-01-09,4.8,4.8,4.12,4.12,1045
2009-01-12,NA,NA,NA,4.12,0
2009-01-13,4.33,4.68,4.11,4.27,2400
2009-01-14,4.27,4.27,4.27,4.27,1600
2009-01-15,4.27,4.36,4.27,4.32,3301
2009-01-16,4.27,4.27,4.01,4.27,13340
2009-01-20,4.27,4.27,3.92,4.11,10188
2009-01-21,4.67,4.69,4,4,4605
2009-01-22,NA,NA,NA,4,0
2009-01-23,4.04,4.48,4.04,4.4,1000
2009-01-26,4.55,4.59,4.2,4.21,4299
2009-01-27,4.97,4.97,4.01,4.97,587
2009-01-28,4.05,4.48,4.05,4.48,400
2009-01-29,4.45,4.45,4.45,4.45,960
2009-01-30,4.25,4.5,4.25,4.27,4902
2009-02-02,4.25,4.25,3.85,3.86,2900
2009-02-03,3.84,3.95,3.8,3.95,7103
2009-02-04,3.95,3.95,3.45,3.45,4063
2009-02-05,3.5,3.5,3.5,3.5,300
2009-02-06,3.5,3.5,3.5,3.5,800
2009-02-09,3.53,3.6,3.5,3.6,300
2009-02-10,3.87,3.9,3.65,3.78,5652
2009-02-11,NA,NA,NA,3.78,0
2009-02-12,3.5,3.9,3.5,3.85,5413
2009-02-13,NA,NA,NA,3.85,0
2009-02-17,3.9,3.9,3.61,3.61,2401
2009-02-18,3.64,3.81,3.52,3.52,2088
2009-02-19,3.35,3.35,3.31,3.31,500
2009-02-20,3.25,3.25,2.77,3.24,5509
2009-02-23,3.14,3.8,2.99,3,6752
2009-02-24,3,3.06,2.87,3.06,11599
2009-02-25,3.01,3.72,3,3.71,9694
2009-02-26,3.68,3.68,3.05,3.07,7704
2009-02-27,3.06,3.06,2.45,2.45,3901
2009-03-02,2.32,2.32,2.31,2.32,27862
2009-03-03,2.32,2.75,2.04,2.62,10161
2009-03-04,2.55,2.6,2.5,2.5,3240
2009-03-05,2.25,2.5,2.08,2.11,17412
2009-03-06,2.48,2.75,2,2,10724
2009-03-09,2.47,2.47,1.95,1.95,42399
2009-03-10,2.1,2.1,1.75,1.8,6225
2009-03-11,2,2,1.9,1.9,1400
2009-03-12,2,2.24,1.75,2.2,9404
2009-03-13,2.2,2.55,2.2,2.25,2090
2009-03-16,2.45,2.55,2,2,1100
2009-03-17,1.95,2.86,1.75,2.01,1900
2009-03-18,2.03,2.03,2,2,4500
2009-03-19,2.32,2.32,2.05,2.05,900
2009-03-20,2.05,2.16,2.05,2.16,600
2009-03-23,2.05,2.28,2.05,2.25,1525
2009-03-24,2.33,2.35,2.3,2.3,1650
2009-03-25,2.44,2.6,2.44,2.6,2226
2009-03-26,2.43,3.19,2.43,3.19,3276
2009-03-27,2.8,2.84,2.8,2.81,1400
2009-03-30,NA,NA,NA,2.81,0
2009-03-31,3.16,3.19,2.8,2.8,1800
2009-04-01,2.8,2.8,2.55,2.56,1800
2009-04-02,3.25,3.25,2.57,2.57,14963
2009-04-03,2.76,2.79,2.59,2.79,3800
2009-04-06,2.66,2.66,2.57,2.57,1300
2009-04-07,2.58,2.58,2.58,2.58,400
2009-04-08,2.57,2.85,2.57,2.7,5646
2009-04-09,2.71,3.22,2.57,2.8,3400
2009-04-13,2.61,2.79,2.6,2.6,2138
2009-04-14,2.61,2.65,2.59,2.6,13854
2009-04-15,2.6,2.6,2.5,2.51,3818
2009-04-16,2.75,2.96,2.52,2.6,1000
2009-04-17,3.07,3.07,2.62,2.63,700
2009-04-20,2.75,3.22,2.53,2.91,2340
2009-04-21,2.91,2.91,2.67,2.83,1900
2009-04-22,2.39,2.8,2.29,2.51,1700
2009-04-23,2.74,2.74,2.17,2.65,71791
2009-04-24,2.65,2.75,2.5,2.6,3149
2009-04-27,2.55,2.59,2.35,2.35,1755
2009-04-28,2.45,2.64,2.3,2.36,5393
2009-04-29,2.5,2.53,2.47,2.49,5339
2009-04-30,NA,NA,NA,2.49,0
2009-05-01,2.5,2.55,2.35,2.51,4118
2009-05-04,2.35,2.47,2.03,2.24,6058
2009-05-05,2.46,2.5,2.2,2.2,3705
2009-05-06,2.2,2.5,2.2,2.47,5810
2009-05-07,3.04,3.04,2.57,2.64,3657
2009-05-08,2.68,3,2.68,2.99,3848
2009-05-11,2.72,3.09,2.5,2.5,4106
2009-05-12,3.06,3.11,2.5,2.69,1800
2009-05-13,2.68,2.81,2.46,2.46,3500
2009-05-14,2.59,2.84,2.59,2.61,2850
2009-05-15,2.76,2.92,2.61,2.7,3500
2009-05-18,2.5,2.78,2.5,2.73,2500
2009-05-19,2.73,2.73,2.3,2.3,401
2009-05-20,2.59,2.59,2.32,2.32,1000
2009-05-21,2.36,2.36,2.26,2.26,1300
2009-05-22,2.25,2.67,2.25,2.26,650
2009-05-26,2.36,2.68,2.31,2.52,2676
2009-05-27,2.5,2.63,2.33,2.6,5500
2009-05-28,2.6,2.62,2.39,2.39,3230
2009-05-29,2.39,2.5,2.1,2.5,17553
2009-06-01,2.26,2.26,2.18,2.22,2200
2009-06-02,NA,NA,NA,2.22,0
2009-06-03,2.32,2.32,2.25,2.25,902
2009-06-04,NA,NA,NA,2.25,0
2009-06-05,2.29,2.29,2.18,2.25,2700
2009-06-08,2.25,2.3,2.2,2.28,1960
2009-06-09,2.3,2.4,2.3,2.36,1363
2009-06-10,2.16,2.2,2,2.05,9801
2009-06-11,2.15,2.15,2.01,2.01,651
2009-06-12,2.07,2.07,2.07,2.07,696
2009-06-15,2.15,2.38,2.1,2.38,4700
2009-06-16,2.49,2.5,2.11,2.13,1191
2009-06-17,2.15,2.15,2.15,2.15,600
2009-06-18,2.09,2.1,1.9,1.9,12140
2009-06-19,1.93,2,1.92,1.93,5800
2009-06-22,2.39,2.5,2.38,2.4,9663
2009-06-23,2.04,2.3,2.04,2.3,1591
2009-06-24,2.03,2.22,1.87,1.87,1801
2009-06-25,2.28,2.29,2,2.14,2730
2009-06-26,2.11,2.11,1.87,1.87,875
2009-06-29,2.31,2.31,1.99,1.99,2630
2009-06-30,1.9,2.13,1.9,2.12,476
2009-07-01,1.95,2.3,1.95,1.95,1200
2009-07-02,2.06,2.06,1.87,1.87,1440
2009-07-06,1.93,2.33,1.87,2.32,4299
2009-07-07,1.84,2.26,1.84,1.95,7337
2009-07-08,1.97,2.16,1.87,1.87,4100
2009-07-09,1.84,2.13,1.84,1.96,4100
2009-07-10,2.05,2.05,1.8,1.87,1300
2009-07-13,1.81,2.25,1.74,1.84,12400
2009-07-14,1.85,1.87,1.8,1.8,3100
2009-07-15,1.85,1.99,1.85,1.85,1300
2009-07-16,1.86,1.98,1.8,1.98,2150
2009-07-17,1.86,2.1,1.86,2.08,5349
2009-07-20,2.1,2.1,1.94,2.03,3800
2009-07-21,NA,NA,NA,2.03,0
2009-07-22,2.07,2.07,1.95,1.99,3429
2009-07-23,1.96,2,1.91,1.91,1200
2009-07-24,1.9,1.95,1.9,1.9,1700
2009-07-27,2.09,2.09,1.8,2.04,4110
2009-07-28,2.02,2.02,1.84,1.84,318
2009-07-29,1.82,1.82,1.82,1.82,606
2009-07-30,1.81,2.1,1.78,2.1,2300
2009-07-31,2.05,2.05,1.88,1.88,1241
2009-08-03,2.05,2.05,1.88,1.88,390
2009-08-04,1.97,2.2,1.89,2.19,14480
2009-08-05,2.11,2.2,2.01,2.2,9150
2009-08-06,2.2,2.2,1.99,2.2,9500
2009-08-07,2.2,2.2,1.88,2.17,9850
2009-08-10,1.98,2.09,1.9,2.09,7150
2009-08-12,1.96,2.16,1.95,2.16,800
2009-08-13,2,2.3,2,2.3,2200
2009-08-14,2.07,2.16,1.95,2.05,2352
2009-08-17,2.1,2.1,1.95,1.95,582
2009-08-18,2.05,2.05,1.92,1.92,2076
2009-08-19,2.1,2.1,2.1,2.1,100
2009-08-20,1.96,2.05,1.91,2.05,1298
2009-08-21,2,2.02,1.93,2.02,3800
2009-08-24,NA,NA,NA,2.02,0
2009-08-25,1.95,1.95,1.93,1.93,1500
2009-08-26,1.92,1.95,1.82,1.92,7567
2009-08-27,1.9,2,1.85,2,2518
2009-08-28,1.85,2.1,1.82,2.1,12062
2009-08-31,2.1,2.1,1.91,1.92,1255
2009-09-01,1.98,2.06,1.9,2.02,3702
2009-09-02,1.91,1.94,1.9,1.94,19782
2009-09-03,1.9,1.9,1.9,1.9,300
2009-09-04,2,2,1.82,1.85,1640
2009-09-08,2.15,2.15,1.9,2.01,52542
2009-09-09,2.01,2.15,2.01,2.15,10700
2009-09-10,2.17,2.17,2.01,2.02,4668
2009-09-11,2.01,2.01,1.83,1.89,28761
2009-09-14,1.9,1.9,1.88,1.88,1793
2009-09-15,2.17,2.17,1.96,2.16,2514
2009-09-16,2.2,2.2,1.93,1.93,5325
2009-09-17,1.92,2.01,1.92,1.99,10272
2009-09-18,2.15,2.25,2,2.25,2894
2009-09-21,2.25,2.25,1.93,2,11909
2009-09-22,2.01,2.1,1.97,1.97,4388
2009-09-23,1.95,1.95,1.92,1.92,3100
2009-09-24,2,2.14,2,2.14,1650
2009-09-25,2.14,2.14,2,2,7300
2009-09-28,2,2,1.93,2,2500
2009-09-29,NA,NA,NA,2,0
2009-09-30,2.01,2.01,1.98,2,5960
2009-10-01,2.16,2.17,2.01,2.01,1389
2009-10-02,1.97,1.97,1.88,1.89,1200
2009-10-05,1.91,1.91,1.9,1.9,800
2009-10-06,1.95,1.95,1.87,1.88,2642
2009-10-07,1.95,2,1.88,1.88,800
2009-10-08,1.99,1.99,1.87,1.87,700
2009-10-09,1.99,2,1.88,1.88,2000
2009-10-12,1.88,1.95,1.88,1.95,300
2009-10-13,1.99,1.99,1.95,1.95,2300
2009-10-14,1.95,1.95,1.9,1.9,300
2009-10-15,1.97,1.97,1.9,1.9,471
2009-10-16,1.99,1.99,1.92,1.92,1320
2009-10-19,NA,NA,NA,1.92,0
2009-10-20,1.88,1.9,1.88,1.88,972
2009-10-21,1.88,1.97,1.88,1.97,1621
2009-10-22,1.9,1.9,1.86,1.86,600
2009-10-23,1.85,1.92,1.83,1.92,518
2009-10-26,1.96,1.96,1.9,1.9,1600
2009-10-27,1.9,1.9,1.9,1.9,1400
2009-10-28,1.82,1.82,1.7,1.7,4500
2009-10-29,1.66,1.82,1.63,1.63,2620
2009-10-30,1.62,1.75,1.38,1.45,19187
2009-11-02,1.45,1.62,1.35,1.45,8054
2009-11-03,1.34,1.57,1.32,1.36,6280
2009-11-04,1.39,1.39,1.29,1.29,6384
2009-11-05,1.29,1.4,1.25,1.26,7429
2009-11-06,1.34,1.68,1.34,1.55,7896
2009-11-09,1.6,1.72,1.5,1.72,13931
2009-11-10,1.72,1.72,1.41,1.41,15800
2009-11-11,1.4,1.56,1.28,1.55,25134
2009-11-12,1.59,1.59,1.31,1.43,11403
2009-11-13,1.45,1.45,1.3,1.35,3559
2009-11-16,1.32,1.32,1.28,1.28,1400
2009-11-17,1.29,1.29,1.28,1.28,1500
2009-11-18,1.41,1.41,1.26,1.35,2984
2009-11-19,NA,NA,NA,1.35,0
2009-11-20,1.36,1.38,1.35,1.35,1100
2009-11-23,1.39,1.39,1.3,1.3,700
2009-11-24,1.35,1.35,1.3,1.3,892
2009-11-25,1.31,1.41,1.3,1.4,3336
2009-11-27,1.4,1.65,1.4,1.6,4439
2009-11-30,1.73,1.84,1.6,1.6,8105
2009-12-01,1.6,1.6,1.41,1.41,14690
2009-12-02,1.51,1.55,1.47,1.55,1800
2009-12-03,1.67,1.69,1.67,1.67,1410
2009-12-04,1.71,1.73,1.67,1.71,5800
2009-12-07,1.6,1.66,1.59,1.66,400
2009-12-08,1.6,1.61,1.4,1.4,4496
2009-12-09,1.51,1.66,1.4,1.66,4354
2009-12-10,NA,NA,NA,1.66,0
2009-12-11,1.54,1.54,1.44,1.44,996
2009-12-14,1.54,1.54,1.32,1.32,14920
2009-12-15,1.43,1.74,1.34,1.72,13775
2009-12-16,1.62,1.68,1.55,1.59,4522
2009-12-17,1.66,1.84,1.58,1.59,11775
2009-12-18,1.66,1.66,1.46,1.46,2609
2009-12-21,1.41,1.5,1.4,1.45,15779
2009-12-22,1.48,1.57,1.45,1.5,2528
2009-12-23,1.51,1.66,1.45,1.45,17043
2009-12-24,1.55,1.55,1.41,1.42,3195
2009-12-28,1.55,1.55,1.41,1.42,1800
2009-12-29,1.42,1.43,1.3,1.3,39547
2009-12-30,1.37,1.46,1.3,1.41,75521
2009-12-31,1.5,1.61,1.41,1.51,58000
2010-01-04,1.6,1.63,1.5,1.51,1675
2010-01-05,1.5,1.67,1.5,1.5,5421
2010-01-06,1.49,1.49,1.37,1.38,2600
2010-01-07,1.38,1.42,1.18,1.36,42294
2010-01-08,1.36,1.41,1.26,1.35,16840
2010-01-11,1.49,1.55,1.26,1.33,20575
2010-01-12,1.33,1.49,1.33,1.38,8385
2010-01-13,1.36,1.36,1.35,1.36,1425
2010-01-14,1.48,1.49,1.35,1.49,3400
2010-01-15,1.48,1.5,1.38,1.38,5435
2010-01-19,1.36,1.45,1.28,1.45,6970
2010-01-20,1.5,1.5,1.31,1.38,7417
2010-01-21,1.4,1.42,1.38,1.38,3346
2010-01-22,1.49,1.49,1.35,1.36,3300
2010-01-25,1.46,1.52,1.37,1.51,25438
2010-01-26,1.5,1.5,1.4,1.42,16700
2010-01-27,1.49,1.5,1.42,1.5,15049
2010-01-28,1.5,1.5,1.42,1.49,13622
2010-01-29,1.5,1.51,1.43,1.5,16070
2010-02-01,1.5,1.6,1.41,1.5,6431
2010-02-02,1.61,1.61,1.44,1.47,1562
2010-02-03,1.5,1.54,1.43,1.5,1800
2010-02-04,1.45,1.5,1.44,1.44,2000
2010-02-05,1.43,1.5,1.41,1.42,6300
2010-02-08,1.46,1.5,1.43,1.5,400
2010-02-09,1.44,1.44,1.44,1.44,1900
2010-02-10,1.49,1.5,1.42,1.42,1520
2010-02-11,1.49,1.49,1.43,1.45,8849
2010-02-12,1.44,1.49,1.44,1.45,1200
2010-02-16,1.48,1.5,1.44,1.45,5740
2010-02-17,1.55,1.61,1.43,1.5,2365
2010-02-18,1.49,1.58,1.49,1.5,3250
2010-02-19,1.54,1.54,1.42,1.5,900
2010-02-22,NA,NA,NA,1.5,0
2010-02-23,1.5,1.5,1.5,1.5,2355
2010-02-24,1.6,1.61,1.51,1.53,6216
2010-02-25,1.51,1.51,1.5,1.5,693
2010-02-26,1.51,1.61,1.5,1.61,1200
2010-03-01,1.61,1.72,1.56,1.6,4554
2010-03-02,1.7,1.7,1.62,1.62,300
2010-03-03,1.64,1.75,1.64,1.7,7500
2010-03-04,1.78,1.82,1.7,1.82,4942
2010-03-05,1.83,1.88,1.71,1.71,6898
2010-03-08,1.72,1.8,1.72,1.72,800
2010-03-09,1.72,1.74,1.71,1.72,1809
2010-03-10,1.74,1.75,1.74,1.75,3950
2010-03-11,1.8,1.85,1.75,1.85,5600
2010-03-12,1.91,1.92,1.79,1.81,9968
2010-03-15,1.83,1.85,1.81,1.85,2900
2010-03-16,1.8,1.91,1.8,1.9,4279
2010-03-17,1.82,2.27,1.81,2.2,5260
2010-03-18,2.2,2.2,2.05,2.05,1320
2010-03-19,2.04,2.2,1.88,2.2,1166
2010-03-22,2.14,2.14,1.94,1.96,2949
2010-03-23,1.95,2.2,1.95,2.07,3145
2010-03-24,2.07,2.19,1.94,1.95,750
2010-03-25,2.19,2.25,2.01,2.11,4000
2010-03-26,2.24,2.25,1.9,1.91,10396
2010-03-29,1.96,2.1,1.93,2.01,3343
2010-03-30,2,2.38,1.99,2.12,13009
2010-03-31,2.24,2.77,2.24,2.5,30277
2010-04-05,3.1,3.46,2.75,3.32,29692
2010-04-06,3.39,3.98,3.39,3.98,26258
2010-04-07,4,4.05,3.85,4.04,71330
2010-04-08,4.1,4.1,4,4.1,6968
2010-04-09,4.25,4.25,4.11,4.2,31292
2010-04-12,3.98,4.18,3.9,4.18,17298
2010-04-13,4.09,4.09,3.65,3.65,25737
2010-04-14,3.67,3.7,3.11,3.15,47356
2010-04-15,3.18,3.3,3.16,3.2,7134
2010-04-16,3.14,3.3,3.03,3.14,5561
2010-04-19,3.34,3.34,3.07,3.2,7627
2010-04-20,3.16,3.28,3,3.06,14983
2010-04-21,2.98,2.98,2.75,2.89,22986
2010-04-22,2.84,3.5,2.84,3.33,8908
2010-04-23,3.33,3.33,3.1,3.3,5898
2010-04-26,3.33,3.6,3.21,3.28,33721
2010-04-27,3.21,3.25,3.15,3.16,3501
2010-04-28,3.12,3.15,2.76,2.84,9230
2010-04-29,2.91,3.09,2.75,2.91,7227
2010-04-30,2.96,3.05,2.75,2.75,14109
2010-05-03,2.75,2.8,2.75,2.75,4369
2010-05-04,2.61,2.74,2.58,2.73,7231
2010-05-05,2.66,2.66,2.6,2.6,640
2010-05-06,2.51,2.6,2.5,2.5,2800
2010-05-07,2.45,2.6,2.28,2.59,10141
2010-05-10,2.82,3.02,2.79,2.88,5096
2010-05-11,3,3.2,2.95,2.95,4577
2010-05-12,2.68,3.11,2.68,2.95,1200
2010-05-13,3,3,2.9,2.94,1600
2010-05-14,2.9,3.19,2.9,3.14,10854
2010-05-17,3.3,3.3,3.06,3.15,8164
2010-05-18,3.3,3.3,3.29,3.29,2100
2010-05-19,3.24,3.29,2.91,2.91,3260
2010-05-20,2.88,3,2.78,2.8,2065
2010-05-21,2.87,3.03,2.87,2.91,1356
2010-05-24,3.1,3.1,2.79,2.9,7131
2010-05-25,2.62,2.75,2.4,2.72,6602
2010-05-26,2.66,2.77,2.5,2.5,4303
2010-05-27,3.09,3.09,2.82,3.04,3715
2010-05-28,3,3.22,2.95,2.95,42550
2010-06-01,3.02,3.02,2.9,2.95,4171
2010-06-02,3,3.34,3,3.34,10532
2010-06-03,3.41,3.46,3.41,3.45,1794
2010-06-04,3.4,3.4,3.2,3.2,2941
2010-06-07,3.14,3.14,2.95,2.96,11579
2010-06-08,2.96,3.14,2.91,3.13,5118
2010-06-09,2.86,3.02,2.85,3,3983
2010-06-10,3.14,3.14,3,3,5450
2010-06-11,3.01,3.01,3.01,3.01,150
2010-06-14,3,3.1,3,3,6471
2010-06-15,3.13,3.14,3.13,3.14,1000
2010-06-16,3.04,3.04,3,3,1118
2010-06-17,3.15,3.5,3.15,3.35,17582
2010-06-18,3.51,3.53,3.25,3.4,3347
2010-06-21,3.4,3.4,3.18,3.2,3982
2010-06-22,3.15,3.29,2.95,3,22095
2010-06-23,3.06,3.06,2.9,2.9,8964
2010-06-24,2.95,3,2.79,2.95,5145
2010-06-25,3,3,2.95,3,23639
2010-06-28,2.95,2.95,2.91,2.94,746
2010-06-29,NA,NA,NA,2.94,0
2010-06-30,2.99,2.99,2.99,2.99,1458
2010-07-01,3.01,3.01,3.01,3.01,100
2010-07-02,2.98,3.02,2.98,3,500
2010-07-06,2.95,2.95,2.7,2.7,32800
2010-07-07,2.7,2.7,2.5,2.63,2598
2010-07-08,NA,NA,NA,2.63,0
2010-07-09,2.63,2.7,2.56,2.64,4027
2010-07-12,2.51,2.55,2.5,2.55,4022
2010-07-13,NA,NA,NA,2.55,0
2010-07-14,NA,NA,NA,2.55,0
2010-07-15,2.65,2.65,2.51,2.51,4800
2010-07-16,2.59,2.75,2.59,2.65,10657
2010-07-19,2.65,2.65,2.65,2.65,100
2010-07-20,2.63,2.63,2.63,2.63,200
2010-07-21,2.62,2.62,2.46,2.46,3149
2010-07-22,NA,NA,NA,2.46,0
2010-07-23,2.39,2.44,2.39,2.44,1200
2010-07-26,2.48,2.48,2.36,2.37,2147
2010-07-27,2.37,2.48,2.37,2.45,6833
2010-07-28,2.4,2.4,2.39,2.39,2200
2010-07-29,2.39,2.39,2.15,2.15,12691
2010-07-30,2.06,2.45,2.06,2.11,3772
2010-08-02,2.38,2.38,2.02,2.02,1600
2010-08-03,2.02,2.1,2.02,2.05,1900
2010-08-04,2.15,2.21,2.14,2.21,5646
2010-08-05,NA,NA,NA,2.2,0
2010-08-06,NA,NA,NA,2.2,0
2010-08-09,2.2,2.24,2.16,2.2,6925
2010-08-10,NA,NA,NA,2.2,0
2010-08-11,NA,NA,NA,2.2,0
2010-08-12,NA,NA,NA,2.2,0
2010-08-13,NA,NA,NA,2.2,0
2010-08-16,2.34,2.5,2.07,2.41,3913
2010-08-17,2.41,2.65,2.24,2.41,16229
2010-08-18,2.42,2.59,2.23,2.55,4967
2010-08-19,2.5,2.6,2.5,2.55,6300
2010-08-20,2.25,2.5,2.25,2.3,1922
2010-08-23,NA,NA,NA,2.31,0
2010-08-24,NA,NA,NA,2.31,0
2010-08-25,2.3,2.35,2.05,2.35,6438
2010-08-26,2.34,2.4,2.34,2.4,2832
2010-08-27,2.62,2.62,2.4,2.4,2992
2010-08-30,2.4,2.4,2.4,2.4,200
2010-08-31,2.4,2.4,2.39,2.4,4207
2010-09-01,2.35,2.4,2.26,2.4,500
2010-09-02,NA,NA,NA,2.4,0
2010-09-07,2.4,2.43,2.35,2.43,2324
2010-09-08,2.27,2.39,2.1,2.29,8705
2010-09-09,2.3,2.3,2.25,2.27,9137
2010-09-10,2.18,2.38,2.17,2.3,6347
2010-09-13,2.32,2.35,2.32,2.35,20200
2010-09-14,2.38,2.4,2.35,2.4,12513
2010-09-15,2.23,2.4,1.88,2.33,10564
2010-09-16,2.39,2.4,2.19,2.4,8735
2010-09-17,2.4,2.4,2.19,2.2,5301
2010-09-20,2.2,2.23,2.2,2.2,1521
2010-09-21,2.2,2.2,2.2,2.2,100
2010-09-22,2.19,2.2,1.99,2.01,4973
2010-09-23,2.01,2.01,1.93,1.93,800
2010-09-24,2.05,2.05,2.01,2.01,15265
2010-09-27,1.96,1.96,1.84,1.84,5538
2010-09-28,1.84,1.84,1.84,1.84,200
2010-09-29,1.85,1.85,1.85,1.85,200
2010-09-30,1.85,2,1.69,1.9,6300
2010-10-01,NA,NA,NA,1.82,0
2010-10-05,1.94,1.94,1.75,1.93,4996
2010-10-06,1.84,1.84,1.79,1.81,2046
2010-10-07,1.76,1.76,1.57,1.63,6687
2010-10-08,1.63,1.76,1.58,1.6,5880
2010-10-11,1.57,1.6,1.57,1.6,924
2010-10-12,1.53,1.6,1.53,1.53,2300
2010-10-13,1.53,1.55,1.35,1.35,20142
2010-10-14,1.35,1.4,1.31,1.4,14332
2010-10-15,1.4,1.4,1.27,1.27,16893
2010-10-18,1.27,1.29,1.08,1.1,42399
2010-10-19,1.11,1.35,1.11,1.35,40461
2010-10-20,1.4,1.72,1.4,1.72,38126
2010-10-21,1.55,1.7,1.5,1.54,3636
2010-10-22,1.54,1.54,1.46,1.5,2650
2010-10-25,1.5,1.53,1.27,1.35,8328
2010-10-26,1.35,1.35,1.3,1.3,1200
2010-10-27,1.3,1.4,1.3,1.36,2853
2010-10-28,1.41,1.41,1.4,1.4,1196
2010-10-29,1.36,1.7,1.36,1.69,16073
2010-11-01,1.69,1.69,1.55,1.65,5086
2010-11-02,1.69,1.69,1.45,1.45,4463
2010-11-03,1.51,1.51,1.39,1.5,16350
2010-11-04,1.55,1.68,1.48,1.55,10887
2010-11-05,1.69,1.7,1.5,1.6,12376
2010-11-08,1.5,1.68,1.5,1.5,14408
2010-11-09,1.41,1.69,1.38,1.39,3100
2010-11-10,1.4,1.4,1.4,1.4,100
2010-11-11,1.42,1.6,1.23,1.25,18347
2010-11-12,1.32,1.32,1.22,1.23,4360
2010-11-15,1.25,1.26,1.23,1.23,24870
2010-11-16,1.23,1.48,1.23,1.48,8462
2010-11-17,1.72,1.72,1.41,1.5,36824
2010-11-18,1.51,1.51,1.4,1.44,500
2010-11-19,1.48,1.49,1.46,1.46,2253
2010-11-22,1.51,1.51,1.35,1.36,10740
2010-11-23,1.38,1.38,1.26,1.27,14062
2010-11-24,NA,NA,NA,1.36,0
2010-11-26,1.5,2,1.5,1.64,27743
2010-11-29,1.74,1.74,1.49,1.67,14573
2010-11-30,1.6,1.61,1.51,1.59,6484
2010-12-01,1.8,1.8,1.48,1.56,7282
2010-12-02,1.79,1.79,1.74,1.74,2400
2010-12-03,1.71,1.71,1.6,1.66,8841
2010-12-06,1.73,1.81,1.6,1.71,10959
2010-12-07,1.71,1.78,1.6,1.76,6357
2010-12-08,1.63,1.78,1.59,1.59,6609
2010-12-09,1.73,1.78,1.72,1.78,6472
2010-12-10,1.83,1.97,1.63,1.7,23850
2010-12-13,1.65,1.78,1.62,1.63,8190
2010-12-14,1.65,1.65,1.65,1.65,460
2010-12-15,1.69,1.69,1.66,1.66,6305
2010-12-16,1.68,1.7,1.6,1.6,5100
2010-12-17,1.65,1.65,1.53,1.53,5866
2010-12-20,1.5,1.7,1.45,1.6,13195
2010-12-21,1.7,2,1.58,1.79,17515
2010-12-22,1.79,1.96,1.79,1.87,4304
2010-12-23,NA,NA,NA,1.87,0
2010-12-27,1.9,1.9,1.89,1.89,1131
2010-12-28,1.9,1.9,1.78,1.81,11702
2010-12-29,1.82,1.82,1.5,1.69,11583
2010-12-30,1.65,1.71,1.65,1.71,3450
2010-12-31,1.71,1.8,1.71,1.75,2985
2011-01-03,1.75,1.85,1.75,1.85,650
2011-01-04,1.88,1.89,1.83,1.83,2228
2011-01-05,1.77,1.9,1.76,1.76,16249
2011-01-06,1.76,1.76,1.76,1.76,245
2011-01-07,1.85,1.9,1.85,1.9,13544
2011-01-10,1.85,1.85,1.79,1.85,11571
2011-01-11,1.77,1.85,1.77,1.8,1400
2011-01-12,1.76,1.85,1.76,1.78,18703
2011-01-13,1.8,1.8,1.7,1.7,2400
2011-01-14,NA,NA,NA,1.63,0
2011-01-18,NA,NA,NA,1.59,0
2011-01-20,1.54,1.8,1.48,1.8,22571
2011-01-21,1.81,2.19,1.81,2.02,70709
2011-01-24,2.02,2.02,1.9,1.95,8158
2011-01-25,1.92,1.94,1.91,1.94,7667
2011-01-26,1.95,1.98,1.95,1.98,400
2011-01-27,1.93,1.93,1.93,1.93,1090
2011-01-28,1.93,1.93,1.85,1.88,3199
2011-01-31,1.89,2.02,1.89,2.01,6113
2011-02-01,1.89,2,1.89,1.99,11486
2011-02-02,1.99,1.99,1.9,1.92,1200
2011-02-03,NA,NA,NA,1.87,0
2011-02-04,9,10.05,9,10.05,9692
2011-02-07,10.1,10.25,10.1,10.25,20157
2011-02-08,10.1,10.25,10.1,10.16,5437
2011-02-09,10.1,10.12,10.1,10.1,10646
2011-02-10,10.11,10.15,10.1,10.1,16320
2011-02-11,10.1,10.1,10,10,9398
2011-02-14,10.1,10.25,10.06,10.25,7321
2011-02-15,10.16,10.25,10.1,10.18,1505
2011-02-16,10.2,10.2,10.1,10.1,1056
2011-02-17,10.11,10.11,10.1,10.11,413
2011-02-18,10.15,10.16,10.15,10.15,1207
2011-02-22,10.15,10.25,10.15,10.25,19127
2011-02-23,10.2,10.25,10.18,10.2,4200
2011-02-24,10.16,10.25,10.16,10.25,3200
2011-02-25,10.2,10.44,10.2,10.37,4198
2011-02-28,10.2,10.44,10.2,10.44,26185
2011-03-01,10.4,10.4,10.25,10.25,2128
2011-03-02,10.25,10.25,10.25,10.25,875
2011-03-03,10.4,10.4,10.25,10.25,624
2011-03-04,10.26,10.26,10.2,10.2,1099
2011-03-07,10.25,10.25,10.25,10.25,900
2011-03-08,10.36,10.36,10.25,10.25,3255
2011-03-09,10.35,10.35,10.14,10.14,1209
2011-03-10,10.33,10.33,10.33,10.33,295
2011-03-11,10.32,10.32,10.32,10.32,194
2011-03-14,10.16,10.16,10.14,10.14,980
2011-03-15,9.58,10.25,9.58,10.25,3897
2011-03-16,10.01,10.01,10.01,10.01,1800
2011-03-17,9.95,10.05,9.95,10.05,300
2011-03-18,NA,NA,NA,9.99,0
2011-03-21,9.73,10,9.73,10,1879
2011-03-22,9.98,9.98,9.98,9.98,100
2011-03-23,9.74,9.74,9.72,9.72,898
2011-03-24,9.62,9.68,9.61,9.68,803
2011-03-25,9.75,9.75,9.75,9.75,300
2011-03-28,9.84,10.01,9.79,10,5789
2011-03-30,9.97,9.97,9.97,9.97,100
2011-03-31,9.95,9.95,9.95,9.95,300
2011-04-01,10.06,10.07,9.95,9.99,5401
2011-04-04,9.97,9.98,9.97,9.98,3000
2011-04-05,9.82,9.86,9.82,9.86,600
2011-04-06,9.89,9.9,9.89,9.9,5000
2011-04-07,9.8,9.8,9.8,9.8,5100
2011-04-08,9.8,9.8,9.75,9.77,5838
2011-04-11,9.75,9.8,9.75,9.8,8707
2011-04-12,9.73,9.74,9.7,9.74,5571
2011-04-15,9.71,9.71,9.7,9.71,694
2011-04-18,9.75,9.79,9.71,9.79,2700
2011-04-21,9.79,9.8,9.71,9.71,513
2011-04-26,9.77,9.77,9.71,9.71,844
2011-04-27,9.65,9.66,9.64,9.64,2300
2011-04-28,9.87,9.87,9.65,9.75,1525
2011-04-29,9.78,9.79,9.78,9.79,200
2011-05-02,9.75,9.75,9.75,9.75,119
2011-05-04,9.7,9.7,9.69,9.7,2100
2011-05-05,9.73,9.73,9.72,9.73,5903
2011-05-06,9.8,9.8,9.74,9.74,217
2011-05-09,9.73,9.79,9.7,9.73,488
2011-05-10,9.7,9.75,9.68,9.68,2200
2011-05-11,9.73,9.73,9.73,9.73,1000
2011-05-12,9.79,9.79,9.79,9.79,200
2011-05-13,9.73,9.73,9.7,9.73,2948
2011-05-16,9.55,9.73,9.5,9.5,5986
2011-05-17,9.47,9.47,9.25,9.25,2213
2011-05-18,9.26,9.26,9.26,9.26,800
2011-05-19,9.25,9.25,9.15,9.15,1477
2011-05-20,9.08,9.11,9.01,9.02,2612
2011-05-23,9,9,8.61,8.61,1100
2011-05-24,8.54,8.54,7.16,8.03,11638
2011-05-25,7.51,8.25,7.4,7.95,13437
2011-05-26,7.94,7.94,7.56,7.78,2955
2011-05-27,7.57,7.74,7.26,7.73,9671
2011-05-31,7.97,7.98,7.5,7.89,2988
2011-06-01,7.79,7.94,7.29,7.37,11003
2011-06-02,7.49,7.5,7.27,7.36,2213
2011-06-03,7.2,7.4,7.15,7.28,4500
2011-06-06,7.18,7.18,7.15,7.18,200
2011-06-07,7.39,7.69,7.2,7.2,1734
2011-06-08,7.2,7.2,7.2,7.2,212
2011-06-09,NA,NA,NA,7.19,0
2011-06-13,7.12,7.28,7.1,7.15,2703
2011-06-14,7.23,7.23,7.23,7.23,100
2011-06-15,7.05,7.05,7,7,2299
2011-06-16,6.93,6.93,6.84,6.89,5362
2011-06-17,6.89,6.98,6.77,6.98,6600
2011-06-20,6.98,6.98,6.98,6.98,100
2011-06-23,6.91,6.95,6.75,6.75,1042
2011-06-24,6.92,6.92,6.92,6.92,100
2011-06-27,NA,NA,NA,6.9,0
2011-06-28,6.77,6.97,6.77,6.96,700
2011-06-29,6.98,6.98,6.84,6.85,1958
2011-06-30,6.85,6.85,6.75,6.82,2241
2011-07-01,6.75,6.75,6.55,6.64,1505
2011-07-05,6.61,6.8,6.5,6.6,7324
2011-07-06,6.6,6.66,6.5,6.6,10000
2011-07-07,6.61,6.64,6.51,6.64,6280
2011-07-08,6.42,6.45,6.26,6.35,9416
2011-07-11,6.4,6.45,6.25,6.3,4735
2011-07-14,6.27,6.27,6.27,6.27,100
2011-07-15,6.25,6.27,6.25,6.27,382
2011-07-21,6.34,6.34,6.34,6.34,340
2011-07-22,6.21,6.35,6.2,6.35,1388
2011-07-25,6.2,6.24,6.2,6.2,1882
2011-07-26,6.13,6.13,6.13,6.13,100
2011-07-27,6.05,6.05,6,6,1973
2011-07-28,6.03,6.03,5.67,5.67,300
2011-07-29,5.46,5.5,5.46,5.46,4079
2011-08-01,5.47,6.13,5.2,6.03,9035
2011-08-02,5.98,5.58,5.14,5.41,15624
2011-08-03,5.62,5.79,5.02,5.54,16353
2011-08-04,5.41,5.75,5.17,5.2,11408
2011-08-05,5.39,5.4,4.65,5.07,8197
2011-08-08,5.03,5.28,4.68,5,3564
2011-08-09,4.95,4.95,3.78,4.38,8678
2011-08-10,3.69,4.98,3.51,4.98,12707
2011-08-11,4.9,5,4.63,4.63,1897
2011-08-12,4.93,4.93,4.31,4.75,4500
2011-08-15,4.45,4.68,3.45,3.8,14167
2011-08-16,3.95,3.95,3.75,3.75,1900
2011-08-17,3.59,4.28,3.59,3.6,5402
2011-08-18,3.59,3.86,3.3,3.61,6932
2011-08-19,3.62,3.93,3.46,3.64,8133
2011-08-22,3.7,3.7,3.23,3.33,4300
2011-08-23,3.23,3.74,3.07,3.35,7704
2011-08-24,3.26,3.5,2.91,2.91,7840
2011-08-25,2.97,3.02,2.96,2.97,500
2011-08-26,2.93,3,2.65,2.77,10622
2011-08-29,2.76,2.85,2.72,2.74,3300
2011-08-30,2.64,2.64,2.22,2.3,8673
2011-08-31,2.35,2.67,2.35,2.45,13720
2011-09-01,2.46,2.9,2.45,2.78,23035
2011-09-02,2.71,2.95,2.6,2.69,13261
2011-09-06,2.55,2.62,2.38,2.48,7020
2011-09-07,2.55,2.69,2.52,2.63,6882
2011-09-08,2.65,2.74,2.6,2.6,8695
2011-09-09,2.63,2.69,2.46,2.46,5900
2011-09-12,2.43,2.6,2.36,2.42,15165
2011-09-13,2.27,2.5,2.27,2.48,30122
2011-09-14,2.55,2.71,2.55,2.69,2344
2011-09-15,2.75,3.01,2.75,2.99,10798
2011-09-16,3.1,3.1,2.55,2.55,9756
2011-09-19,2.55,2.65,2.47,2.47,3404
2011-09-20,2.5,2.56,2.5,2.56,2600
2011-09-21,2.55,2.55,2.55,2.55,4504
2011-09-22,2.54,2.56,2.37,2.41,2985
2011-09-23,2.4,2.59,2.4,2.59,500
2011-09-26,2.5,2.5,2.34,2.4,2800
2011-09-27,2.36,2.48,2.36,2.36,5300
2011-09-29,2.35,2.35,2.2,2.2,2388
2011-09-30,2.15,2.15,2.01,2.01,3139
2011-10-03,2.07,2.07,2.01,2.01,476
2011-10-04,2,2.13,2,2.1,3951
2011-10-05,2.08,2.39,2.08,2.15,5102
2011-10-06,2.13,2.15,2.06,2.06,2210
2011-10-07,2.1,2.1,2,2,2368
2011-10-10,2.1,2.12,2.1,2.1,1615
2011-10-11,2.05,2.05,2.05,2.05,2000
2011-10-12,2.01,2.1,2,2.1,2699
2011-10-13,2.09,2.09,2,2.02,1502
2011-10-14,2.02,2.02,1.99,2,400
2011-10-17,1.93,2,1.93,2,413
2011-10-18,1.92,1.92,1.75,1.75,500
2011-10-19,1.92,1.95,1.9,1.9,2306
2011-10-21,1.86,2.03,1.8,1.9,14919
2011-10-24,1.86,1.9,1.86,1.9,900
2011-10-25,1.86,1.86,1.8,1.8,2968
2011-10-26,1.8,1.8,1.8,1.8,700
2011-10-27,1.79,1.79,1.68,1.68,4941
2011-10-28,1.6,1.62,1.21,1.32,88431
2011-10-31,1.84,1.84,1.37,1.38,22478
2011-11-01,1.38,1.47,1.33,1.41,6085
2011-11-02,1.35,1.35,1.23,1.23,4975
2011-11-03,1.27,1.27,1.22,1.22,5928
2011-11-04,1.25,1.38,1.21,1.25,10293
2011-11-07,1.25,1.3,1.1,1.18,16541
2011-11-08,1.17,1.21,1.05,1.14,6696
2011-11-09,1.12,1.35,1.12,1.25,9561
2011-11-10,1.22,1.22,1.19,1.2,1890
2011-11-11,1.14,1.15,1.05,1.15,4740
2011-11-14,1.14,1.15,1.1,1.1,6003
2011-11-15,1.11,1.11,1.05,1.09,4758
2011-11-16,1.09,1.09,1.05,1.05,3538
2011-11-17,1.05,1.09,1.05,1.05,2500
2011-11-18,1.06,1.06,1.02,1.04,2927
2011-11-21,1.02,1.02,1.01,1.01,5362
2011-11-22,1.01,1.01,0.96,0.96,741
2011-11-23,1,1,0.92,0.92,4204
2011-11-25,0.99,0.99,0.87,0.87,615
2011-11-28,0.98,1.3,0.98,1.2,22127
2011-11-29,1.3,1.3,1.15,1.2,11929
2011-11-30,1.19,1.27,1.01,1.01,11027
2011-12-01,1.11,1.25,1.05,1.17,12082
2011-12-02,1.25,1.78,1.2,1.75,35341
2011-12-05,1.75,2.67,1.75,2.54,147059
2011-12-06,2.55,3.09,1.8,2.15,79271
2011-12-07,2.01,2.12,1.75,2.01,11976
2011-12-08,2.11,2.25,2,2.2,62985
2011-12-09,2.25,2.38,2.25,2.38,96947
2011-12-12,2.37,2.37,2.01,2.24,9752
2011-12-13,2.24,2.3,2.02,2.12,10836
2011-12-14,2.3,2.3,1.89,1.89,16931
2011-12-15,1.96,1.96,1.72,1.72,12024
2011-12-16,1.79,1.86,1.6,1.6,19955
2011-12-19,1.88,1.96,1.69,1.96,15314
2011-12-20,1.96,1.96,1.79,1.9,8691
2011-12-21,1.76,1.91,1.76,1.81,9055
2011-12-22,1.82,1.9,1.64,1.76,15465
2011-12-23,1.69,1.73,1.69,1.73,1530
2011-12-27,1.63,1.7,1.63,1.63,3404
2011-12-28,1.68,1.78,1.68,1.7,26682
2011-12-29,1.77,2.49,1.77,2.49,62410
2011-12-30,2.93,3.44,2.49,2.85,65906
2012-01-03,3.07,3.19,2.89,2.89,44488
2012-01-04,2.9,2.9,2.25,2.5,23349
2012-01-05,2.33,2.4,2.23,2.24,15989
2012-01-06,2.36,2.75,2.36,2.65,11219
2012-01-09,2.55,2.6,2.17,2.18,15541
2012-01-10,2.26,2.5,2.18,2.5,25268
2012-01-11,2.5,2.59,2.3,2.39,14664
2012-01-12,2.25,2.41,2.24,2.25,5614
2012-01-13,2.26,2.46,2.25,2.46,4200
2012-01-17,2.31,2.33,2.31,2.33,5886
2012-01-18,2.32,2.55,2.32,2.54,6270
2012-01-19,2.53,2.59,2.32,2.36,7250
2012-01-20,2.38,2.38,2.31,2.31,2900
2012-01-23,2.34,2.5,2.32,2.32,5428
2012-01-24,2.47,2.47,2.34,2.37,5550
2012-01-25,2.41,2.5,2.32,2.32,11864
2012-01-26,2.3,2.5,2.3,2.42,4750
2012-01-27,2.45,2.5,2.3,2.33,4561
2012-01-30,2.3,2.37,2.3,2.33,2333
2012-01-31,2.39,2.41,2.35,2.41,1900
2012-02-01,2.41,2.42,2.41,2.42,850
2012-02-02,2.46,2.5,2.3,2.41,5416
2012-02-03,2.35,2.36,2.35,2.36,300
2012-02-06,2.38,2.5,2.31,2.41,2689
2012-02-07,2.31,2.31,2.23,2.3,1544
2012-02-08,2.3,2.3,2.25,2.25,4530
2012-02-09,2.24,2.38,2.24,2.35,6614
2012-02-10,2.24,2.25,2.07,2.2,20664
2012-02-13,2.11,2.15,2.07,2.15,2000
2012-02-14,2.11,2.11,2.07,2.07,488
2012-02-15,2.07,2.23,2.07,2.21,4445
2012-02-16,2.21,2.21,2.2,2.21,2305
2012-02-17,2.25,2.25,2.25,2.25,300
2012-02-21,2.28,2.36,2.11,2.13,7539
2012-02-22,2.13,2.36,2.13,2.2,1961
2012-02-23,2.21,2.22,2.21,2.21,1280
2012-02-24,2.19,2.19,2.19,2.19,200
2012-02-27,2.16,2.16,2.15,2.15,539
2012-02-28,2.15,2.15,2.05,2.14,9323
2012-02-29,2.1,2.1,2.1,2.1,300
2012-03-01,2.1,2.1,2.1,2.1,246
2012-03-02,2.09,2.09,2.09,2.09,1500
2012-03-05,2.15,2.2,2.14,2.2,9715
2012-03-06,2.16,2.16,2.16,2.16,400
2012-03-07,2.16,2.16,2.16,2.16,155
2012-03-08,2.27,2.28,2.15,2.15,1809
2012-03-09,NA,NA,NA,2.15,0
2012-03-12,2.12,2.13,2.12,2.13,400
2012-03-13,2.27,2.35,2.15,2.3,2900
2012-03-14,2.3,2.34,2.3,2.34,1574
2012-03-15,2.34,2.4,2.2,2.34,10390
2012-03-16,2.35,2.35,2.25,2.25,2016
2012-03-19,2.27,2.5,2.27,2.5,2430
2012-03-20,2.5,2.5,2.4,2.4,525
2012-03-21,2.5,2.5,2.5,2.5,100
2012-03-22,NA,NA,NA,2.5,0
2012-03-23,NA,NA,NA,2.5,0
2012-03-26,NA,NA,NA,2.34,0
2012-03-27,2.39,2.39,2.25,2.35,3747
2012-03-28,2.37,2.37,2.35,2.35,801
2012-03-29,2.44,2.45,2.44,2.45,982
2012-03-30,2.5,2.57,2.38,2.38,4255
2012-04-02,2.48,2.55,2.48,2.5,7618
2012-04-03,NA,NA,NA,2.5,0
2012-04-04,NA,NA,NA,2.5,0
2012-04-05,2.44,2.44,2.44,2.44,500
2012-04-09,2.32,2.32,2.28,2.3,2600
2012-04-10,2.25,2.25,2.2,2.23,2028
2012-04-11,2.25,2.25,2.25,2.25,300
2012-04-12,2.25,2.25,2.25,2.25,2300
2012-04-13,2.23,2.23,2.12,2.2,1200
2012-04-16,NA,NA,NA,2.2,0
2012-04-17,2.21,2.21,2.14,2.14,3600
2012-04-18,2.15,2.33,2.15,2.33,1879
2012-04-19,NA,NA,NA,2.33,0
2012-04-20,NA,NA,NA,2.33,0
2012-04-23,NA,NA,NA,2.33,0
2012-04-24,2.15,2.25,2.15,2.25,1170
2012-04-25,2.17,2.17,2.17,2.17,100
2012-04-26,NA,NA,NA,2.17,0
2012-04-27,2.16,2.16,2.04,2.1,1450
2012-04-30,2.1,2.13,2.1,2.1,1000
2012-05-01,2.1,2.1,2.1,2.1,750
2012-05-02,2.35,2.35,2.35,2.35,444
2012-05-03,2.16,2.16,2.16,2.16,1185
2012-05-04,2.14,2.35,2.14,2.25,8834
2012-05-07,2.25,2.25,2.19,2.19,1200
2012-05-08,2.15,2.24,2.15,2.24,300
2012-05-09,NA,NA,NA,2.24,0
2012-05-10,2.25,2.25,2.22,2.22,700
2012-05-11,2.22,2.22,2.22,2.22,1000
2012-05-14,2.2,2.2,2.2,2.2,300
2012-05-15,NA,NA,NA,2.2,0
2012-05-16,NA,NA,NA,2.2,0
2012-05-17,NA,NA,NA,2.2,0
2012-05-18,2.15,2.15,2.04,2.04,2980
2012-05-21,2,2,2,2,610
2012-05-22,NA,NA,NA,2,0
2012-05-23,2.12,2.15,1.81,1.81,7997
2012-05-24,1.85,1.85,1.85,1.85,1380
2012-05-25,1.9,2.19,1.8,2.18,5520
2012-05-29,2.11,2.12,2.11,2.12,5952
2012-05-30,2.09,2.49,2.09,2.34,1400
2012-05-31,NA,NA,NA,2.34,0
2012-06-01,2.35,2.35,2.35,2.35,221
2012-06-04,2.26,2.26,2,2.12,5500
2012-06-05,NA,NA,NA,2.12,0
2012-06-06,2.19,2.19,2.1,2.1,1000
2012-06-07,NA,NA,NA,2.1,0
2012-06-08,NA,NA,NA,2.1,0
2012-06-11,2.22,2.25,2.22,2.25,1819
2012-06-12,NA,NA,NA,2.25,0
2012-06-13,NA,NA,NA,2.27,0
2012-06-14,2.4,2.4,2.4,2.4,334
2012-06-15,2.4,2.4,2.4,2.4,291
2012-06-18,2.36,2.4,2.32,2.32,2448
2012-06-19,NA,NA,NA,2.32,0
2012-06-20,2.5,2.5,2.5,2.5,2000
2012-06-21,2.47,2.47,2.47,2.47,750
2012-06-22,2.48,2.48,2.48,2.48,100
2012-06-25,2.52,2.54,2.45,2.5,17900
2012-06-26,2.57,2.59,2.57,2.59,7630
2012-06-27,2.56,2.56,2.56,2.56,500
2012-06-28,NA,NA,NA,2.55,0
2012-06-29,2.63,2.63,2.31,2.31,1688
2012-07-02,NA,NA,NA,2.37,0
2012-07-03,NA,NA,NA,2.37,0
2012-07-05,2.59,2.59,2.59,2.59,314
2012-07-06,2.35,2.35,2.35,2.35,750
2012-07-09,2.4,2.42,2.4,2.42,600
2012-07-10,2.59,2.59,2.59,2.59,428
2012-07-11,2.58,2.58,2.38,2.38,200
2012-07-12,NA,NA,NA,2.58,0
2012-07-13,2.44,2.47,2.44,2.47,321
2012-07-16,2.6,2.6,2.6,2.6,130
2012-07-17,NA,NA,NA,2.6,0
2012-07-18,2.41,2.58,2.41,2.58,1500
2012-07-19,2.4,2.4,2.4,2.4,724
2012-07-20,NA,NA,NA,2.4,0
2012-07-23,2.4,2.4,2.4,2.4,940
2012-07-24,NA,NA,NA,2.4,0
2012-07-25,NA,NA,NA,2.4,0
2012-07-26,2.4,2.4,2.4,2.4,1310
2012-07-27,2.54,2.54,2.54,2.54,100
2012-07-30,2.41,2.5,2.41,2.5,700
2012-07-31,2.54,2.54,2.54,2.54,104
2012-08-01,2.53,2.6,2.53,2.59,3796
2012-08-02,NA,NA,NA,2.59,0
2012-08-03,NA,NA,NA,2.59,0
2012-08-06,2.46,2.6,2.46,2.5,1588
2012-08-07,2.75,2.75,2.52,2.52,592
2012-08-08,NA,NA,NA,2.6,0
2012-08-09,2.52,2.52,2.49,2.49,404
2012-08-10,NA,NA,NA,2.49,0
2012-08-13,2.45,2.45,2.45,2.45,4545
2012-08-14,NA,NA,NA,2.45,0
2012-08-15,2.5,2.5,2.4,2.41,9400
2012-08-16,2.05,2.1,2.05,2.08,4000
2012-08-17,2.22,2.25,2.22,2.25,4400
2012-08-20,2.24,2.24,2.01,2.15,4644
2012-08-21,2.15,2.35,2.15,2.35,1850
2012-08-22,2.34,2.34,2.15,2.15,947
2012-08-23,NA,NA,NA,2.18,0
2012-08-24,2.13,2.14,2.13,2.14,2651
2012-08-27,2.14,2.14,2.14,2.14,148
2012-08-28,2.14,2.15,2.14,2.14,1500
2012-08-29,2.13,2.13,2.1,2.1,1660
2012-08-30,NA,NA,NA,2.11,0
2012-08-31,1.81,2.1,1.81,1.85,2091
2012-09-04,1.78,2.05,1.37,1.95,9307
2012-09-05,1.86,2,1.86,1.99,2299
2012-09-06,1.99,1.99,1.99,1.99,1830
2012-09-07,1.97,1.97,1.97,1.97,400
2012-09-10,NA,NA,NA,1.97,0
2012-09-11,1.97,1.97,1.96,1.96,500
2012-09-12,1.97,1.98,1.96,1.98,552
2012-09-13,2.1,2.1,2.1,2.1,120
2012-09-14,1.91,2.15,1.91,2.15,1851
2012-09-17,2.07,2.07,2.07,2.07,276
2012-09-18,NA,NA,NA,2.07,0
2012-09-19,2.1,2.3,2,2,3487
2012-09-20,NA,NA,NA,2.3,0
2012-09-21,1.94,2.3,1.91,2.3,948
2012-09-24,2.3,2.3,2.3,2.3,3738
2012-09-25,2.29,2.29,2,2,600
2012-09-26,NA,NA,NA,2.29,0
2012-09-27,2,2.03,1.99,2,6991
2012-09-28,1.96,2.3,1.96,2.3,300
2012-10-01,2.23,2.23,2.23,2.23,853
2012-10-02,2,2,2,2,986
2012-10-03,2.08,2.08,2.02,2.02,272
2012-10-04,NA,NA,NA,2.02,0
2012-10-05,2.21,2.31,2.21,2.31,2727
2012-10-08,2.44,2.45,2.44,2.44,4783
2012-10-09,2.18,2.18,2.18,2.18,2000
2012-10-10,2.15,2.15,2.15,2.15,200
2012-10-11,2.19,2.19,2.19,2.19,176
2012-10-12,NA,NA,NA,2.19,0
2012-10-15,NA,NA,NA,2.19,0
2012-10-16,NA,NA,NA,2.19,0
2012-10-17,2.19,2.19,2.19,2.19,100
2012-10-18,2.15,2.15,2.15,2.15,1000
2012-10-19,2.18,2.18,2.15,2.15,2148
2012-10-22,NA,NA,NA,2.37,0
2012-10-23,1.95,2.02,1.95,1.96,11290
2012-10-24,2.15,2.15,2.13,2.15,500
2012-10-25,NA,NA,NA,1.95,0
2012-10-26,NA,NA,NA,1.95,0
2012-10-31,NA,NA,NA,1.95,0
2012-11-01,2.1,2.1,2.1,2.1,204
2012-11-02,NA,NA,NA,2.1,0
2012-11-05,1.92,1.92,1.92,1.92,666
2012-11-06,2.09,2.1,2.09,2.1,1847
2012-11-07,NA,NA,NA,2.1,0
2012-11-08,NA,NA,NA,2.1,0
2012-11-09,NA,NA,NA,2.1,0
2012-11-12,NA,NA,NA,2.1,0
2012-11-13,1.91,1.91,1.91,1.91,668
2012-11-14,1.91,2.2,1.91,2,3486
2012-11-15,2.44,2.45,2.05,2.05,2227
2012-11-16,NA,NA,NA,2.44,0
2012-11-19,2.05,2.05,2.05,2.05,100
2012-11-20,2.04,2.06,1.91,2.04,3844
2012-11-21,NA,NA,NA,2.04,0
2012-11-23,2.1,2.16,2.1,2.16,1908
2012-11-26,2.12,2.12,2.12,2.12,120
2012-11-27,2.05,2.05,2.05,2.05,1000
2012-11-28,2.05,2.5,2.05,2.1,6291
2012-12-04,2.06,2.08,2.06,2.08,591
2012-12-05,2.05,2.05,2.05,2.05,100
2012-12-06,2.06,2.06,2.05,2.05,790
2012-12-07,2.05,2.05,2.05,2.05,200
2012-12-10,2.02,2.02,1.93,1.93,1100
2012-12-12,1.91,2.1,1.91,2.1,633
2012-12-14,2.06,2.06,1.91,1.96,500
2012-12-17,1.92,1.96,1.91,1.96,4536
2012-12-20,2.04,3.3,1.97,2.55,70231
2012-12-21,2.62,2.68,2.02,2.02,51098
2012-12-24,2.29,2.46,2.05,2.14,29526
2012-12-26,2.36,2.36,2.1,2.1,1390
2012-12-27,2.1,2.32,2.1,2.19,10728
2012-12-28,2.2,2.3,2.1,2.12,4213
2012-12-31,2.14,2.27,1.46,2.01,22684
2013-01-02,2.02,2.23,1.97,2.06,16348
2013-01-03,2.07,2.07,1.81,2.01,7500
2013-01-04,2.01,2.01,2.01,2.01,2478
2013-01-07,1.98,2.19,1.9,2.17,2100
2013-01-08,1.92,2.27,1.92,2.27,2820
2013-01-09,2.3,2.3,2.25,2.25,2450
2013-01-10,2.3,2.31,2.25,2.3,1400
2013-01-11,2.3,2.3,2.3,2.3,100
2013-01-14,2.34,2.5,2.34,2.5,6900
2013-01-15,2.31,2.35,2.31,2.35,2329
2013-01-16,2.39,2.65,2.39,2.6,8710
2013-01-17,2.71,2.71,2.5,2.5,902
2013-01-18,2.58,2.61,2.58,2.61,1900
2013-01-22,2.51,2.7,2.5,2.7,2759
2013-01-23,2.58,3.35,2.58,3.3,16552
2013-01-24,3.3,3.75,3.2,3.7,11067
2013-01-25,3.7,3.71,3.6,3.67,4394
2013-01-28,3.51,3.6,3.51,3.6,1059
2013-01-29,3.5,3.59,3.4,3.5,4063
2013-01-31,3.5,3.5,3.47,3.47,1100
2013-02-01,3.22,3.4,3.2,3.2,620
2013-02-04,3.36,3.36,3,3,4765
2013-02-05,2.99,3.61,2.7,3.46,6164
2013-02-06,3.43,3.46,3.42,3.46,5172
2013-02-07,3.13,3.25,3.08,3.22,6861
2013-02-08,3.18,3.21,2.94,3.1,7231
2013-02-11,3.06,3.06,2.9,2.96,7700
2013-02-12,2.95,3.12,2.94,3.12,6715
2013-02-13,3.01,3.19,3,3.17,20600
2013-02-14,3.21,3.34,3.19,3.32,6620
2013-02-15,3.32,3.5,3.32,3.5,4421
2013-02-19,3.6,3.6,3.55,3.6,9080
2013-02-20,3.6,3.7,3.5,3.5,3138
2013-02-21,3.52,3.54,3.4,3.54,5000
2013-02-22,3.44,3.44,3.32,3.35,1380
2013-02-25,3.32,3.55,3.3,3.54,4384
2013-02-26,4.16,4.45,3.8,3.86,286816
2013-02-27,3.99,3.99,3.7,3.84,45876
2013-02-28,3.83,4.15,3.83,4.1,123558
2013-03-01,4.1,4.25,4.06,4.16,33862
2013-03-04,4.16,4.3,4.11,4.26,34219
2013-03-05,4.05,4.2,4.05,4.18,19239
2013-03-06,4.18,4.27,4.17,4.24,13522
2013-03-07,4.25,4.28,4.21,4.25,36045
2013-03-08,4.25,4.35,4.24,4.3,79719
2013-03-11,4.32,4.47,4.32,4.35,83350
2013-03-12,4.35,4.5,4.35,4.36,68896
2013-03-13,4.4,4.41,4.3,4.3,59073
2013-03-14,4.25,4.3,4.25,4.3,15561
2013-03-15,4.34,4.38,4.24,4.38,18670
2013-03-18,4.27,4.39,4.27,4.3,17532
2013-03-19,4.33,4.35,4.33,4.34,6100
2013-03-20,4.35,4.65,4.35,4.43,185520
2013-03-21,4.5,4.7,4.5,4.64,23765
2013-03-22,4.66,4.75,4.66,4.74,1996
2013-03-25,4.95,4.95,4.79,4.8,16304
2013-03-26,4.81,4.9,4.8,4.81,14307
2013-03-27,4.8,4.8,4.67,4.67,48831
2013-03-28,4.66,4.68,4.33,4.42,14147
2013-04-01,4.49,4.7,4.42,4.56,6937
2013-04-02,4.47,4.7,4.42,4.59,9705
2013-04-03,4.53,4.61,4.38,4.54,7971
2013-04-04,4.49,4.6,4.49,4.6,1222
2013-04-05,4.64,4.64,4.52,4.52,2592
2013-04-08,4.5,4.58,4.38,4.49,13234
2013-04-09,4.56,4.58,4.5,4.55,4252
2013-04-10,4.6,4.69,4.6,4.66,12791
2013-04-11,4.7,4.7,4.47,4.47,1000
2013-04-12,4.75,4.91,4.75,4.81,48585
2013-04-15,5,5.01,4.75,4.78,126247
2013-04-16,4.59,4.74,4.59,4.65,4426
2013-04-17,4.58,4.59,4.38,4.38,14818
2013-04-18,4.45,4.53,4.45,4.45,6677
2013-04-19,4.54,4.54,4.54,4.54,200
2013-04-23,4.88,5,4.88,4.91,25901
2013-04-24,4.93,4.96,4.91,4.95,33580
2013-04-25,4.91,5,4.91,5,10031
2013-04-26,5.02,5.02,4.91,4.97,4706
2013-04-29,4.99,5.01,4.96,5.01,3000
2013-04-30,4.99,5,4.97,4.99,9900
2013-05-01,4.99,4.99,4.91,4.93,6406
2013-05-02,4.97,4.98,4.93,4.98,2000
2013-05-03,5.05,5.1,4.94,5.1,42656
2013-05-06,5.06,5.6,5.05,5.5,56730
2013-05-07,5.5,6.88,5.31,6.64,42919
2013-05-08,6.72,6.72,5.62,5.87,24709
2013-05-09,5.93,5.93,5.76,5.83,6558
2013-05-10,5.71,5.8,5.71,5.8,1100
2013-05-13,5.82,5.82,5.35,5.6,6041
2013-05-14,5.57,5.63,5.57,5.63,300
2013-05-15,5.59,5.79,5.48,5.49,3376
2013-05-16,5.54,5.54,5.26,5.29,3791
2013-05-17,5.81,5.81,5.49,5.49,450
2013-05-20,5.4,5.4,5.25,5.35,11338
2013-05-21,5.37,5.49,5.23,5.23,13812
2013-05-22,5.19,5.22,5.15,5.17,14487
2013-05-23,5.16,5.19,5.03,5.17,4057
2013-05-28,5.23,5.35,5.02,5.02,11733
2013-05-30,5.12,5.12,5.12,5.12,100
2013-05-31,5.1,5.1,5.01,5.01,4505
2013-06-04,5.29,5.32,4.91,5.21,7768
2013-06-05,5.22,5.22,5.16,5.16,1050
2013-06-06,5.18,5.35,5.15,5.2,6900
2013-06-07,5.17,5.29,4.9,5.05,2848
2013-06-10,5.15,5.15,4.97,5.03,2679
2013-06-11,5.03,5.05,4.8,5,17073
2013-06-12,4.91,5,4.91,4.98,5715
2013-06-13,4.95,4.95,4.85,4.9,8240
2013-06-14,4.88,4.88,4.88,4.88,1600
2013-06-17,4.88,5.05,4.85,5.05,10666
2013-06-18,4.87,4.87,4.87,4.87,175
2013-06-19,4.9,4.9,4.9,4.9,1200
2013-06-20,4.91,4.91,4.91,4.91,400
2013-06-21,4.94,5,4.94,5,9659
2013-06-24,4.98,4.99,4.98,4.99,700
2013-06-26,4.97,4.97,4.97,4.97,300
2013-06-27,4.95,4.95,4.95,4.95,100
2013-06-28,4.91,4.91,4.89,4.89,4728
2013-07-01,4.87,4.88,4.87,4.87,2300
2013-07-02,4.96,4.98,4.86,4.88,7118
2013-07-08,4.99,4.99,4.87,4.87,1600
2013-07-09,4.9,4.9,4.89,4.9,1062
2013-07-10,4.9,4.9,4.9,4.9,250
2013-07-11,4.96,4.96,4.88,4.88,3762
2013-07-16,4.9,4.9,4.88,4.88,596
2013-07-17,4.88,4.88,4.88,4.88,300
2013-07-18,5.01,5.02,4.99,5.02,7529
2013-07-19,5,5.07,5,5.04,5800
2013-07-22,5.06,5.15,5,5.07,22421
2013-07-23,5.2,5.24,5.1,5.16,7796
2013-07-24,5.23,5.25,5.02,5.11,5552
2013-07-25,5.07,5.07,5.07,5.07,1000
2013-07-26,5.09,5.1,4.97,5.01,2902
2013-07-29,4.97,4.97,4.97,4.97,1000
2013-07-30,4.95,5.09,4.85,5.02,19750
2013-07-31,5.03,5.03,4.85,4.85,8800
2013-08-01,4.88,5.06,4.75,4.91,21421
2013-08-02,4.85,5.05,4.67,4.67,23789
2013-08-05,4.64,4.75,4.63,4.63,3500
2013-08-06,4.67,4.67,4.63,4.67,9865
2013-08-07,4.74,4.74,3.92,4.52,7850
2013-08-08,4.04,4.56,3.96,4.29,23349
2013-08-09,4.13,4.13,3.8,3.93,22586
2013-08-12,3.85,4,3.46,4,16199
2013-08-13,3.96,3.96,3.54,3.66,2340
2013-08-14,3.61,3.77,3.61,3.77,796
2013-08-15,3.68,3.88,3.61,3.86,2802
2013-08-16,3.86,4.13,3.86,4.1,7033
2013-08-19,4.1,4.25,4,4.25,1500
2013-08-20,4.23,4.36,4.19,4.25,7625
2013-08-21,4.29,4.29,4.25,4.25,1500
2013-08-23,4.21,4.24,4.21,4.21,2725
2013-08-26,4.21,4.23,4.21,4.23,1601
2013-08-27,4.25,4.38,4.19,4.19,3688
2013-08-28,4.15,4.22,4.15,4.2,2300
2013-08-29,4.26,4.38,4.15,4.15,3295
2013-08-30,4.15,4.16,4.15,4.15,1263
2013-09-03,4.42,4.42,4,4.05,9618
2013-09-04,3.9,3.97,3.82,3.97,1800
2013-09-05,4.06,4.38,4.06,4.38,1475
2013-09-06,4.17,4.26,4.17,4.21,3017
2013-09-11,4.22,4.22,3.71,3.95,21845
2013-09-12,3.99,3.99,3.83,3.83,1300
2013-09-13,3.75,3.75,3.7,3.7,600
2013-09-16,3.65,4,3.49,3.95,5522
2013-09-18,3.85,3.85,3.67,3.67,200
2013-09-19,3.85,3.85,3.84,3.84,1544
2013-09-20,3.65,3.84,3.65,3.84,1702
2013-09-23,3.85,3.85,3.85,3.85,978
2013-09-24,3.79,4,3.74,3.74,2850
2013-09-25,4,4.1,3.8,4.1,2700
2013-09-26,3.81,4.14,3.81,4.14,300
2013-09-27,4.12,4.12,3.71,3.94,2828
2013-10-01,3.95,3.95,3.95,3.95,367
2013-10-04,3.76,3.83,3.74,3.76,3800
2013-10-07,3.76,3.76,3.76,3.76,200
2013-10-08,3.78,3.78,3.78,3.78,230
2013-10-10,3.95,3.95,3.88,3.88,2233
2013-10-14,3.96,3.98,3.95,3.97,5442
2013-10-15,3.77,3.85,3.77,3.78,10449
2013-10-17,3.78,4,3.77,3.87,3000
2013-10-18,3.97,3.99,3.97,3.99,1000
2013-10-21,3.92,3.98,3.92,3.98,300
2013-10-22,3.95,3.95,3.82,3.82,4650
2013-10-23,3.83,3.84,3.77,3.77,3789
2013-10-24,3.96,3.99,3.96,3.99,700
2013-10-25,3.8,3.8,3.78,3.78,1000
2013-10-28,3.78,3.78,3.77,3.77,400
2013-10-29,3.77,3.9,3.77,3.9,5378
2013-10-30,3.75,3.75,3.75,3.75,2800
2013-10-31,3.75,3.89,3.74,3.76,3429
2013-11-04,3.79,3.79,3.79,3.79,139
2013-11-05,3.8,3.8,3.8,3.8,300
2013-11-06,3.8,3.8,3.8,3.8,324
2013-11-07,3.82,3.82,3.3,3.55,7381
2013-11-08,3.6,3.6,3.6,3.6,500
2013-11-12,3.42,3.5,3.21,3.33,3518
2013-11-13,3.36,3.37,3.35,3.35,1240
2013-11-15,3.46,3.9,3.42,3.9,5766
2013-11-19,3.79,3.79,3.46,3.46,1100
2013-11-20,3.4,3.4,3,3.23,24009
2013-11-21,3.24,3.28,3.06,3.2,31198
2013-11-22,3.25,3.65,3.08,3.35,52097
2013-11-25,3.25,3.46,3.2,3.46,52926
2013-11-26,3.46,3.96,3.46,3.82,37733
2013-11-27,3.85,3.98,3.74,3.88,1935427
2013-11-29,3.92,3.95,3.88,3.92,19386
2013-12-02,3.97,3.99,3.87,3.94,121198
2013-12-03,3.95,3.95,3.75,3.85,81083
2013-12-04,3.87,3.96,3.82,3.83,71815
2013-12-05,3.83,3.85,3.82,3.82,19850
2013-12-06,3.84,3.88,3.82,3.84,47040
2013-12-09,3.93,3.94,3.84,3.87,84374
2013-12-10,3.84,3.94,3.84,3.94,41106
2013-12-11,3.94,3.94,3.9,3.9,117664
2013-12-12,3.92,4.09,3.92,4.02,284570
2013-12-13,4,4.05,3.88,3.9,18773
2013-12-16,3.9,4.04,3.85,3.93,41743
2013-12-17,4.04,4.04,4,4,18218
2013-12-18,4,4.04,3.9,4,211927
2013-12-19,3.88,4.02,3.88,4,65552
2013-12-20,3.87,4.01,3.87,4,100861
2013-12-23,3.89,4.03,3.89,4.02,70510
2013-12-24,3.88,4,3.88,3.95,15363
2013-12-26,3.93,4.19,3.86,4.14,50666
2013-12-27,3.99,4.19,3.94,4.14,20693
2013-12-30,4.15,4.24,4.05,4.18,35505
2013-12-31,4.23,4.44,4.23,4.33,51344
2014-01-02,4.36,4.5,4.19,4.32,145192
2014-01-03,4.35,4.53,4.35,4.4,50229
2014-01-06,4.47,4.58,4.35,4.49,64884
2014-01-07,4.58,4.58,4.45,4.5,7116
2014-01-08,4.39,4.5,4.39,4.5,12708
2014-01-09,4.68,4.69,4.05,4.3,119726
2014-01-10,4.3,4.3,4.18,4.3,18942
2014-01-13,4.25,4.29,4.08,4.12,21770
2014-01-14,4.21,4.3,4.2,4.26,14610
2014-01-15,4.31,4.4,4.31,4.37,98395
2014-01-16,4.38,4.44,4.28,4.4,7631
2014-01-17,4.35,4.42,4.34,4.42,6829
2014-01-21,4.41,4.48,4.41,4.41,8505
2014-01-22,4.41,4.41,4.34,4.34,2638
2014-01-23,4.36,4.38,4.33,4.33,4422
2014-01-24,4.31,4.31,4.1,4.25,25578
2014-01-27,4.29,4.29,4.1,4.17,44803
2014-01-28,4.15,4.15,4.06,4.06,7613
2014-01-29,4,4.16,4,4.1,15956
2014-01-30,4.04,4.11,4,4,12881
2014-01-31,4.01,4.17,4.01,4.06,6624
2014-02-03,4.06,4.06,4,4,81107
2014-02-04,4,4.06,3.82,3.98,47431
2014-02-05,4,4.05,3.82,3.99,25250
2014-02-06,3.98,4.05,3.87,3.91,18018
2014-02-07,4.03,4.05,3.87,3.87,7488
2014-02-10,3.93,4.04,3.93,3.98,10758
2014-02-11,4.06,4.06,3.94,3.94,10840
2014-02-12,4.03,4.03,3.91,3.91,4233
2014-02-13,4.15,4.31,4,4.09,38040
2014-02-14,4.08,4.15,3.97,3.99,20058
2014-02-18,3.95,4.17,3.95,4,4194
2014-02-19,4.09,4.12,4.01,4.01,3936
2014-02-20,4,4.08,4,4.01,5363
2014-02-21,4,4.18,4,4.04,7362
2014-02-24,4.1,4.14,3.98,3.98,13862
2014-02-25,3.95,4.08,3.94,4.03,10980
2014-02-26,4.1,4.1,3.96,4.05,31390
2014-02-27,4.05,4.17,4,4,5891
2014-02-28,4.1,4.25,4.06,4.1,17558
2014-03-03,4.08,4.1,3.96,3.96,8963
2014-03-04,4.06,4.08,3.98,4.07,4098
2014-03-05,4.02,4.07,4,4,4893
2014-03-06,4.04,4.04,3.87,3.88,23193
2014-03-07,4.13,4.13,4.13,4.13,282
2014-03-10,4.01,4.1,3.88,4.1,22402
2014-03-11,4.01,4.09,3.95,4.09,5379
2014-03-12,4.07,4.08,3.96,4.03,6712
2014-03-13,3.93,4.1,3.93,4.09,2751
2014-03-14,3.94,4.03,3.94,4.03,1379
2014-03-17,4.03,4.08,3.97,3.97,9907
2014-03-18,4.01,4.1,3.96,3.96,15928
2014-03-19,4,4.05,4,4.05,9775
2014-03-20,4,4.07,3.97,4.04,3565
2014-03-21,4.03,4.21,3.97,4.21,12939
2014-03-24,4.1,4.1,3.97,3.97,13890
2014-03-25,4,4.02,3.86,3.87,43457
2014-03-26,3.89,3.99,3.83,3.85,20581
2014-03-27,3.86,3.98,3.84,3.98,59304
2014-03-28,4.04,4.2,4,4.15,341751
2014-03-31,4.19,4.49,4.11,4.49,15825
2014-04-01,4.35,4.35,4.09,4.2,78823
2014-04-02,4.24,4.25,4.16,4.24,2529
2014-04-03,4.09,4.32,4.09,4.17,8391
2014-04-04,4.25,4.25,4.04,4.13,26327
2014-04-07,4.2,4.2,4.03,4.12,17402
2014-04-08,4.07,4.12,4.04,4.11,2100
2014-04-10,4.11,4.27,4.11,4.15,35331
2014-04-11,4.2,4.22,4.03,4.08,54993
2014-04-14,4.12,4.21,4.04,4.04,6051
2014-04-15,4.09,4.13,4.07,4.12,1495
2014-04-16,4.11,4.15,4.11,4.14,1878
2014-04-17,4.22,4.22,4.11,4.11,5815
2014-04-21,4.12,4.44,4.12,4.24,24115
2014-04-22,4.14,4.2,4.11,4.15,36592
2014-04-23,4.25,4.3,4.19,4.25,82160
2014-04-24,4.26,4.29,4.23,4.25,5096
2014-04-25,4.29,4.29,4.2,4.25,11654
2014-04-28,4.29,4.35,4.17,4.32,23256
2014-04-29,4.35,4.35,4.12,4.12,23143
2014-04-30,4.17,4.33,4.13,4.3,40700
2014-05-01,4.2,4.33,4.11,4.15,11578
2014-05-02,4.1,4.16,4,4.01,13651
2014-05-05,4.05,4.12,4.04,4.04,5100
2014-05-06,4.08,4.08,4,4.04,1960
2014-05-07,4.14,4.14,4.06,4.09,7200
2014-05-08,4.14,4.34,4.14,4.29,7230
2014-05-12,4.3,4.3,4.17,4.2,4515
2014-05-13,4.24,4.24,4.24,4.24,100
2014-05-14,4.15,4.24,4.15,4.17,11850
2014-05-15,4.18,4.19,4.11,4.11,15610
2014-05-16,4.11,4.25,4.07,4.18,16400
2014-05-19,4.2,4.2,4.2,4.2,220
2014-05-20,4.17,4.18,4.16,4.16,360
2014-05-22,4.24,4.24,4.24,4.24,200
2014-05-23,4.11,4.15,4.11,4.12,4022
2014-05-27,4.24,4.24,4.1,4.15,8667
2014-05-28,4.1,4.4,4.1,4.24,10850
2014-05-29,4.14,4.37,4.14,4.2,8552
2014-05-30,4.4,4.4,4.23,4.28,25657
2014-06-02,4.3,4.4,4.1,4.26,22593
2014-06-03,4.4,4.4,4.14,4.25,64217
2014-06-05,4.34,4.35,4.1,4.11,63422
2014-06-06,4.11,4.38,4.11,4.25,13275
2014-06-09,4.38,4.4,4.1,4.11,15608
2014-06-10,4.21,4.21,4.08,4.09,5289
2014-06-11,4.09,4.09,4.09,4.09,1229
2014-06-12,4.08,4.17,4.08,4.08,8918
2014-06-13,4.11,4.17,4.08,4.1,6838
2014-06-16,4.13,4.18,4.08,4.16,6727
2014-06-17,4.13,4.17,4.09,4.11,25342
2014-06-18,4.27,4.27,4.14,4.19,33989
2014-06-19,4.25,4.29,4.18,4.2,14878
2014-06-20,4.21,4.24,4.11,4.18,34304
2014-06-23,4.24,4.24,4.1,4.1,5076
2014-06-24,4.17,4.17,4.05,4.05,3875
2014-06-25,4.06,4.21,4.06,4.11,5634
2014-06-26,4.09,4.13,4.06,4.06,8206
2014-06-27,4.11,4.11,4.05,4.05,6559
2014-06-30,4.12,4.16,4.05,4.06,7300
2014-07-01,4.14,4.14,4.1,4.1,600
2014-07-02,4.13,4.16,4.05,4.05,3940
2014-07-03,4.12,4.13,4.08,4.08,7451
2014-07-07,4.1,4.13,4.07,4.09,2216
2014-07-08,4.1,4.11,4.05,4.05,61502
2014-07-09,4.15,4.15,4.12,4.12,574
2014-07-10,4.13,4.17,4.08,4.09,800
2014-07-11,4.19,4.21,4.05,4.06,18645
2014-07-14,4.13,4.21,4.13,4.15,157589
2014-07-15,4.17,4.17,4.14,4.14,4500
2014-07-16,4.2,4.25,4.1,4.15,47985
2014-07-17,4.1,4.12,4.03,4.03,23150
2014-07-18,4.07,4.12,4.04,4.07,16346
2014-07-21,4.07,4.18,4.05,4.07,20552
2014-07-22,4.12,4.18,4.03,4.05,71070
2014-07-23,4.05,4.14,4.03,4.08,74560
2014-07-24,4.07,4.15,4,4.08,12380
2014-07-25,4.08,4.11,4.03,4.06,19304
2014-07-28,4.04,4.05,3.98,4.02,5089
2014-07-29,3.98,4.09,3.84,4.02,52352
2014-07-30,3.96,4.08,3.96,4.07,2237
2014-07-31,4.09,4.23,4.09,4.17,33748
2014-08-01,4.18,4.25,4.13,4.2,33738
2014-08-04,4.19,4.26,4.03,4.2,27512
2014-08-05,4.22,4.24,4.17,4.17,2813
2014-08-06,4.11,4.25,4.11,4.15,13748
2014-08-07,4.2,4.25,4.11,4.11,10860
2014-08-08,4.23,4.24,4.13,4.13,2856
2014-08-11,4.1,4.2,4.1,4.16,6482
2014-08-12,4.23,4.23,4.16,4.16,4000
2014-08-13,4.23,4.23,4.16,4.17,1031
2014-08-14,4.18,4.2,4.16,4.18,4208
2014-08-15,4.2,4.2,4.16,4.16,3321
2014-08-18,4.23,4.23,4.18,4.18,3086
2014-08-19,4.21,4.21,4.12,4.16,6049
2014-08-20,4.15,4.2,4.13,4.18,14264
2014-08-21,4.19,4.19,4.15,4.17,1829
2014-08-22,4.18,4.19,4.14,4.18,8852
2014-08-25,4.17,4.18,4.14,4.18,6211
2014-08-26,4.15,4.18,4.15,4.16,3193
2014-08-27,4.15,4.17,4.13,4.14,3776
2014-08-28,4.15,4.15,4.15,4.15,6381
2014-08-29,4.16,4.16,4.15,4.16,3437
2014-09-02,4.16,4.17,4.1,4.11,15140
2014-09-03,4.19,4.19,4.11,4.12,502
2014-09-04,4.19,4.19,4.11,4.14,1300
2014-09-05,4.1,4.13,4.06,4.13,3933
2014-09-08,4.13,4.14,4.03,4.03,9515
2014-09-09,4.09,4.09,3.87,3.99,10547
2014-09-10,3.94,4.03,3.85,3.96,65632
2014-09-11,4.04,4.07,3.96,3.98,700
2014-09-12,3.98,3.98,3.95,3.95,3827
2014-09-15,3.95,3.95,3.92,3.93,6537
2014-09-16,3.98,4.04,3.94,4,15910
2014-09-17,4.01,4.01,3.9,3.9,42895
2014-09-18,3.91,4.01,3.9,3.92,11771
2014-09-19,3.93,4.04,3.93,4,25651
2014-09-22,3.95,3.97,3.94,3.97,5900
2014-09-23,3.94,3.97,3.9,3.95,47170
2014-09-24,3.95,4,3.92,3.94,5636
2014-09-25,3.95,4.09,3.95,4.07,7433
2014-09-26,4.05,4.08,3.95,4.07,7628
2014-09-29,4.07,4.1,3.97,4.03,18047
2014-09-30,4,4.09,3.99,4.08,9818
2014-10-01,3.97,4.06,3.91,3.92,21228
2014-10-02,3.99,4,3.91,3.93,14138
2014-10-03,4.01,4.01,3.95,4,22212
2014-10-06,4.03,4.04,3.92,4.04,5876
2014-10-07,3.98,4.02,3.92,4,10878
2014-10-08,3.99,4,3.92,3.99,11080
2014-10-09,3.95,4.02,3.9,3.9,42544
2014-10-10,3.92,3.96,3.88,3.88,12204
2014-10-13,3.97,4.14,3.86,3.87,39530
2014-10-14,3.89,4.05,3.88,3.88,7493
2014-10-15,3.86,3.91,3.84,3.88,15767
2014-10-16,3.92,3.92,3.76,3.83,61776
2014-10-17,3.85,4,3.85,3.94,9488
2014-10-20,3.86,4.04,3.86,3.94,8423
2014-10-21,3.97,3.97,3.89,3.92,21400
2014-10-22,3.9,3.98,3.88,3.9,17477
2014-10-23,4,4,3.86,3.89,3646
2014-10-24,3.93,3.93,3.82,3.85,18591
2014-10-27,3.85,3.86,3.8,3.86,14011
2014-10-28,3.82,3.87,3.76,3.83,25200
2014-10-29,3.81,3.88,3.81,3.88,14047
2014-10-30,3.91,3.97,3.91,3.97,15170
2014-10-31,3.95,4.12,3.95,4.12,123177
2014-11-03,4.05,4.14,4,4.06,14077
2014-11-04,4.1,4.17,4.1,4.16,25535
2014-11-05,4.18,4.18,4.14,4.15,400
2014-11-06,4.13,4.16,4.03,4.16,18392
2014-11-07,4.13,4.17,4,4.07,9567
2014-11-10,3.97,4.12,3.97,4.1,3333
2014-11-11,4.04,4.15,4.04,4.13,8426
2014-11-12,4.03,4.12,3.98,3.98,5613
2014-11-13,3.94,3.98,3.92,3.97,11800
2014-11-14,3.97,3.98,3.95,3.98,975
2014-11-17,3.97,4,3.97,4,1533
2014-11-18,4.1,4.1,3.95,4.02,11237
2014-11-19,4.09,4.18,4.03,4.18,7402
2014-11-20,4.16,4.23,4.16,4.22,7150
2014-11-21,4.22,4.24,4.1,4.1,9011
2014-11-24,4.17,4.23,4.09,4.23,1768
2014-11-25,4.22,4.23,4.22,4.22,2080
2014-11-26,4.22,4.22,4.03,4.09,12539
2014-11-28,4.09,4.09,3.97,3.97,2200
2014-12-01,3.97,4.1,3.92,4.07,21254
2014-12-02,4.11,4.13,4.11,4.13,1961
2014-12-03,4.01,4.13,4.01,4.13,5512
2014-12-04,4.17,4.19,4.05,4.05,2232
2014-12-05,4.12,4.22,4.12,4.22,4202
2014-12-08,4.21,4.22,4.18,4.22,3131
2014-12-09,4.21,4.22,4.15,4.16,4705
2014-12-10,4.2,4.2,4.15,4.15,1103
2014-12-11,4.21,4.22,4.15,4.15,5303
2014-12-12,4.15,4.15,3.98,3.98,10143
2014-12-15,4.09,4.09,3.84,3.99,10629
2014-12-16,4.02,4.04,3.95,4,17034
2014-12-17,3.99,3.99,3.97,3.97,9308
2014-12-18,4.01,4.1,4,4.1,5806
2014-12-19,4.05,4.15,4,4,5849
2014-12-22,4.04,4.14,4.04,4.14,417
2014-12-23,4.14,4.17,4.11,4.16,6403
2014-12-24,4.12,4.17,4.02,4.16,4742
2014-12-26,4.16,4.17,4.05,4.17,4641
2014-12-29,4.12,4.12,3.94,3.97,12091
2014-12-30,4.01,4.01,3.8,3.97,3174
2014-12-31,3.96,3.98,3.9,3.97,18518
2015-01-02,3.99,4.17,3.97,3.98,30477
2015-01-05,3.98,4,3.85,3.98,8221
2015-01-06,3.92,4.06,3.88,3.9,5272
2015-01-07,3.99,3.99,3.99,3.99,300
2015-01-08,4.07,4.09,3.88,3.88,63500
2015-01-09,3.95,4,3.95,3.95,4220
2015-01-12,4,4,3.9,3.9,1398
