"Index","ACPW.Open","ACPW.High","ACPW.Low","ACPW.Close","ACPW.Volume"
2007-01-03,13.15,13.35,12.55,13.2,31708
2007-01-04,13.15,13.45,12.9,13,10426
2007-01-05,13,13.35,12.8,13.05,38033
2007-01-08,12.77,13.2,12.77,13,23572
2007-01-09,12.95,13.15,12.7,13,35671
2007-01-10,12.7,12.7,11.65,12,43861
2007-01-11,12.1,12.1,11.4,12,76211
2007-01-12,11.85,12.1,11.55,12,40713
2007-01-16,11.9,12,11.65,12,19349
2007-01-17,12.1,12.1,11.5,11.55,10062
2007-01-18,11.4,11.8,11.15,11.2,9931
2007-01-19,11.05,11.45,10.5,11.45,53012
2007-01-22,11.4,13.1,11.4,12.55,62227
2007-01-23,12.65,13.1,12.25,13.05,16592
2007-01-24,14.05,14.05,13.3,13.65,31503
2007-01-25,13.5,13.75,13.1,13.2,57258
2007-01-26,13.45,13.45,12.7,13.2,17428
2007-01-29,13.3,13.3,12.5,13.25,22473
2007-01-30,13.15,13.55,12.3,13.55,28353
2007-01-31,13.45,13.45,12.3,13.3,39184
2007-02-01,13.3,13.45,13,13.2,16038
2007-02-02,13.2,13.2,11.25,11.6,70768
2007-02-05,11.35,11.75,11.35,11.5,37944
2007-02-06,11.65,11.7,11.4,11.7,39761
2007-02-07,11.85,11.85,11.35,11.45,40459
2007-02-08,11.35,11.6,11.35,11.55,7960
2007-02-09,11.65,11.65,10.8,11.15,39915
2007-02-12,11.25,11.25,10.35,10.65,48198
2007-02-13,10.5,10.7,10.1,10.35,20564
2007-02-14,10.25,11.75,9.7,11.7,261295
2007-02-15,11.8,11.85,11.51,11.75,20805
2007-02-16,11.75,11.8,11.2,11.4,26238
2007-02-20,11.15,11.5,11.1,11.2,13064
2007-02-21,11.05,11.5,10.85,11.35,18001
2007-02-22,11.5,12.05,11.4,12,13355
2007-02-23,12,12.35,11.6,11.75,23730
2007-02-26,11.75,12.1,11.5,11.75,45202
2007-02-27,11.6,11.6,10.95,11,25615
2007-02-28,11,11.4,10.4,10.4,22782
2007-03-01,10.5,10.9,10.25,10.4,17568
2007-03-02,10.3,10.55,10.25,10.35,11311
2007-03-05,10.25,10.25,10.05,10.15,18160
2007-03-06,10.05,10.4,10.05,10.3,12528
2007-03-07,10.35,10.55,10.25,10.4,16404
2007-03-08,10.45,10.45,9.65,9.7,43211
2007-03-09,9.85,10,9.75,9.8,14153
2007-03-12,9.9,10.1,9.8,9.9,34461
2007-03-13,9.9,10.05,9.05,9.3,85831
2007-03-14,9.2,9.35,9.15,9.2,15893
2007-03-15,9.1,9.75,9.1,9.15,79065
2007-03-16,9.1,9.4,9.05,9.3,43702
2007-03-19,9.25,9.7,9.25,9.7,40880
2007-03-20,9.65,9.7,9.3,9.55,57774
2007-03-21,9.5,9.65,9.3,9.4,33660
2007-03-22,9.25,9.55,9.05,9.2,47139
2007-03-23,9.25,9.5,9.1,9.3,45181
2007-03-26,9.35,9.4,9.05,9.3,26953
2007-03-27,9.15,9.2,9,9.05,17760
2007-03-28,9,10.45,9,10.25,197187
2007-03-29,10.25,10.55,9.9,10.2,140649
2007-03-30,9,9.95,9,9.7,120281
2007-04-02,9.75,9.8,9.45,9.6,27936
2007-04-03,9.45,9.85,9.3,9.5,51465
2007-04-04,9.4,9.7,9.35,9.5,36401
2007-04-05,9.5,9.8,9.4,9.7,25467
2007-04-09,9.8,9.85,9.55,9.75,18569
2007-04-10,9.85,9.9,9.4,9.5,41341
2007-04-11,9.55,9.6,9.35,9.5,13405
2007-04-12,9.45,9.55,9.3,9.45,13057
2007-04-13,9.4,9.7,9.3,9.4,12475
2007-04-16,9.25,10,9.05,9.4,62482
2007-04-17,9.5,9.7,9.15,9.3,34758
2007-04-18,9.25,9.55,9.25,9.5,12885
2007-04-19,9.45,9.5,9.3,9.4,12240
2007-04-20,9.35,9.6,9.25,9.6,37270
2007-04-23,9.5,9.55,9.25,9.4,25717
2007-04-24,9.3,9.4,8.8,8.95,36884
2007-04-25,9.05,9.3,8.95,9.2,30390
2007-04-26,9,9.25,9,9.1,12695
2007-04-27,9.2,9.24,8.8,9,18893
2007-04-30,9,9.15,8.8,8.85,28265
2007-05-01,8.85,8.85,7.65,8.2,45321
2007-05-02,8.3,9.45,8.1,8.25,117813
2007-05-03,8.25,8.35,8.15,8.2,25680
2007-05-04,8.25,8.35,8.2,8.25,45104
2007-05-07,8.2,8.3,8.2,8.25,25268
2007-05-08,8.25,8.3,7.9,8.1,31341
2007-05-09,8.35,8.45,8.15,8.45,48459
2007-05-10,8.25,8.4,8,8,16338
2007-05-11,8.05,8.3,8,8.2,18751
2007-05-14,8.25,8.75,7.5,7.8,172788
2007-05-15,7.8,7.85,7.65,7.75,24894
2007-05-16,7.7,7.95,7.5,7.5,27675
2007-05-17,7.55,7.8,7.5,7.8,35117
2007-05-18,7.75,8,7.5,7.7,45990
2007-05-21,7.65,8.1,7.65,7.95,35316
2007-05-22,8,8.45,7.85,8.1,47032
2007-05-23,8.2,8.6,7.85,7.9,56176
2007-05-24,7.9,8.15,7.45,7.95,69874
2007-05-25,8.1,8.25,7.85,8.2,23960
2007-05-29,8.2,8.94,8.2,8.7,112764
2007-05-30,8.7,8.7,8.25,8.55,24558
2007-05-31,8.8,8.8,8.35,8.5,71703
2007-06-01,8.5,8.55,8.35,8.45,18972
2007-06-04,8.5,8.65,8.25,8.35,21285
2007-06-05,8,8.45,8,8.2,23899
2007-06-06,8.2,8.5,8,8.42,14523
2007-06-07,8.45,8.45,8,8.35,16698
2007-06-08,8.25,8.25,8.05,8.05,15896
2007-06-11,8,8.1,7.5,7.8,33288
2007-06-12,7.75,7.95,7.55,7.75,12959
2007-06-13,7.7,7.75,7.45,7.5,45169
2007-06-14,7.75,7.8,7.45,7.6,31864
2007-06-15,7.6,7.75,7.3,7.55,29975
2007-06-18,7.5,7.7,7.35,7.45,40392
2007-06-19,7.45,7.9,7.45,7.68,27850
2007-06-20,8,8.7,8,8.05,74091
2007-06-21,8.25,8.5,8.1,8.25,24764
2007-06-22,8.3,8.5,8.25,8.5,25087
2007-06-25,8.55,8.75,7.95,8.2,25597
2007-06-26,8.25,8.5,8,8.2,12464
2007-06-27,8.05,8.75,8.05,8.75,60287
2007-06-28,8.3,9.45,8.3,9.25,118514
2007-06-29,9.25,10,8.75,8.9,109318
2007-07-02,8.95,9.8,8.9,9.75,40186
2007-07-03,9.5,9.95,9.5,9.65,21953
2007-07-05,9.65,9.7,9.35,9.55,20285
2007-07-06,9.25,9.6,9,9.4,22485
2007-07-09,9.5,9.9,9.15,9.5,75699
2007-07-10,9.5,9.7,9.35,9.5,42570
2007-07-11,9.4,9.8,9.35,9.7,30201
2007-07-12,9.85,11.5,9.5,10.4,167109
2007-07-13,10.5,10.95,10.25,10.45,56371
2007-07-16,10.5,10.85,10.25,10.5,35748
2007-07-17,10.35,10.5,9.4,9.8,87884
2007-07-18,9.35,10.75,9.25,10.7,50348
2007-07-19,10.95,10.95,9.7,9.95,35751
2007-07-20,10,10,9.5,9.9,14700
2007-07-23,9.8,10.1,9.5,9.75,18552
2007-07-24,10.25,10.65,9.7,10,79657
2007-07-25,9.25,9.63,7.6,9.6,51236
2007-07-26,9.7,10.3,8.8,9.65,25648
2007-07-27,10,10,8.75,9,53948
2007-07-30,9.05,9.7,9,9.5,13721
2007-07-31,9.5,9.6,8.25,9.15,47097
2007-08-01,9.15,9.25,8.65,8.9,23940
2007-08-02,8.85,8.95,8.5,8.75,20012
2007-08-03,8.6,8.65,7.5,7.9,21984
2007-08-06,8,9.15,7.65,8.35,44792
2007-08-07,8.4,8.9,8.35,8.55,23034
2007-08-08,8.6,9,7.95,8.15,30156
2007-08-09,8.35,8.35,7.65,8.1,32298
2007-08-10,7.8,8.3,7.6,7.9,22963
2007-08-13,7.85,8.6,7.85,8.55,23361
2007-08-14,8.75,8.75,8.1,8.15,15777
2007-08-15,8,8.35,7.55,7.55,33329
2007-08-16,7.55,8.15,6.8,7.2,46328
2007-08-17,7.1,9,7.1,7.3,21628
2007-08-20,7.35,7.5,7.1,7.3,17334
2007-08-21,7.25,7.7,7.2,7.35,22536
2007-08-22,7.25,7.75,7.2,7.5,13079
2007-08-23,7.7,7.7,7.2,7.3,24532
2007-08-24,7.35,7.4,7.05,7.3,20820
2007-08-27,7.4,7.5,7.15,7.35,21148
2007-08-28,7.35,7.6,7.35,7.5,20179
2007-08-29,8.3,8.3,7.55,7.7,48615
2007-08-30,7.55,7.8,7.3,7.3,31479
2007-08-31,7.25,7.7,7.25,7.4,53024
2007-09-04,7.45,7.6,7.4,7.5,31821
2007-09-05,7.45,7.5,7.3,7.35,39699
2007-09-06,7.4,7.45,7.2,7.35,27637
2007-09-07,7.35,7.35,7.15,7.35,11279
2007-09-10,7.3,7.35,6.9,6.95,28934
2007-09-11,7.15,7.15,6.4,6.55,415784
2007-09-12,6.5,6.85,6.5,6.8,30002
2007-09-13,6.6,6.8,6.55,6.7,20077
2007-09-14,6.55,7.1,6.5,7.05,41117
2007-09-17,6.95,7.05,6.85,6.9,29342
2007-09-18,7.15,7.15,6.9,7.15,54052
2007-09-19,7.25,7.5,7.1,7.25,37692
2007-09-20,7.4,8.25,7.35,8.15,64084
2007-09-21,8.45,8.75,8.25,8.6,69808
2007-09-24,8.7,9.2,8.55,8.7,58584
2007-09-25,8.7,8.7,8.25,8.45,8566
2007-09-26,8.2,8.75,7.8,7.9,36061
2007-09-27,8.05,9.45,7.8,9.45,90753
2007-09-28,9.35,11.05,8.65,11.05,79216
2007-10-01,10.5,10.5,8.75,9.15,79808
2007-10-02,9.25,9.8,8.95,9.8,22905
2007-10-03,9.85,10,9.4,9.75,22735
2007-10-04,9.8,9.85,8.85,9.4,8704
2007-10-05,9.1,9.65,9.1,9.5,16936
2007-10-08,9.4,9.8,9.4,9.45,7170
2007-10-09,9.4,9.42,8.85,8.85,18451
2007-10-10,8.75,9.15,8.6,8.6,42248
2007-10-11,8.7,9,8.5,8.8,24158
2007-10-12,8.8,8.85,8.6,8.75,8815
2007-10-15,8.85,8.95,8.5,8.5,7451
2007-10-16,8.5,9,8.45,9,13036
2007-10-17,8.95,9.3,8.6,9,16833
2007-10-18,9,9,8.65,9,24153
2007-10-19,8.8,9,8.5,8.5,18199
2007-10-22,8.65,8.7,8.35,8.4,8388
2007-10-23,8.35,9.15,8.05,9,15774
2007-10-24,9.1,9.1,8.55,8.9,12966
2007-10-25,8.8,8.8,8.4,8.65,7492
2007-10-26,8.9,9.45,8.05,8.75,21390
2007-10-29,9.05,10,8.65,9.35,65355
2007-10-30,9.05,9.75,9.05,9.3,25568
2007-10-31,9.2,9.75,9,9.4,36062
2007-11-01,9.2,10,9.05,10,34941
2007-11-02,10,10,9.05,9.05,42625
2007-11-05,9.15,9.75,9,9.55,13737
2007-11-06,9.75,9.9,9.7,9.85,26218
2007-11-07,9.9,10.39,9.65,9.95,63427
2007-11-08,10.05,10.3,9.8,10.05,80458
2007-11-09,10.25,10.25,9.35,9.5,38552
2007-11-12,9.5,9.8,8.55,8.55,28735
2007-11-13,8.65,9.85,8.55,9.65,71316
2007-11-14,9.65,10.25,9.65,10.25,40092
2007-11-15,10.2,10.45,9.75,10.25,30672
2007-11-16,10.45,10.45,10.1,10.3,16312
2007-11-19,10.1,11.25,9.5,10.35,119016
2007-11-20,10.7,10.95,10.25,10.45,46187
2007-11-21,10.15,12.5,10.05,10.15,33618
2007-11-23,10.45,10.9,10.3,10.85,33615
2007-11-26,10.95,11.2,10.85,11.2,52830
2007-11-27,11.25,11.3,10.8,11.14,61091
2007-11-28,11.05,11.35,11,11.35,47856
2007-11-29,11.1,11.4,11.1,11.25,43290
2007-11-30,11.5,11.5,10.75,11.25,66626
2007-12-03,11.5,11.5,11.3,11.45,31817
2007-12-04,11.3,11.6,11.15,11.45,22479
2007-12-05,11.5,11.6,11.45,11.45,23850
2007-12-06,11.4,11.6,11.4,11.5,38620
2007-12-07,11.6,11.8,11.45,11.75,59192
2007-12-10,11.95,11.95,11.7,11.8,104311
2007-12-11,11.8,11.85,10.75,11.15,50447
2007-12-12,11.4,12,11.25,11.95,67948
2007-12-13,12.15,12.15,11.35,11.95,33127
2007-12-14,12,12,11.6,12,40089
2007-12-17,12.1,12.25,11.1,11.35,49094
2007-12-18,11.35,11.9,10.6,11.6,52739
2007-12-19,11.95,12.1,11.65,12.1,153292
2007-12-20,12.05,12.2,11.4,12,43849
2007-12-21,12,12.25,11.85,12.25,38397
2007-12-24,12.45,13.4,12.25,13.4,37314
2007-12-26,13.3,14.25,12.8,14.2,53702
2007-12-27,14.35,14.35,12.2,12.2,127689
2007-12-28,12.25,12.75,10.55,10.75,206224
2007-12-31,10.75,11.4,10.75,11,92417
2008-01-02,11.05,11.75,10.95,11.75,37749
2008-01-03,12,13,11.4,11.95,58209
2008-01-04,12.6,12.6,11.8,12.25,54338
2008-01-07,12.2,12.25,11.45,11.7,49743
2008-01-08,11.85,12.25,11.25,12,28589
2008-01-09,12.2,12.3,11.3,11.6,48584
2008-01-10,11.4,12.25,11.35,11.65,20792
2008-01-11,11.5,12.25,11.5,11.9,15113
2008-01-14,12,12.2,11.9,12.1,11685
2008-01-15,12,12,10.55,10.95,44574
2008-01-16,10.75,11.95,10.75,11.75,30250
2008-01-17,11.75,11.75,10.35,10.5,34830
2008-01-18,10.45,11,10.35,10.35,30984
2008-01-22,9.4,10.8,2,10.5,162342
2008-01-23,9.75,10.35,9.55,10.15,59038
2008-01-24,9.8,10.15,9.6,10,38972
2008-01-25,10.15,10.75,10.15,10.2,36803
2008-01-28,10.05,10.95,10.05,10.85,46415
2008-01-29,10.75,11,10.15,10.5,33085
2008-01-30,10.65,10.85,10.3,10.85,28074
2008-01-31,10.7,10.9,10.15,10.9,31015
2008-02-01,10,10.95,10,10.95,37151
2008-02-04,10.75,11,10.25,10.7,72477
2008-02-05,10.55,10.8,10.45,10.75,18944
2008-02-06,10.75,10.75,10.6,10.65,18877
2008-02-07,10.65,10.65,10.3,10.5,26248
2008-02-08,10.65,10.7,10.2,10.5,26387
2008-02-11,10.4,10.7,10.15,10.35,27939
2008-02-12,10.25,10.45,10.1,10.4,32968
2008-02-13,10.35,10.45,10,10.3,52088
2008-02-14,10.35,10.45,9,9.5,46856
2008-02-15,9.6,10,9.05,9.9,17285
2008-02-19,10,10.4,9.35,10.15,40557
2008-02-20,9.95,10.2,9.75,9.9,34772
2008-02-21,9.85,10.2,9.8,9.9,16030
2008-02-22,9.8,10.25,9.65,9.65,31129
2008-02-25,9.8,10.1,9.15,9.6,18419
2008-02-26,9.4,9.7,9.15,9.55,18926
2008-02-27,9.3,9.6,9.05,9.3,19220
2008-02-28,9.1,9.5,9.1,9.4,14427
2008-02-29,9.25,9.5,8.85,9,15099
2008-03-03,8.85,9.5,8.85,9.5,15022
2008-03-04,9.3,9.75,8.9,9.3,39149
2008-03-05,9.45,9.75,9.1,9.3,44289
2008-03-06,9.25,9.55,9.15,9.55,31033
2008-03-07,9.65,9.65,9.05,9.45,12776
2008-03-10,9.55,9.85,9.25,9.85,11041
2008-03-11,9.8,9.8,9.4,9.4,47973
2008-03-12,9.3,9.5,8.85,9.08,15676
2008-03-13,8.85,9.45,8.85,9.2,14640
2008-03-14,9.4,9.75,9.25,9.75,16201
2008-03-17,9.5,9.5,8.1,8.6,29063
2008-03-18,8.55,9.5,8.55,8.9,31480
2008-03-19,9.15,9.45,8,8.7,37526
2008-03-20,8.6,8.6,6.9,7.3,104922
2008-03-24,7,7.7,6.95,7.2,58830
2008-03-25,7.55,8.75,7.1,8.6,28251
2008-03-26,8.7,9.05,8.25,8.4,24749
2008-03-27,8.35,9.75,8.35,9.7,175926
2008-03-28,9.5,9.75,9.2,9.5,125211
2008-03-31,9.45,9.65,9.2,9.3,3970
2008-04-01,9.35,9.75,9.05,9.45,17321
2008-04-02,9.3,9.55,8.75,9.55,26741
2008-04-03,9.7,9.75,9,9.45,23246
2008-04-04,9.3,9.3,8.8,9.15,19283
2008-04-07,9,9.2,8.7,8.95,22727
2008-04-08,9,9.5,8.75,9.05,32464
2008-04-09,8.95,9,8.75,8.75,10609
2008-04-10,8.85,9.05,8.75,9.05,9366
2008-04-11,8.7,8.8,8,8.25,46744
2008-04-14,8.25,8.25,7.85,8.05,18341
2008-04-15,7.95,8.05,7.5,8.05,27561
2008-04-16,7.95,8.13,7.8,7.9,15449
2008-04-17,8.05,8.1,7.55,8.1,28886
2008-04-18,8.05,8.05,7.45,7.55,27391
2008-04-21,8.05,8.15,7,7.15,64127
2008-04-22,7,7.05,5.6,6.15,131462
2008-04-23,6.3,6.45,5.75,5.95,31651
2008-04-24,7.7,7.7,5.85,6.35,63589
2008-04-25,6.5,7,6.4,6.75,44990
2008-04-28,6.8,7,6.5,6.75,25789
2008-04-29,6.8,6.9,6.65,6.7,12567
2008-04-30,6.6,7,6.55,6.8,14638
2008-05-01,6.75,7,6.5,6.7,22132
2008-05-02,6.5,6.85,6.45,6.55,22667
2008-05-05,6.8,6.8,6.2,6.35,31986
2008-05-06,6.3,6.35,5.9,6,46068
2008-05-07,6.1,6.4,5.9,6.15,93267
2008-05-08,6.2,6.5,6.15,6.5,23859
2008-05-09,6.55,6.9,6.35,6.7,61126
2008-05-12,6.75,6.85,6.6,6.75,36714
2008-05-13,6.65,6.75,6.5,6.7,22179
2008-05-14,6.75,6.8,6.35,6.65,26875
2008-05-15,6.4,7.05,6.25,6.5,94561
2008-05-16,6.65,6.9,6.5,6.7,73764
2008-05-19,7.05,7.05,6.55,6.7,118106
2008-05-20,6.8,7.9,6.8,7.05,124405
2008-05-21,7.15,7.15,6.65,6.95,88937
2008-05-22,7,7,6.7,7,42485
2008-05-23,6.95,7,6.8,6.92,17942
2008-05-27,6.85,7,6.75,6.95,36922
2008-05-28,7,7.25,6.85,6.9,62469
2008-05-29,6.8,7.05,6.7,6.95,57259
2008-05-30,6.95,7,6.75,7,16661
2008-06-02,7,8.8,6.9,7.4,301723
2008-06-03,7.65,7.65,6.95,7.25,100716
2008-06-04,7.3,7.65,6.95,7.45,55695
2008-06-05,7.55,8.3,7.5,7.85,96031
2008-06-06,8,8,7.25,7.55,61269
2008-06-09,7.6,7.7,7.25,7.65,34929
2008-06-10,7.8,7.85,7.45,7.8,66889
2008-06-11,7.7,7.8,7.5,7.65,41658
2008-06-12,7.65,7.9,7.35,7.6,52130
2008-06-13,7.55,7.75,7.3,7.65,30648
2008-06-16,7.65,7.65,7.05,7.55,29072
2008-06-17,7.7,7.7,7.3,7.65,23485
2008-06-18,7.6,7.6,7.15,7.6,31603
2008-06-19,7.6,7.6,7.4,7.5,25282
2008-06-20,7.35,7.6,7.15,7.35,30393
2008-06-23,7.55,8.5,7.55,8.2,162988
2008-06-24,8.3,8.3,7.6,7.9,32870
2008-06-25,7.8,8.35,7.55,7.95,71681
2008-06-26,7.95,8,5.7,5.7,448179
2008-06-27,6,6.25,4.55,4.8,1437078
2008-06-30,5.25,6.5,5.25,5.85,321662
2008-07-01,5.85,5.9,4.8,5.4,149469
2008-07-02,4.85,5.4,4.85,5.25,73068
2008-07-03,5,5.1,4.88,4.95,34646
2008-07-07,5,5.1,4.75,4.9,68661
2008-07-08,5.05,5.05,4.8,4.95,29206
2008-07-09,4.87,4.92,4.55,4.6,44942
2008-07-10,4.55,4.75,4.2,4.7,66155
2008-07-11,4.65,4.65,4.25,4.3,36849
2008-07-14,4.55,4.55,4.25,4.35,29354
2008-07-15,4.35,4.6,3.95,4.1,71037
2008-07-16,4,4.1,3.66,3.85,73500
2008-07-17,3.85,4.05,3.85,4,68403
2008-07-18,4,4.25,3.85,4.15,56425
2008-07-21,4.15,4.25,4.05,4.25,69188
2008-07-22,4.15,4.3,4.05,4.3,41805
2008-07-23,4.35,4.5,4.25,4.35,42636
2008-07-24,4.25,4.4,4.25,4.32,30034
2008-07-25,4.5,4.5,3.9,4.05,240405
2008-07-28,4.1,4.15,3.95,4,19330
2008-07-29,4.1,4.15,3.9,4,41551
2008-07-30,3.9,4.1,3.9,3.95,43227
2008-07-31,3.99,4,3.85,3.95,34637
2008-08-01,4,4.05,3.75,3.8,42130
2008-08-04,3.9,3.9,3.65,3.7,25552
2008-08-05,4,4,3.6,3.75,43309
2008-08-06,3.9,3.9,3.65,3.85,23385
2008-08-07,3.76,4.24,3.7,3.8,52708
2008-08-08,4.1,4.1,3.8,3.95,28331
2008-08-11,4,4,3.75,3.85,38667
2008-08-12,3.75,4,3.75,3.85,23466
2008-08-13,3.85,3.85,3.7,3.8,35020
2008-08-14,3.8,3.85,3.6,3.61,39441
2008-08-15,3.6,3.75,3.6,3.7,12896
2008-08-18,4,4.05,3.75,3.9,44789
2008-08-19,4,4,3.65,3.8,23253
2008-08-20,3.75,3.75,3.6,3.7,15801
2008-08-21,3.7,3.75,3.55,3.65,14169
2008-08-22,3.65,3.75,3.6,3.7,13795
2008-08-25,3.75,3.75,3.5,3.55,29707
2008-08-26,3.5,3.65,3.35,3.65,34054
2008-08-27,3.65,3.65,3.4,3.5,41608
2008-08-28,3.5,3.95,3.47,3.95,40950
2008-08-29,3.9,3.9,3.7,3.8,35285
2008-09-02,3.8,4.2,3.8,4.15,37073
2008-09-03,4.2,4.35,4.01,4.2,34745
2008-09-04,4.05,4.2,4,4,9006
2008-09-05,4,4.15,3.5,3.6,28626
2008-09-08,3.6,3.7,3.45,3.5,23582
2008-09-09,3.65,3.65,3.05,3.15,53164
2008-09-10,3.15,3.45,2.8,3.1,47215
2008-09-11,2.8,3.55,2.8,3.5,59787
2008-09-12,3.1,3.65,3.1,3.5,12090
2008-09-15,3.5,3.55,3.05,3.3,18867
2008-09-16,3.3,4.05,3.1,4,63213
2008-09-17,3.95,3.95,3.5,3.6,19131
2008-09-18,3.5,3.8,3.5,3.5,23016
2008-09-19,3.55,3.65,3.5,3.6,12927
2008-09-22,3.6,3.65,3.5,3.5,9936
2008-09-23,3.52,3.6,3.35,3.4,52126
2008-09-24,3.3,3.55,3.25,3.25,22344
2008-09-25,3.25,3.5,3.25,3.32,11799
2008-09-26,3.3,3.35,3.1,3.2,30842
2008-09-29,3.15,3.4,2.42,2.9,54560
2008-09-30,3.05,3.05,2.45,2.95,27250
2008-10-01,2.95,3.2,2.55,2.94,18636
2008-10-02,2.8,2.88,2.45,2.55,22876
2008-10-03,2.5,2.5,2.25,2.35,39234
2008-10-06,2.35,2.35,2,2,18527
2008-10-07,2.25,2.44,2.1,2.25,15795
2008-10-08,2.4,2.7,2.4,2.4,20418
2008-10-09,2.6,2.7,2.5,2.7,75419
2008-10-10,2.11,2.55,1.7,1.75,133993
2008-10-13,2,2.4,2,2.4,28765
2008-10-14,2.75,2.8,2.25,2.6,56192
2008-10-15,2.6,2.6,2.3,2.47,11961
2008-10-16,2.1,2.3,2.05,2.1,24726
2008-10-17,2.3,2.56,2.15,2.15,38848
2008-10-20,2.35,2.35,2,2.1,18763
2008-10-21,2.25,2.4,2.05,2.35,21502
2008-10-22,2.4,2.45,2.3,2.35,15285
2008-10-23,2.3,2.35,2.05,2.15,12431
2008-10-24,2.2,2.45,2.1,2.35,30512
2008-10-27,2.35,2.4,2.3,2.4,28488
2008-10-28,2.4,2.4,2.1,2.3,16816
2008-10-29,2.15,2.3,2.05,2.05,14627
2008-10-30,2.25,2.34,1.81,2.15,36173
2008-10-31,2.1,2.1,1.95,2.1,32420
2008-11-03,2.1,2.15,1.95,2,7880
2008-11-04,2.2,2.38,2,2.35,78953
2008-11-05,2.35,2.37,2.25,2.25,27980
2008-11-06,2.45,2.45,2.05,2.15,18646
2008-11-07,2.3,2.3,2.05,2.3,10549
2008-11-10,2.4,2.45,1.9,2.03,26077
2008-11-11,2.03,2.03,1.75,1.8,34582
2008-11-12,2,2,1.75,1.8,26543
2008-11-13,2,2,1.7,2,31847
2008-11-14,2.1,2.1,1.65,2,33458
2008-11-17,2,2,1.65,1.85,18959
2008-11-18,1.75,1.95,1.75,1.89,13924
2008-11-19,1.7,1.8,1.25,1.3,16353
2008-11-20,1.5,1.6,1.25,1.25,21537
2008-11-21,1.35,1.5,1.1,1.3,65350
2008-11-24,1.5,1.6,1.25,1.3,61197
2008-11-25,1.55,1.55,1.25,1.25,41751
2008-11-26,1.4,1.4,1.25,1.4,24751
2008-11-28,1.45,1.5,1.25,1.5,24913
2008-12-01,1.5,1.65,1.45,1.65,18203
2008-12-02,1.65,1.65,1.4,1.45,19434
2008-12-03,1.4,1.45,1.3,1.35,19341
2008-12-04,1.39,1.5,1.3,1.45,7715
2008-12-05,1.49,1.5,1.35,1.4,6004
2008-12-08,1.5,1.6,1.45,1.58,19841
2008-12-09,1.6,1.65,1.55,1.65,12667
2008-12-10,1.7,1.7,1.6,1.65,11158
2008-12-11,1.65,1.65,1.55,1.64,7025
2008-12-12,1.6,1.65,1.55,1.59,9659
2008-12-15,1.55,1.65,1.55,1.55,11474
2008-12-16,1.5,1.6,1.5,1.6,4498
2008-12-17,1.5,1.63,1.5,1.51,8340
2008-12-18,1.5,1.5,1.4,1.45,29305
2008-12-19,1.65,1.9,1.35,1.35,85403
2008-12-22,1.35,1.49,1.3,1.45,271090
2008-12-23,1.45,1.5,1.25,1.25,86039
2008-12-24,1.4,1.4,1.25,1.28,59019
2008-12-26,1.4,1.45,1.34,1.45,19452
2008-12-29,1.45,1.51,1.35,1.45,39456
2008-12-30,1.45,1.6,1.31,1.6,52671
2008-12-31,1.5,1.61,1.5,1.6,25928
2009-01-02,1.6,1.6,1.55,1.6,28709
2009-01-05,1.55,1.65,1.55,1.55,18232
2009-01-06,1.55,1.64,1.5,1.64,24633
2009-01-07,1.65,1.85,1.58,1.7,35209
2009-01-08,1.8,1.85,1.65,1.85,23527
2009-01-09,1.95,2,1.85,2,44451
2009-01-12,2,2,1.7,1.75,23821
2009-01-13,1.8,1.8,1.75,1.8,8944
2009-01-14,1.8,1.9,1.75,1.9,13338
2009-01-15,1.9,1.98,1.75,1.9,17594
2009-01-16,1.8,1.95,1.8,1.8,10426
2009-01-20,1.99,1.99,1.7,1.8,10155
2009-01-21,1.81,1.95,1.7,1.7,12390
2009-01-22,1.45,1.65,1.4,1.5,15492
2009-01-23,1.5,1.67,1.5,1.6,8890
2009-01-26,1.6,2.1,1.5,1.58,23523
2009-01-27,1.4,1.9,1.4,1.6,117945
2009-01-28,1.55,1.8,1.55,1.75,14709
2009-01-29,1.75,1.85,1.6,1.85,10838
2009-01-30,1.95,2.75,1.95,2.6,421712
2009-02-02,2.6,2.98,2.3,2.65,57919
2009-02-03,2.65,2.65,2.35,2.35,26131
2009-02-04,2.35,2.45,2.35,2.4,44124
2009-02-05,2.25,2.45,1.93,1.95,45387
2009-02-06,1.85,2.3,1.8,2.3,32330
2009-02-09,2.45,2.6,2.25,2.6,23151
2009-02-10,2.55,2.8,2.5,2.7,34501
2009-02-11,2.8,3.2,2.75,2.95,63919
2009-02-12,3.05,3.05,2.55,2.85,38773
2009-02-13,3,3.15,2.65,3.1,47958
2009-02-17,3.15,3.3,3,3.3,79288
2009-02-18,3.2,3.3,3.1,3.25,28928
2009-02-19,3.3,3.3,2.8,3.05,23892
2009-02-20,2.75,2.9,2.6,2.65,29342
2009-02-23,2.85,3.05,2.35,2.35,33030
2009-02-24,2.35,2.9,2.35,2.8,13680
2009-02-25,3,3,2.8,2.9,11962
2009-02-26,2.95,2.95,2.8,2.95,6190
2009-02-27,2.8,2.95,2.8,2.85,16960
2009-03-02,2.9,3,2.7,2.85,11784
2009-03-03,2.75,2.85,2.5,2.85,20047
2009-03-04,2.65,2.75,2.41,2.5,10651
2009-03-05,2.72,2.75,2.55,2.75,4971
2009-03-06,2.75,3.1,2.35,2.9,26385
2009-03-09,3.05,3.1,2.8,2.9,15025
2009-03-10,2.75,3,2.75,2.76,11397
2009-03-11,2.8,2.84,2.7,2.8,5245
2009-03-12,2.8,2.9,2.75,2.76,7441
2009-03-13,2.75,2.8,2.55,2.8,18364
2009-03-16,2.8,2.85,2.55,2.75,6449
2009-03-17,2.75,2.8,2.6,2.7,5696
2009-03-18,2.75,2.75,2.45,2.6,8599
2009-03-19,2.8,2.85,2.5,2.75,11976
2009-03-20,2.55,2.75,2.45,2.5,12738
2009-03-23,2.75,2.75,2.45,2.7,12748
2009-03-24,2.7,2.7,2.65,2.7,9516
2009-03-25,2.7,2.8,2.6,2.8,9452
2009-03-26,2.75,3,2.6,2.95,54410
2009-03-27,2.94,2.95,2.68,2.9,17333
2009-03-30,2.75,2.8,2.6,2.65,18014
2009-03-31,2.75,3,2.6,3,7034
2009-04-01,3.05,3.2,2.9,3.2,15909
2009-04-02,3.25,3.25,2.95,3.1,12474
2009-04-03,3.1,3.1,3,3,8157
2009-04-06,2.9,3.15,2.87,2.9,11245
2009-04-07,3.15,3.15,2.9,3.05,7446
2009-04-08,3.15,3.3,3.1,3.3,25319
2009-04-09,3.3,3.3,3.25,3.25,23864
2009-04-13,3.25,3.4,3.2,3.35,13616
2009-04-14,3.4,3.4,3.2,3.4,18347
2009-04-15,3.35,3.42,3.2,3.2,16545
2009-04-16,3.42,3.42,3.3,3.4,24612
2009-04-17,3.45,3.75,3.4,3.75,43433
2009-04-20,3.75,4,3.6,3.9,34442
2009-04-21,3.9,3.95,3.6,3.7,18344
2009-04-22,3.75,3.75,3,3.25,154455
2009-04-23,3.3,3.3,3.1,3.25,39912
2009-04-24,3.12,3.25,2.95,2.95,39143
2009-04-27,3.15,3.15,2.95,3.05,13399
2009-04-28,3.15,3.15,3.1,3.15,4795
2009-04-29,3.3,3.3,2.8,3.05,39178
2009-04-30,3.05,3.15,2.82,2.95,22853
2009-05-01,2.88,3.08,2.88,2.88,20093
2009-05-04,3.05,3.15,2.95,3,31193
2009-05-05,3,3.1,2.92,3,18462
2009-05-06,3,3,2.85,2.9,26227
2009-05-07,2.9,3,2.6,2.6,66021
2009-05-08,2.65,3.2,2.6,2.75,30651
2009-05-11,2.8,3.25,2.8,2.95,43568
2009-05-12,3,3.1,2.8,3,28788
2009-05-13,2.95,3,2.65,2.7,21468
2009-05-14,2.75,2.8,2.6,2.8,21665
2009-05-15,2.88,2.88,2.6,2.7,4995
2009-05-18,2.75,2.75,2.55,2.7,20976
2009-05-19,2.72,2.85,2.6,2.65,38148
2009-05-20,2.65,2.75,2.6,2.75,18275
2009-05-21,2.74,2.74,2.3,2.65,79387
2009-05-22,2.3,2.5,2.3,2.3,37084
2009-05-26,2.5,2.6,2.4,2.5,31113
2009-05-27,2.58,2.65,2.3,2.5,44065
2009-05-28,2.5,2.55,2.35,2.5,17526
2009-05-29,2.5,2.5,2.35,2.45,10691
2009-06-01,2.5,2.65,2.36,2.65,34282
2009-06-02,2.75,3.05,2.5,2.95,84006
2009-06-03,3,3,2.8,2.9,16456
2009-06-04,2.9,3,2.65,2.9,32852
2009-06-05,3.15,3.15,2.65,2.85,18015
2009-06-08,2.75,2.9,2.6,2.75,20210
2009-06-09,2.9,3,2.53,3,86808
2009-06-10,2.9,3,2.6,2.78,59810
2009-06-11,2.8,3.4,2.7,3.3,87164
2009-06-12,3.1,3.45,3.05,3.2,113229
2009-06-15,3.25,3.8,3.15,3.65,248650
2009-06-16,3.65,3.8,3.35,3.35,191754
2009-06-17,3.48,3.65,3.25,3.4,14560
2009-06-18,3.4,3.4,3.17,3.2,18098
2009-06-19,3.2,3.7,3.1,3.2,100231
2009-06-22,3.5,3.5,3.05,3.1,19598
2009-06-23,3.25,3.65,3.15,3.64,111059
2009-06-24,3.8,4.65,3.76,4.25,196473
2009-06-25,4.25,4.68,3.9,4.6,99132
2009-06-26,4.6,4.74,4.15,4.4,92218
2009-06-29,4.6,4.6,4.2,4.4,37082
2009-06-30,4.4,4.75,4.18,4.3,28078
2009-07-01,4.31,4.4,4.05,4.1,15473
2009-07-02,4.15,4.25,3.8,4.15,26270
2009-07-06,4.3,4.3,4,4.05,14099
2009-07-07,4.05,4.25,4,4,16789
2009-07-08,4,4.1,3.6,3.6,27648
2009-07-09,3.7,3.7,3.6,3.7,10623
2009-07-10,3.9,4.08,3.75,4.08,7355
2009-07-13,3.6,3.65,3.3,3.3,85712
2009-07-14,3.65,3.65,3.45,3.6,16743
2009-07-15,4,4,3.6,4,16249
2009-07-16,3.98,3.98,3.6,3.65,16489
2009-07-17,3.65,3.7,3.6,3.65,4596
2009-07-20,3.7,3.7,3.3,3.45,20412
2009-07-21,3.5,3.65,3.45,3.65,7052
2009-07-22,3.75,3.75,3.5,3.75,3316
2009-07-23,3.65,3.69,3.5,3.5,11109
2009-07-24,3.65,3.65,3.5,3.65,8557
2009-07-27,3.65,3.7,3.55,3.55,11381
2009-07-28,3.65,3.65,3.35,3.55,18554
2009-07-29,3.62,3.62,3.35,3.4,3129
2009-07-30,3.35,3.6,3.35,3.4,6754
2009-07-31,3.5,3.68,3.32,3.68,21054
2009-08-03,3.68,3.68,3.35,3.4,27843
2009-08-04,3.6,3.6,3.35,3.55,12761
2009-08-05,3.5,3.9,3.5,3.65,46953
2009-08-06,3.75,3.75,3.6,3.65,13264
2009-08-07,3.8,3.8,3.5,3.7,19764
2009-08-10,3.7,3.7,3.55,3.6,20382
2009-08-11,3.65,3.8,3.65,3.7,35385
2009-08-12,3.8,3.9,3.65,3.9,17329
2009-08-13,3.75,3.95,3.75,3.75,14193
2009-08-14,3.85,3.9,3.7,3.9,10595
2009-08-17,3.6,3.75,3.6,3.6,16087
2009-08-18,3.5,3.85,3.5,3.85,20234
2009-08-19,3.85,3.85,3.6,3.6,5484
2009-08-20,3.5,3.8,3.5,3.6,16131
2009-08-21,3.55,3.8,3.5,3.55,32940
2009-08-24,3.95,3.95,3.6,3.8,29654
2009-08-25,3.8,3.95,3.65,3.9,21427
2009-08-26,3.8,3.9,3.7,3.7,21200
2009-08-27,3.85,3.95,3.75,3.95,33315
2009-08-28,3.96,3.96,3.7,3.95,14550
2009-08-31,3.9,3.9,3.65,3.65,23495
2009-09-01,3.65,3.7,3.6,3.6,6253
2009-09-02,3.6,3.9,3.6,3.72,17016
2009-09-03,3.72,3.72,3.63,3.63,10991
2009-09-04,3.65,3.8,3.63,3.8,13234
2009-09-08,3.8,3.8,3.65,3.65,17776
2009-09-09,3.65,3.8,3.65,3.8,18143
2009-09-10,3.8,4.17,3.71,4,60067
2009-09-11,3.98,4.15,3.83,3.83,18035
2009-09-14,3.95,4,3.8,3.95,18668
2009-09-15,4,4.05,3.85,3.9,45369
2009-09-16,4.05,4.05,3.85,3.9,72474
2009-09-17,3.95,3.95,3.75,3.95,16537
2009-09-18,3.8,3.9,3.66,3.66,15795
2009-09-21,3.75,3.85,3.66,3.85,17712
2009-09-22,3.85,3.85,3.77,3.8,7877
2009-09-23,3.8,4.05,3.8,4,59502
2009-09-24,4,4,3.81,3.85,18615
2009-09-25,3.85,4.35,3.82,4.2,85365
2009-09-28,4.25,4.5,4.2,4.38,70938
2009-09-29,4.45,4.6,4.28,4.6,29000
2009-09-30,4.55,4.6,4.3,4.3,55154
2009-10-01,4.3,4.3,4.04,4.1,33185
2009-10-02,4.1,4.1,3.95,3.95,32300
2009-10-05,4.05,4.15,3.8,3.95,26786
2009-10-06,4.04,4.7,3.81,4.25,140609
2009-10-07,4.1,4.25,3.95,4.05,112305
2009-10-08,4,5.7,3.95,4.7,708664
2009-10-09,4.65,5.1,4.38,4.78,120044
2009-10-12,4.77,4.95,4.55,4.8,74004
2009-10-13,4.6,4.69,4.5,4.55,48553
2009-10-14,6,7,5.85,6.25,749103
2009-10-15,5.8,6.2,5.75,6.2,126579
2009-10-16,6.05,6.2,5.6,5.8,58369
2009-10-19,5.8,6.4,5.7,6.35,110071
2009-10-20,6.35,6.5,6.1,6.45,55162
2009-10-21,6.3,6.6,6.25,6.5,64118
2009-10-22,6.5,6.5,6.05,6.35,58443
2009-10-23,6.5,7.2,6.25,7.2,237023
2009-10-26,7.45,7.5,6.3,6.55,144238
2009-10-27,6.5,6.5,6.05,6.25,56009
2009-10-28,6.05,6.25,5.25,5.45,123938
2009-10-29,5.35,6.1,5.35,5.75,74469
2009-10-30,5.8,6,5.75,5.8,52715
2009-11-02,5.6,5.75,5.35,5.45,35342
2009-11-03,5.45,5.85,5.35,5.85,24865
2009-11-04,5.85,5.85,5.45,5.45,38678
2009-11-05,5.75,6,5.5,6,21978
2009-11-06,5.8,6.2,5.8,5.9,34501
2009-11-09,5.75,5.9,5.6,5.65,23945
2009-11-10,5.55,6.7,5.55,5.95,273084
2009-11-11,5.95,6.05,5.55,5.6,37716
2009-11-12,5.6,5.8,5.45,5.5,26679
2009-11-13,5.4,5.8,5.4,5.55,20807
2009-11-16,5.4,5.59,5.25,5.35,35451
2009-11-17,5.25,5.44,5.15,5.25,20703
2009-11-18,5.1,5.55,5.1,5.5,26430
2009-11-19,5.35,5.5,5.3,5.35,11798
2009-11-20,5.35,5.4,5.15,5.3,11534
2009-11-23,5.3,5.4,5.15,5.2,21216
2009-11-24,5.1,5.2,5,5.2,48353
2009-11-25,5.1,5.45,5.05,5.15,16910
2009-11-27,5,5.45,5,5.45,6858
2009-11-30,5.45,5.65,5.3,5.3,34803
2009-12-01,5.5,5.8,5.35,5.7,27358
2009-12-02,5.7,5.75,5.45,5.45,9461
2009-12-03,5.6,5.6,5.2,5.4,20822
2009-12-04,5.4,5.7,5.1,5.6,67606
2009-12-07,5.6,5.6,5.4,5.45,9287
2009-12-08,5.35,5.7,5.3,5.5,9526
2009-12-09,5.35,5.5,5.1,5.15,13435
2009-12-10,5.45,5.45,5.1,5.2,18781
2009-12-11,5.2,5.4,4.75,4.85,65751
2009-12-14,4.85,5.15,4.81,5.1,31113
2009-12-15,5.1,5.15,4.85,5,32732
2009-12-16,5,5.05,4.85,4.85,21540
2009-12-17,4.95,5,4.7,5,37609
2009-12-18,5,5.4,4.75,5.4,48397
2009-12-21,5.3,5.6,5.2,5.2,16536
2009-12-22,5.25,5.25,5,5.25,16105
2009-12-23,5.15,5.3,5.1,5.1,7039
2009-12-24,5.15,5.35,5.1,5.35,5522
2009-12-28,5.4,5.4,5,5.35,13345
2009-12-29,5.2,5.25,5.1,5.1,11550
2009-12-30,5.1,5.15,5,5.15,8517
2009-12-31,5.15,5.5,5.1,5.3,21073
2010-01-04,5.5,5.5,5.1,5.45,14592
2010-01-05,5.45,5.5,5.3,5.45,29740
2010-01-06,5.45,5.5,5.15,5.25,22965
2010-01-07,5.2,5.6,5.2,5.45,33381
2010-01-08,5.4,6.1,5.35,6.05,67679
2010-01-11,6.15,6.25,5.65,6.15,36735
2010-01-12,6,6.3,5.75,5.8,21260
2010-01-13,5.85,6.05,5.7,5.9,16068
2010-01-14,5.95,5.95,5.75,5.85,12063
2010-01-15,5.75,5.8,5.5,5.5,16506
2010-01-19,5.35,5.6,5.35,5.55,16539
2010-01-20,5.7,5.7,5.55,5.7,5488
2010-01-21,5.65,5.65,5.25,5.4,19390
2010-01-22,5.4,5.4,4.81,4.9,40225
2010-01-25,4.95,5.15,4.9,5,25682
2010-01-26,4.9,5.3,4.86,4.95,7492
2010-01-27,4.95,5.05,4.9,5,5127
2010-01-28,5.05,5.2,4.91,5.2,16894
2010-01-29,5.05,5.25,5,5.15,14633
2010-02-01,5.18,5.3,5.15,5.2,14203
2010-02-02,5.2,5.3,5,5,10193
2010-02-03,5.05,5.21,5.05,5.05,10735
2010-02-04,5.05,5.15,4.96,5,17120
2010-02-05,4.9,5.2,4.9,4.9,18484
2010-02-08,5.05,5.05,4.6,4.7,61481
2010-02-09,5.25,5.25,4.65,4.9,61746
2010-02-10,5.05,5.05,4.7,4.9,55891
2010-02-11,5,5,4.67,4.8,19958
2010-02-12,4.8,4.91,4.65,4.74,22544
2010-02-16,4.95,5,4.7,4.85,11942
2010-02-17,4.85,4.85,4.66,4.85,12545
2010-02-18,4.75,4.85,4.65,4.65,16928
2010-02-19,4.65,4.65,3.95,4.1,164697
2010-02-22,4.2,4.4,3.95,4.3,44278
2010-02-23,4.3,4.35,4.03,4.15,24053
2010-02-24,4.05,4.2,4.05,4.05,11184
2010-02-25,4.1,4.1,3.9,3.93,32691
2010-02-26,3.95,4,3.9,3.9,31207
2010-03-01,3.82,4.4,3.75,3.75,96085
2010-03-02,3.95,3.95,3.75,3.9,39295
2010-03-03,4,4,3.85,3.95,14251
2010-03-04,3.95,4.1,3.9,4,12164
2010-03-05,4,4.35,4,4.3,14736
2010-03-08,4.25,4.7,4.1,4.55,29947
2010-03-09,4.5,5,4.5,4.85,30136
2010-03-10,4.9,4.9,4.7,4.9,9711
2010-03-11,4.8,4.9,4.75,4.85,10931
2010-03-12,4.75,4.85,4.4,4.45,33974
2010-03-15,4.5,4.65,4.4,4.45,6379
2010-03-16,4.45,4.74,4.45,4.74,5928
2010-03-17,4.71,4.71,4.31,4.35,15319
2010-03-18,4.3,4.45,4.25,4.25,7905
2010-03-19,4.25,4.7,4.05,4.6,15635
2010-03-22,4.45,4.55,4.25,4.25,6084
2010-03-23,4.2,4.4,4.05,4.1,14243
2010-03-24,4.08,4.55,4.08,4.1,30152
2010-03-25,4.25,4.5,4.2,4.5,8636
2010-03-26,4.5,4.5,4.2,4.2,5497
2010-03-29,4.2,4.38,4.08,4.1,9502
2010-03-30,4.08,4.25,4,4.25,41929
2010-03-31,4,4.05,3.95,4.05,14589
2010-04-05,3.9,4,3.85,4,25139
2010-04-06,3.9,3.9,3.8,3.8,64199
2010-04-07,3.8,3.9,3.65,3.75,49385
2010-04-08,3.72,3.75,3.6,3.6,36349
2010-04-09,3.55,3.74,3.5,3.5,54461
2010-04-12,3.5,3.8,3.5,3.65,85925
2010-04-13,3.55,3.9,3.55,3.8,34711
2010-04-14,3.9,4.15,3.85,4.14,90187
2010-04-15,3.9,4.25,3.9,3.9,111340
2010-04-16,4,4.25,3.91,4.2,63980
2010-04-19,4.25,4.25,3.95,4.25,78843
2010-04-20,4.25,4.25,3.95,4,19212
2010-04-21,4.05,4.1,4,4.04,312355
2010-04-22,4.12,4.28,3.95,4.28,65110
2010-04-23,4.4,4.6,4.1,4.45,109703
2010-04-26,4.52,4.52,4,4,48481
2010-04-27,4,4.05,3.82,3.82,26988
2010-04-28,3.85,4.05,3.8,4.05,25301
2010-04-29,4,4.09,3.8,4.09,46225
2010-04-30,4.1,4.1,3.82,4.1,31223
2010-05-03,4,4.1,3.9,3.95,14681
2010-05-04,4,4,3.81,3.81,87001
2010-05-05,3.85,4.1,3.81,4.05,23149
2010-05-06,4.05,4.1,3.75,4,50723
2010-05-07,3.9,4,3.7,3.85,20540
2010-05-10,3.9,4.2,3.9,4,39493
2010-05-11,4.1,4.1,3.9,3.98,29088
2010-05-12,3.9,3.95,3.85,3.85,26249
2010-05-13,3.87,4.22,3.8,4.22,65009
2010-05-14,4.25,4.25,3.9,3.9,71476
2010-05-17,3.9,4.04,3.9,4,41539
2010-05-18,4.15,4.4,4.01,4.1,86655
2010-05-19,4.2,4.3,4,4.3,30655
2010-05-20,4,4.14,3.86,3.86,43489
2010-05-21,4,4.1,3.7,3.7,36575
2010-05-24,4,4.05,3.75,4.05,15623
2010-05-25,3.95,4,3.8,3.8,14910
2010-05-26,3.85,4.09,3.8,4,17634
2010-05-27,4,4.05,3.75,3.75,24626
2010-05-28,3.95,4.16,3.85,4.1,23733
2010-06-01,3.95,4.05,3.81,3.9,12299
2010-06-02,4.04,4.05,3.8,3.8,15158
2010-06-03,3.9,4.1,3.9,4.1,7487
2010-06-04,4.09,4.09,3.95,4.09,12784
2010-06-07,3.9,4.09,3.9,4,14203
2010-06-08,4.02,4.02,3.85,3.85,16440
2010-06-09,3.9,4.1,3.9,4.1,4945
2010-06-10,4.02,4.02,3.95,3.96,8311
2010-06-11,3.95,4.15,3.9,4.15,14102
2010-06-14,4.02,4.1,3.9,4,14587
2010-06-15,3.95,4.05,3.95,3.95,3453
2010-06-16,4.1,4.1,4,4.1,3645
2010-06-17,4.05,4.05,3.95,4.05,3630
2010-06-18,4.05,4.1,3.9,3.9,6748
2010-06-21,3.95,4.1,3.95,4.1,4280
2010-06-22,4.15,4.45,4.15,4.25,90336
2010-06-23,4.3,4.3,4.15,4.2,16147
2010-06-24,4.2,4.2,4,4.08,23984
2010-06-25,4.08,4.19,4,4.15,9432
2010-06-28,4.05,4.1,3.95,3.95,8568
2010-06-29,4.2,4.23,3.9,4.19,13427
2010-06-30,4.1,4.2,3.9,3.9,15563
2010-07-01,3.9,4.3,3.9,4.25,27218
2010-07-02,4.25,4.3,4.15,4.15,10143
2010-07-06,4.15,4.3,4.15,4.15,13481
2010-07-07,4.3,4.38,4.2,4.25,11734
2010-07-08,4.25,4.5,4.25,4.4,53459
2010-07-09,4.4,4.65,4.4,4.45,36705
2010-07-12,4.4,4.9,4.4,4.52,41277
2010-07-13,4.75,5,4.7,4.9,61802
2010-07-14,4.9,4.9,4.75,4.9,12442
2010-07-15,4.9,5.2,4.75,5.2,114257
2010-07-16,5.2,5.2,5.05,5.15,26132
2010-07-19,5.1,5.2,4.9,4.95,29451
2010-07-20,5.15,5.15,4.75,5.1,13123
2010-07-21,5.1,5.75,5.1,5.3,103736
2010-07-22,5.35,5.45,5.1,5.45,29509
2010-07-23,5.4,5.7,5.3,5.4,49435
2010-07-26,5.55,5.75,5.5,5.6,24920
2010-07-27,5.75,5.8,5.2,5.65,102651
2010-07-28,5.65,5.7,5.25,5.6,48111
2010-07-29,5.65,5.7,5.4,5.5,13490
2010-07-30,5.3,5.7,5.25,5.6,15476
2010-08-02,5.75,5.95,5.7,5.75,61876
2010-08-03,5.75,6,5.75,5.95,24054
2010-08-04,5.95,6.55,5.85,6.25,65551
2010-08-05,6.4,6.4,5.8,6.05,78178
2010-08-06,6.05,6.4,5.95,6.25,26915
2010-08-09,6.45,6.8,6.3,6.75,70637
2010-08-10,6.8,6.8,6.1,6.45,50682
2010-08-11,6.1,6.3,5.8,5.8,27308
2010-08-12,5.8,6.15,5.6,5.75,31841
2010-08-13,5.8,5.85,5.5,5.75,17998
2010-08-16,5.75,5.75,5.4,5.4,20603
2010-08-17,5.3,5.8,5.3,5.45,23343
2010-08-18,5.55,6.2,5.5,6.2,31820
2010-08-19,6,6.1,5.6,5.95,22193
2010-08-20,5.8,5.8,5.35,5.6,30810
2010-08-23,5.5,6.4,5.45,6.1,35874
2010-08-24,5.85,6.05,5.6,5.65,14500
2010-08-25,5.65,5.7,5.4,5.7,18196
2010-08-26,5.65,5.65,5.15,5.15,26070
2010-08-27,5.2,5.45,5.1,5.45,8933
2010-08-30,5.25,5.4,5.2,5.25,8905
2010-08-31,5.25,5.65,5.25,5.6,13697
2010-09-01,5.65,5.75,5.45,5.7,21131
2010-09-02,5.8,5.9,5.65,5.9,5296
2010-09-03,6,6.1,5.95,6.1,70050
2010-09-07,6,6.05,5.75,5.8,26450
2010-09-08,5.95,6.05,5.7,5.75,84786
2010-09-09,5.6,5.75,5.3,5.6,61287
2010-09-10,5.5,5.6,5.35,5.45,9742
2010-09-13,5.4,5.95,5.4,5.75,12082
2010-09-14,5.65,5.9,5.4,5.65,15359
2010-09-15,5.65,6.1,5.65,6,26038
2010-09-16,6,6,5.75,6,4561
2010-09-17,6,6.05,5.6,5.6,61200
2010-09-20,5.65,5.85,5.45,5.85,38718
2010-09-21,5.8,5.84,5.5,5.75,13881
2010-09-22,5.8,6.15,5.75,6.05,77646
2010-09-23,5.85,5.85,5.65,5.85,31192
2010-09-24,5.85,6.1,5.74,5.9,23348
2010-09-27,6,6.3,5.85,6,64464
2010-09-28,6.5,7.55,6.4,6.78,615665
2010-09-29,6.5,7,6.25,7,805808
2010-09-30,6.5,6.8,6.35,6.65,139944
2010-10-01,6.7,6.85,6.35,6.75,30519
2010-10-04,6.85,6.9,6.3,6.75,41312
2010-10-05,6.9,6.95,6.6,6.95,52965
2010-10-06,6.9,7.1,6.55,7,35199
2010-10-07,6.85,7.05,6.6,7.05,24414
2010-10-08,7,7.25,6.8,7.25,22110
2010-10-11,7.35,7.45,7.05,7.2,42247
2010-10-12,7.2,7.25,7,7.25,25229
2010-10-13,7.25,7.7,7.15,7.7,74548
2010-10-14,7.85,7.95,7.6,7.95,57839
2010-10-15,8,8.4,7.5,7.9,225254
2010-10-18,8.05,8.05,7.7,7.7,60121
2010-10-19,7.65,7.89,7.25,7.36,41565
2010-10-20,7.45,7.6,7.25,7.6,23591
2010-10-21,7.6,7.6,7.35,7.35,13640
2010-10-22,7.45,7.45,6.9,7.4,34500
2010-10-25,7.45,7.45,7.2,7.3,26921
2010-10-26,7.85,8.5,7.55,8.4,262651
2010-10-27,8.35,8.45,7.7,8.25,84934
2010-10-28,8.45,9.15,8.35,8.85,138206
2010-10-29,8.75,9.1,8.5,9,57214
2010-11-01,9,9.2,8.25,8.85,101121
2010-11-02,8.8,9,8.3,8.35,42312
2010-11-03,8.5,8.8,8,8.7,44085
2010-11-04,9,9.3,8.65,9.2,100364
2010-11-05,9.2,9.45,8.85,9.25,113109
2010-11-08,9.3,9.3,8.9,9.1,48367
2010-11-09,9.05,9.2,8.95,9.1,57214
2010-11-10,9.5,9.5,8.95,9.2,95976
2010-11-11,9.25,10.55,8.85,10.4,377572
2010-11-12,10.75,10.95,10,10.3,136467
2010-11-15,10.4,10.7,10.15,10.55,77552
2010-11-16,10.2,10.75,9.75,9.75,90742
2010-11-17,9.95,10.05,9.5,9.75,35893
2010-11-18,9.8,10.15,9.75,9.95,61225
2010-11-19,10,10.05,9.55,9.9,24601
2010-11-22,10,10.6,9.65,10,221673
2010-11-23,9.7,10,9.2,9.45,110987
2010-11-24,9.45,9.85,9.35,9.8,46191
2010-11-26,9.8,10.4,9.7,10.4,51284
2010-11-29,10.5,10.65,9.9,10.6,95457
2010-11-30,10.6,10.6,10,10.4,63451
2010-12-01,10.55,11,10.35,10.85,114267
2010-12-02,10.95,11.5,10.75,11.45,149406
2010-12-03,11.45,12.25,11.3,12,185382
2010-12-06,12.15,12.2,11.5,11.6,97522
2010-12-07,12,12.1,9.75,10.4,203712
2010-12-08,10.25,10.75,10,10.3,74850
2010-12-09,10.4,10.85,10.35,10.8,47576
2010-12-10,11.5,12.55,11,12.55,274302
2010-12-13,12.7,13.25,11.7,11.95,160844
2010-12-14,11.8,12,11.25,11.5,82482
2010-12-15,11.55,12.5,11.55,11.9,117295
2010-12-16,12.05,13,11.75,12.95,86544
2010-12-17,12.9,13.3,12.5,13.3,95059
2010-12-20,13.45,13.55,12.85,13.35,151666
2010-12-21,13.5,13.54,12.55,13,131265
2010-12-22,13.1,13.3,12.65,12.75,107348
2010-12-23,12.7,13,12.65,13,88552
2010-12-27,13.1,13.1,12.7,12.75,61083
2010-12-28,12.85,13.25,12.15,12.15,229349
2010-12-29,12,12,11.05,11.25,347631
2010-12-30,11.45,11.95,11.1,11.4,559551
2010-12-31,11.7,12.95,11.45,12.3,243139
2011-01-03,12.7,12.98,12.35,12.85,148003
2011-01-04,12.8,12.9,12.25,12.6,90945
2011-01-05,12.65,13.1,12.5,12.85,136423
2011-01-06,13,13.05,12.8,12.92,69190
2011-01-07,12.9,12.9,12.05,12.5,144557
2011-01-10,12.35,12.45,11.9,12.2,91359
2011-01-11,12.2,12.35,11.85,11.9,86096
2011-01-12,12.25,13.85,12.05,13.75,306724
2011-01-13,13.9,14,13.05,13.45,182527
2011-01-14,13.25,13.4,13.05,13.3,62398
2011-01-18,13.5,13.6,12.5,13.25,109588
2011-01-19,13.2,13.2,12.25,12.3,147415
2011-01-20,12.3,12.45,11.75,11.85,97584
2011-01-21,11.9,12.04,11.75,11.8,56307
2011-01-24,11.8,12.15,11.25,11.5,113898
2011-01-25,11.35,11.45,10.65,10.9,163427
2011-01-26,10.9,11.2,10.5,11.1,137593
2011-01-27,10.9,11.65,10.65,11.45,112198
2011-01-28,11.6,11.65,11.1,11.3,55339
2011-01-31,11.25,11.4,10.5,10.75,152571
2011-02-01,10.8,11,10.6,10.9,45512
2011-02-02,11,11.95,10.95,11.7,96075
2011-02-03,11.75,11.85,11.2,11.35,49304
2011-02-04,11.55,11.55,11.1,11.1,67033
2011-02-07,10.95,11.95,10.85,11.8,90283
2011-02-08,11.85,11.9,11.35,11.45,66107
2011-02-09,11.35,11.45,11.25,11.35,58110
2011-02-10,11.25,11.4,11,11,39755
2011-02-11,11,12.2,11,11.85,78266
2011-02-14,11.8,12.95,11.8,12.7,168772
2011-02-15,12.95,13.2,11.4,11.8,206655
2011-02-16,12.05,12.7,11.7,12.6,117882
2011-02-17,12.7,12.72,12.15,12.45,56481
2011-02-18,12.3,12.75,12.2,12.6,44787
2011-02-22,12.6,12.6,11.8,11.95,82830
2011-02-23,12,12.35,11,11,77683
2011-02-24,11,11.9,10.9,11.15,57948
2011-02-25,11.25,11.9,11.25,11.25,46343
2011-02-28,11.3,11.7,11.25,11.25,53575
2011-03-01,11.5,11.7,11,11.1,73409
2011-03-02,11.05,11.5,11.05,11.25,41691
2011-03-03,11.6,11.75,11.15,11.75,61538
2011-03-04,11.7,11.75,11.3,11.4,29110
2011-03-07,11.3,11.75,11.1,11.4,67015
2011-03-08,11.35,12.05,11.3,11.75,94441
2011-03-09,11.75,11.75,11.2,11.35,64931
2011-03-10,11.15,11.25,10.45,10.85,128533
2011-03-11,10.55,11.2,10.45,11,38394
2011-03-14,11,11,10.5,10.65,60717
2011-03-15,10.45,10.6,8.65,10.2,188603
2011-03-16,10.1,10.7,9.95,10.05,58955
2011-03-17,10.2,10.6,10,10.55,58342
2011-03-18,10.8,11.2,10.54,11.2,52841
2011-03-21,11.3,11.5,10.85,11.3,93458
2011-03-22,11.25,11.7,11,11.6,47290
2011-03-23,11.75,11.75,11,11.2,63422
2011-03-24,11.4,11.65,11.15,11.4,41605
2011-03-25,11.4,13.2,11.05,12.8,368182
2011-03-28,12.7,13.5,12.7,13.35,237109
2011-03-29,14,14.8,13.35,14.6,664975
2011-03-30,14.6,14.6,13.55,14.3,919061
2011-03-31,14.35,15.07,14.05,14.65,255949
2011-04-01,14.85,15.15,14.35,14.6,104890
2011-04-04,14.8,14.9,14.3,14.5,90752
2011-04-05,14.5,14.8,14.3,14.75,83459
2011-04-06,14.25,14.75,13.8,14.25,156596
2011-04-07,14.4,14.4,13.75,14.1,74046
2011-04-08,14.15,14.2,12.9,13.3,131567
2011-04-11,13.75,14,12.9,12.95,96045
2011-04-12,13,13,12.25,12.35,134526
2011-04-13,12.5,12.85,12.15,12.55,155538
2011-04-14,12.5,14,12.2,13.75,157860
2011-04-15,13.75,14.65,13.4,14.55,155600
2011-04-18,14,14,13.15,13.4,133412
2011-04-19,13.4,13.6,13,13,87170
2011-04-20,13.4,13.85,13.2,13.45,55651
2011-04-21,13.6,13.8,13.2,13.35,63268
2011-04-25,13.45,14.45,13.3,13.85,120866
2011-04-26,13,13,12.05,12.3,256285
2011-04-27,12.3,12.9,12.3,12.8,136387
2011-04-28,12.65,12.65,12.1,12.5,79103
2011-04-29,12.4,12.45,11.3,12.15,150738
2011-05-02,12.05,12.15,11.3,11.8,91418
2011-05-03,11.6,11.75,11.15,11.25,158802
2011-05-04,11.25,11.55,10.3,10.8,199501
2011-05-05,10.6,11,10.45,10.8,87537
2011-05-06,10.95,11.8,10.85,11.2,73490
2011-05-09,11,11.65,11,11.5,67317
2011-05-10,11.45,12,11.35,11.95,77144
2011-05-11,12.05,12.1,11.2,11.65,51104
2011-05-12,11.65,12.25,11.25,12.2,65361
2011-05-13,12.35,12.35,11.7,12.1,70530
2011-05-16,12.15,12.15,11.55,11.75,67859
2011-05-17,11.7,11.7,10.95,11.05,73864
2011-05-18,11.2,11.43,10.9,11.2,65559
2011-05-19,11.3,11.3,10.95,11,56933
2011-05-20,11.05,11.05,10.8,10.9,56352
2011-05-23,10.75,10.95,10.7,10.8,63557
2011-05-24,10.9,11.7,10.75,11.35,133190
2011-05-25,11.35,11.35,10.9,11.1,60312
2011-05-26,10.85,11.05,10.5,10.55,92817
2011-05-27,10.55,11,10.5,10.8,52232
2011-05-31,11.1,11.15,10.5,10.7,123837
2011-06-01,10.7,11.05,10.7,10.9,39203
2011-06-02,11,11.6,10.85,11.5,90551
2011-06-03,11.1,11.75,10.8,11.35,58301
2011-06-06,11.2,12,11.1,11.5,103847
2011-06-07,11.55,12.5,11.35,12.3,104112
2011-06-08,11.7,12.4,11.65,11.9,72356
2011-06-09,11.9,12.1,11.5,11.55,67340
2011-06-10,11.5,12.7,11.38,12.15,111078
2011-06-13,12.7,12.75,11.8,12.15,91589
2011-06-14,12.5,12.75,11.9,12.5,99946
2011-06-15,12.3,12.6,11.65,11.75,119280
2011-06-16,11.4,12.15,11.2,11.35,106239
2011-06-17,11.4,11.95,11.25,11.85,113221
2011-06-20,11.9,11.95,11.4,11.95,60171
2011-06-21,12,12.55,11.55,12.55,91922
2011-06-22,12.5,12.65,12.3,12.55,69575
2011-06-23,12.3,12.6,11.55,12.3,105302
2011-06-24,12.4,12.85,11.5,12.05,2760669
2011-06-27,11.8,12.15,10.85,11.5,297269
2011-06-28,11.35,12.75,11,12.5,664037
2011-06-29,12.8,12.8,11.75,11.8,842476
2011-06-30,12.05,12.3,11.95,12.25,127842
2011-07-01,12.3,12.55,12.2,12.5,131271
2011-07-05,12.55,12.85,12.4,12.65,170709
2011-07-06,12.85,13.35,12.7,12.8,184157
2011-07-07,12.9,13,12.55,12.7,81683
2011-07-08,12.6,13,12.55,12.95,52405
2011-07-11,12.75,12.9,12.05,12.3,131823
2011-07-12,12.25,12.25,11.95,12.1,67942
2011-07-13,12.1,12.35,11.8,11.9,45651
2011-07-14,11.85,11.95,11.35,11.35,104664
2011-07-15,11.45,11.45,10.7,10.75,236685
2011-07-18,10.8,11.4,10.75,10.8,89963
2011-07-19,10.95,11.3,10.8,11,64626
2011-07-20,11.05,11.05,10.7,10.7,83376
2011-07-21,10.6,11.09,10.5,10.85,89085
2011-07-22,10.9,11.05,10.75,10.9,46024
2011-07-25,11.15,11.15,10.5,10.95,118760
2011-07-26,10.65,11.05,10.65,10.75,102698
2011-07-27,10.5,10.5,8.3,8.75,752991
2011-07-28,8.8,9.35,8.75,8.85,183825
2011-07-29,8.8,8.8,8.25,8.45,163658
2011-08-01,8.75,8.9,8.5,8.5,101331
2011-08-02,8.5,8.8,7.3,7.95,292650
2011-08-03,7.91,8.8,7.3,7.85,233940
2011-08-04,7.75,7.75,7.3,7.35,174448
2011-08-05,7.35,7.35,6.6,7.15,166729
2011-08-08,6.6,6.7,6.35,6.4,154140
2011-08-09,6.5,6.6,6,6.6,242391
2011-08-10,6.4,7.85,6.3,7.15,187823
2011-08-11,7.15,7.25,7,7.1,119819
2011-08-12,7.25,7.6,7.05,7.3,65863
2011-08-15,7.4,8.25,7.37,8.1,89002
2011-08-16,7.95,8.35,7.75,7.75,151309
2011-08-17,7.75,8,7.3,7.3,83455
2011-08-18,7.15,7.35,6.7,6.75,105351
2011-08-19,6.75,7,6.5,6.55,77069
2011-08-22,6.75,6.88,6.3,6.35,49313
2011-08-23,6.45,6.95,6.25,6.95,101906
2011-08-24,6.95,6.95,6.35,6.7,41794
2011-08-25,6.85,7,6.5,6.5,63061
2011-08-26,6.65,6.85,6.5,6.85,47979
2011-08-29,6.9,7.45,6.9,7.45,54642
2011-08-30,7.4,7.95,7.4,7.8,93049
2011-08-31,7.75,8.2,7.6,7.65,98649
2011-09-01,8.25,8.3,7.55,7.55,89884
2011-09-02,7.5,7.75,6.8,6.9,108519
2011-09-06,6.85,7.05,6.5,7.05,58299
2011-09-07,7.1,7.5,7.02,7.45,91453
2011-09-08,7.4,7.65,7.2,7.25,62273
2011-09-09,7.2,7.3,6.8,6.8,101395
2011-09-12,6.75,7.3,6.55,7.05,84831
2011-09-13,7.05,7.3,6.9,7.15,24887
2011-09-14,7.2,7.35,6.95,7.2,42772
2011-09-15,7.3,7.7,6.7,7.6,120257
2011-09-16,7.75,8.35,7.28,7.7,203151
2011-09-19,7.5,7.55,7,7.2,107746
2011-09-20,7.15,7.2,6.8,6.8,115243
2011-09-21,6.75,7,6.25,6.3,90049
2011-09-22,6.3,6.5,6.15,6.2,105481
2011-09-23,6.2,6.5,6.05,6.45,79698
2011-09-26,6.45,6.75,5.95,6.7,96317
2011-09-27,6.9,6.9,6.45,6.6,75787
2011-09-28,6.65,6.75,6.25,6.25,62558
2011-09-29,6.5,6.75,6.3,6.7,126576
2011-09-30,6.5,6.65,6.45,6.45,74285
2011-10-03,6.45,6.45,5.75,5.75,146334
2011-10-04,5.75,6.65,5.75,6.55,190528
2011-10-05,6.5,6.55,6.4,6.5,43002
2011-10-06,6.5,6.55,6.25,6.55,62528
2011-10-07,6.5,6.65,6.3,6.6,70166
2011-10-10,6.75,6.75,6.4,6.7,65145
2011-10-11,6.5,6.7,6.5,6.7,44249
2011-10-12,6.75,7.15,6.6,7.15,66014
2011-10-13,7.05,7.25,6.6,6.9,43201
2011-10-14,7.1,7.4,7.1,7.4,62588
2011-10-17,7.35,7.35,7,7.1,52365
2011-10-18,7,7.1,5.65,5.9,384725
2011-10-19,6.25,6.4,5.9,5.95,114885
2011-10-20,6.05,6.15,5.75,5.85,131345
2011-10-21,5.95,6,5.35,5.45,180222
2011-10-24,5.5,5.65,5.3,5.65,160180
2011-10-25,5.55,5.55,5,5.1,180993
2011-10-26,5.15,5.4,4.85,5.4,207025
2011-10-27,5.55,5.55,4.85,5.15,329058
2011-10-28,5.25,5.3,4.95,5,225312
2011-10-31,5,5.1,4.5,4.56,191706
2011-11-01,4.5,4.85,4.2,4.55,187320
2011-11-02,4.72,4.82,4.6,4.82,80803
2011-11-03,4.92,5.1,4.85,5.05,172454
2011-11-04,5,5.1,4.7,4.85,63275
2011-11-07,4.85,4.95,4.45,4.55,98730
2011-11-08,4.56,4.74,4.45,4.65,82616
2011-11-09,4.65,4.65,4.4,4.4,82716
2011-11-10,4.5,4.5,4.25,4.35,80826
2011-11-11,4.39,4.5,4.3,4.5,63071
2011-11-14,4.45,4.5,4.2,4.22,83198
2011-11-15,4.2,4.3,3.85,4,95685
2011-11-16,4,4.25,3.86,4.1,131835
2011-11-17,4.15,4.2,3.95,3.95,50274
2011-11-18,3.95,4,3.75,3.75,99418
2011-11-21,3.75,3.8,3.31,3.45,144736
2011-11-22,3.45,3.7,3.45,3.45,93103
2011-11-23,3.5,3.51,3.2,3.3,173079
2011-11-25,3.28,3.35,3.28,3.32,17650
2011-11-28,3.43,3.7,3.4,3.47,99304
2011-11-29,3.55,3.6,3.3,3.35,69303
2011-11-30,3.5,3.55,3.4,3.5,97519
2011-12-01,3.49,3.5,3.25,3.25,129184
2011-12-02,3.32,3.6,3.3,3.6,94057
2011-12-05,3.7,3.75,3.4,3.5,125705
2011-12-06,3.49,3.49,3.25,3.33,112140
2011-12-07,3.3,3.45,3.2,3.3,70530
2011-12-08,3.28,3.35,3.25,3.25,84735
2011-12-09,3.3,3.5,3.25,3.4,96042
2011-12-12,3.4,3.4,3.3,3.38,76744
2011-12-13,3.4,3.4,3.11,3.15,185641
2011-12-14,3.14,3.25,2.95,3.13,163957
2011-12-15,3.19,3.4,3.12,3.35,299450
2011-12-16,3.4,3.6,3.25,3.35,256274
2011-12-19,3.36,3.4,3.16,3.17,157631
2011-12-20,3.2,3.74,3.2,3.41,226598
2011-12-21,3.6,3.6,3.26,3.35,115154
2011-12-22,3.35,3.59,3.35,3.43,180939
2011-12-23,3.45,3.5,3.36,3.45,150894
2011-12-27,3.44,3.56,3.36,3.45,95154
2011-12-28,3.4,3.4,3.18,3.2,275767
2011-12-29,3.3,3.33,3.2,3.2,329987
2011-12-30,3.2,3.4,3.18,3.3,149894
2012-01-03,3.41,3.5,3.3,3.4,113594
2012-01-04,3.48,3.55,3.31,3.5,88910
2012-01-05,3.48,4,3.48,3.9,457393
2012-01-06,4.04,4.34,3.95,4.17,231227
2012-01-09,4.05,4.45,4.05,4.26,339202
2012-01-10,4.55,4.55,4.3,4.4,137617
2012-01-11,4.55,4.55,4.2,4.3,127760
2012-01-12,4.45,4.55,4.11,4.55,213247
2012-01-13,4.45,4.6,4.35,4.5,82381
2012-01-17,4.45,4.54,4.41,4.45,121672
2012-01-18,4.9,5,4.45,4.8,419005
2012-01-19,5,5.05,4.65,4.69,183726
2012-01-20,4.67,4.84,4.4,4.6,132010
2012-01-23,4.7,4.8,4.45,4.45,45463
2012-01-24,4.43,4.6,4.4,4.52,53777
2012-01-25,4.6,4.65,4.48,4.5,81664
2012-01-26,4.56,4.65,4.35,4.4,106566
2012-01-27,4.5,4.5,4.21,4.5,103531
2012-01-30,4.5,4.5,4.2,4.2,93429
2012-01-31,4.21,4.35,4.16,4.3,59472
2012-02-01,4.35,4.5,4.26,4.5,121698
2012-02-02,4.6,4.6,4.35,4.45,59717
2012-02-03,4.6,4.9,4.35,4.78,210523
2012-02-06,4.77,4.85,4.6,4.7,40765
2012-02-07,4.8,5.15,4.72,5,256328
2012-02-08,5.1,5.25,4.82,5.1,264276
2012-02-09,5.15,5.2,4.92,4.96,99284
2012-02-10,4.85,4.85,4.55,4.66,104011
2012-02-13,4.73,4.95,4.7,4.95,91880
2012-02-14,4.95,4.95,4.55,4.68,106645
2012-02-15,4,4.2,3.76,4.02,383038
2012-02-16,4.1,4.12,3.9,4,102108
2012-02-17,4,4.05,3.95,4,73028
2012-02-21,4,4.02,3.7,3.75,155694
2012-02-22,3.75,3.9,3.66,3.75,80767
2012-02-23,3.78,3.88,3.55,3.6,135788
2012-02-24,3.65,3.9,3.65,3.7,58751
2012-02-27,3.75,3.89,3.65,3.8,103334
2012-02-28,3.8,3.85,3.65,3.7,65334
2012-02-29,3.72,3.75,3.5,3.5,96918
2012-03-01,3.5,3.6,3.45,3.45,64381
2012-03-02,3.48,3.5,3.25,3.25,159388
2012-03-05,3.3,3.4,3.26,3.35,39345
2012-03-06,3.35,3.65,3.25,3.5,171018
2012-03-07,3.55,3.7,3.45,3.68,60724
2012-03-08,3.75,4.24,3.65,4,600401
2012-03-09,4,4,3.86,3.92,59314
2012-03-12,3.9,4,3.75,3.76,100467
2012-03-13,3.81,3.98,3.75,3.95,73462
2012-03-14,3.95,4,3.85,3.85,41399
2012-03-15,3.85,3.97,3.8,3.95,37048
2012-03-16,3.95,4.22,3.9,4.05,162178
2012-03-19,4.15,4.45,4.1,4.39,115932
2012-03-20,4.37,4.37,4.2,4.25,42499
2012-03-21,4.3,4.4,4.22,4.22,125141
2012-03-22,4.2,4.39,4.1,4.39,57090
2012-03-23,4.31,4.39,4,4.39,55483
2012-03-26,4.4,4.5,4.2,4.45,63865
2012-03-27,4.44,4.49,4.3,4.44,45245
2012-03-28,4.43,4.43,4.26,4.27,45954
2012-03-29,4.26,4.26,4.11,4.15,33533
2012-03-30,4.19,4.34,3.9,3.9,146025
2012-04-02,3.9,4.19,3.9,4.1,43851
2012-04-03,4.08,4.22,3.91,3.95,66908
2012-04-04,3.9,3.99,3.78,3.8,84622
2012-04-05,3.82,3.83,3.75,3.75,29445
2012-04-09,3.75,3.8,3.71,3.71,37495
2012-04-10,3.7,3.9,3.66,3.8,70285
2012-04-11,3.85,3.95,3.8,3.95,42127
2012-04-12,3.94,4.1,3.8,4.05,49963
2012-04-13,4.02,4.1,4,4.04,63796
2012-04-16,4.05,4.05,3.86,4,42577
2012-04-17,4.05,4.25,3.85,4,48876
2012-04-18,4,4.2,4,4,49300
2012-04-19,4,4.2,3.87,3.87,30224
2012-04-20,4.15,4.32,3.86,4.15,130886
2012-04-23,4.07,4.2,3.9,3.9,81198
2012-04-24,3.9,4.3,3.9,4.2,88524
2012-04-25,4.32,4.32,4.13,4.26,102332
2012-04-26,4.26,4.3,4.2,4.25,35608
2012-04-27,4.28,4.53,4.25,4.35,143865
2012-04-30,4.45,4.5,4.35,4.42,91172
2012-05-01,4.42,4.52,4.35,4.4,72116
2012-05-02,4.38,4.8,4.31,4.8,152992
2012-05-03,4.8,4.84,4.6,4.79,68858
2012-05-04,4.75,4.8,4.66,4.67,46873
2012-05-07,4.65,4.7,4.45,4.61,43441
2012-05-08,4.59,4.84,4.51,4.69,80181
2012-05-09,4.61,4.75,4.56,4.7,34201
2012-05-10,4.72,4.72,4.6,4.6,25104
2012-05-11,4.6,4.65,4.6,4.6,49238
2012-05-14,4.56,4.58,4.21,4.23,83056
2012-05-15,4.25,4.45,4.25,4.37,42249
2012-05-16,4.37,4.45,4.25,4.25,18087
2012-05-17,4.25,4.3,3.85,3.85,68007
2012-05-18,3.88,4,3.55,3.59,110374
2012-05-21,3.59,3.95,3.59,3.81,51452
2012-05-22,3.82,3.85,3.61,3.65,38707
2012-05-23,3.63,4,3.63,3.85,51017
2012-05-24,3.84,3.88,3.7,3.7,33037
2012-05-25,3.72,3.85,3.7,3.7,20039
2012-05-29,3.72,4.2,3.65,4.05,44911
2012-05-30,3.95,4.1,3.8,3.95,27896
2012-05-31,3.98,4.05,3.8,3.95,39599
2012-06-01,3.95,4,3.78,3.85,36184
2012-06-04,3.85,3.9,3.75,3.9,21401
2012-06-05,3.85,3.95,3.8,3.9,44517
2012-06-06,3.8,4.2,3.8,4.08,64313
2012-06-07,4.13,4.2,4.05,4.1,44460
2012-06-08,4.08,4.6,4,4.5,150384
2012-06-11,4.7,4.7,4.25,4.54,119870
2012-06-12,4.55,4.55,4.11,4.46,46638
2012-06-13,4.44,4.45,4.16,4.3,62837
2012-06-14,4.15,4.25,4.05,4.25,68152
2012-06-15,4.25,4.55,4.15,4.38,121020
2012-06-18,4.32,4.65,4.21,4.55,106585
2012-06-19,4.56,4.65,4.3,4.4,125472
2012-06-20,4.4,4.5,4.3,4.45,73693
2012-06-21,4.45,4.52,4.28,4.28,93592
2012-06-22,4.31,4.52,4.1,4.22,2031954
2012-06-25,4.15,4.2,4,4,69440
2012-06-26,4,4.05,3.89,3.9,122580
2012-06-27,3.95,4,3.9,3.9,29797
2012-06-28,3.88,4.1,3.75,4,95018
2012-06-29,4,4.2,3.9,4.03,39853
2012-07-02,4.1,4.5,4.1,4.38,199486
2012-07-03,4.4,4.4,4.25,4.25,10229
2012-07-05,4.25,4.5,4.25,4.3,20096
2012-07-06,4.4,4.4,3.95,4,78013
2012-07-09,4.05,4.2,4,4.05,20639
2012-07-10,4,4.05,3.9,3.95,39272
2012-07-11,3.9,4.15,3.9,4.05,19749
2012-07-12,4.15,4.15,3.98,4,16555
2012-07-13,3.98,4.1,3.91,4.01,23491
2012-07-16,4.02,4.1,3.85,3.88,35659
2012-07-17,3.85,4.05,3.8,3.81,46998
2012-07-18,3.95,4.2,3.85,3.95,47600
2012-07-19,3.9,4.35,3.9,4.15,66046
2012-07-20,4,4.25,4,4.25,26687
2012-07-23,4.15,4.15,3.9,4.13,40358
2012-07-24,4.2,4.2,3.96,3.96,20727
2012-07-25,3.95,4.14,3.9,4,28789
2012-07-26,4,4.05,3.9,3.9,9380
2012-07-27,3.9,4.05,3.9,3.99,20622
2012-07-30,4,4.2,3.95,4.1,72400
2012-07-31,4.25,4.35,4.15,4.2,148568
2012-08-01,4.35,4.35,4,4,32850
2012-08-02,4.05,4.2,4,4.05,60906
2012-08-03,4.1,4.1,4,4.05,22620
2012-08-06,4.05,4.2,3.9,3.9,76948
2012-08-07,3.9,4.1,3.9,4.05,30736
2012-08-08,3.9,4.05,3.9,3.93,26306
2012-08-09,3.95,4.05,3.95,4.05,37348
2012-08-10,3.96,4.1,3.95,4.1,33161
2012-08-13,4.1,4.1,4.02,4.1,22557
2012-08-14,4.14,4.14,4,4,25628
2012-08-15,4,4.15,4,4.04,9579
2012-08-16,4,4.25,4,4.05,50235
2012-08-17,4.2,4.2,4.06,4.2,18946
2012-08-20,4.1,4.23,4.05,4.15,48644
2012-08-21,4.05,4.15,4.05,4.15,17956
2012-08-22,4.1,4.15,4.06,4.15,17491
2012-08-23,4.15,4.15,3.98,4,23407
2012-08-24,4,4.25,3.95,4.2,58584
2012-08-27,4.25,4.25,4,4.05,31013
2012-08-28,4,4.04,3.91,3.99,17441
2012-08-29,4,4,3.95,3.98,8061
2012-08-30,3.92,4,3.91,3.91,17688
2012-08-31,4.05,4.05,3.8,3.8,32918
2012-09-04,3.85,4,3.85,3.89,22671
2012-09-05,3.85,3.95,3.8,3.82,32928
2012-09-06,3.82,3.95,3.82,3.89,24940
2012-09-07,3.84,4.05,3.84,4,37388
2012-09-10,4,4.04,3.9,3.95,24384
2012-09-11,4,4.05,3.9,4.05,38199
2012-09-12,4.05,4.1,3.95,4.05,27489
2012-09-13,4,4.05,3.98,4,24107
2012-09-14,3.98,4.2,3.98,3.99,70803
2012-09-17,4,4.25,4,4.25,81715
2012-09-18,4.12,4.44,4.1,4.35,91276
2012-09-19,4.4,4.4,4.15,4.25,43559
2012-09-20,4.25,4.44,4.1,4.15,101146
2012-09-21,4.25,4.4,4.11,4.2,49005
2012-09-24,4.3,4.35,4.08,4.08,80790
2012-09-25,4.08,4.14,3.96,3.96,57742
2012-09-26,4,4.1,4,4,26466
2012-09-27,4,4.07,4,4.02,20854
2012-09-28,4.05,4.1,4,4,15800
2012-10-01,4,4.1,4,4,26162
2012-10-02,4,4.1,4,4.05,16437
2012-10-03,4.1,4.1,3.95,3.95,42171
2012-10-04,4,4.05,3.9,3.9,22602
2012-10-05,3.92,3.99,3.9,3.9,33955
2012-10-08,3.9,4,3.9,3.9,38076
2012-10-09,3.85,3.9,3.55,3.75,148659
2012-10-10,3.65,3.9,3.65,3.75,53358
2012-10-11,3.75,3.85,3.72,3.72,32629
2012-10-12,3.85,3.9,3.75,3.75,24837
2012-10-15,3.75,3.9,3.75,3.75,16033
2012-10-16,3.8,3.95,3.76,3.76,21715
2012-10-17,3.75,3.94,3.75,3.85,51550
2012-10-18,3.85,3.85,3.75,3.75,30163
2012-10-19,3.75,3.75,3.65,3.65,46249
2012-10-22,3.65,3.75,3.55,3.59,58593
2012-10-23,3.65,3.9,3.52,3.55,36954
2012-10-24,3.52,3.75,3.52,3.52,22678
2012-10-25,3.53,3.75,3.52,3.52,10571
2012-10-26,3.75,3.75,3.53,3.55,31942
2012-10-31,3.6,3.71,3.28,3.6,130446
2012-11-01,3.65,3.7,3.5,3.6,22251
2012-11-02,3.65,3.65,3.55,3.6,26891
2012-11-05,3.6,3.7,3.6,3.68,17167
2012-11-06,3.65,3.65,3.25,3.25,145990
2012-11-07,3.2,3.45,2.9,3.35,153464
2012-11-08,3.5,3.5,3.1,3.15,36285
2012-11-09,3,3.35,3,3.26,27328
2012-11-12,3.4,3.4,2.95,3.05,32646
2012-11-13,3,3.27,2.95,2.95,49350
2012-11-14,3,3.2,2.96,2.96,30132
2012-11-15,3.05,3.15,2.9,3.05,25136
2012-11-16,2.9,3.14,2.9,2.9,49938
2012-11-19,2.95,3.15,2.9,3,35441
2012-11-20,3.05,3.14,2.97,3,25697
2012-11-21,2.96,3.15,2.96,3.05,32861
2012-11-23,3.25,3.25,3.05,3.07,14479
2012-11-26,3,3.2,2.95,3.18,22982
2012-11-27,3.15,3.24,3.1,3.2,16906
2012-11-28,3.05,3.46,3,3.41,86101
2012-11-29,3.45,3.6,3.35,3.55,71863
2012-11-30,3.5,3.75,3.45,3.75,54989
2012-12-03,3.85,3.9,3.42,3.45,72898
2012-12-04,3.36,3.65,3.36,3.48,5714
2012-12-05,3.5,3.7,3.4,3.4,39083
2012-12-06,3.35,3.4,3.26,3.3,42911
2012-12-07,3.25,3.4,3.2,3.25,38846
2012-12-10,3.25,3.35,3.2,3.25,34856
2012-12-11,3.25,3.75,3.25,3.67,115231
2012-12-12,3.6,3.8,3.5,3.5,152763
2012-12-13,3.45,3.78,3.45,3.6,94494
2012-12-14,3.5,3.75,3.5,3.6,35380
2012-12-17,3.6,3.65,3.6,3.65,22164
2012-12-18,3.65,3.7,3.58,3.58,26114
2012-12-19,3.55,3.65,3.55,3.58,15321
2012-12-20,3.55,3.58,3.5,3.58,29467
2012-12-21,3.45,3.55,3.3,3.5,63685
2012-12-24,3.5,3.5,3.17,3.23,116490
2012-12-26,3.26,3.49,3.12,3.38,61311
2012-12-27,3.41,3.55,3.29,3.49,53619
2012-12-28,3.42,3.42,3.25,3.25,71965
2012-12-31,3.26,3.35,3.2,3.35,117014
2013-01-02,3.47,3.51,3.33,3.43,36030
2013-01-03,3.47,3.92,3.38,3.46,79578
2013-01-04,3.5,3.56,3.46,3.53,57324
2013-01-07,3.57,3.85,3.51,3.77,118750
2013-01-08,3.8,3.8,3.73,3.8,65172
2013-01-09,3.8,3.9,3.8,3.85,54818
2013-01-10,3.83,4.2,3.81,4.14,188084
2013-01-11,4.1,4.25,4.04,4.18,70573
2013-01-14,4.14,4.21,3.9,4.11,68613
2013-01-15,4.11,4.11,3.98,4.07,25953
2013-01-16,4.03,4.2,4,4.07,50693
2013-01-17,4.07,4.23,4.07,4.15,101583
2013-01-18,4.15,4.4,4.15,4.33,126877
2013-01-22,4.35,4.36,4.2,4.23,46470
2013-01-23,4.17,4.17,4.03,4.05,75785
2013-01-24,4.01,4.13,3.9,4.05,108957
2013-01-25,4.05,4.06,3.97,4.01,83644
2013-01-28,4.05,4.1,4,4.1,62705
2013-01-29,4.05,4.14,4.05,4.1,52500
2013-01-30,4.13,4.19,4.03,4.09,53355
2013-01-31,4.08,4.24,4.08,4.19,47846
2013-02-01,4.19,4.23,4.11,4.17,30368
2013-02-04,4.17,4.29,4.15,4.25,77552
2013-02-05,4.23,4.6,4.23,4.52,181804
2013-02-06,4.54,4.58,4.41,4.53,54770
2013-02-07,4.5,4.96,4.43,4.87,192562
2013-02-08,4.79,4.94,4.54,4.86,123787
2013-02-11,4.7,4.7,4.52,4.61,274335
2013-02-12,4.6,4.74,4.3,4.66,83063
2013-02-13,4.6,4.7,4.5,4.66,60171
2013-02-14,4.6,4.83,4.58,4.76,84245
2013-02-15,4.75,4.8,4.67,4.8,27749
2013-02-19,4.64,4.89,4.59,4.84,81336
2013-02-20,4.95,4.95,4.7,4.78,65967
2013-02-21,4.75,4.94,4.61,4.68,67048
2013-02-22,4.7,4.8,4.65,4.8,36238
2013-02-25,4.87,4.95,4.8,4.91,56874
2013-02-26,4.91,4.91,4.65,4.66,35162
2013-02-27,4.64,4.87,4.64,4.7,31552
2013-02-28,4.71,4.74,4.5,4.57,37726
2013-03-01,4.51,4.65,4.38,4.42,114839
2013-03-04,4.45,4.49,4.3,4.47,89235
2013-03-05,4.53,4.53,4.36,4.44,33705
2013-03-06,4.37,4.45,4.3,4.37,47499
2013-03-07,4.33,4.74,4.33,4.46,45594
2013-03-08,4.44,4.64,4.44,4.54,28084
2013-03-11,4.57,4.75,4.52,4.72,34503
2013-03-12,4.8,4.88,4.72,4.76,55559
2013-03-13,4.73,4.79,4.72,4.74,42331
2013-03-14,4.72,4.98,4.72,4.84,127007
2013-03-15,4.86,4.86,4.7,4.79,76526
2013-03-18,4.63,4.76,4.5,4.72,55297
2013-03-19,4.7,4.73,4.51,4.62,34225
2013-03-20,4.6,4.83,4.55,4.69,42697
2013-03-21,4.65,4.84,4.51,4.77,25967
2013-03-22,4.81,4.83,4.61,4.72,34553
2013-03-25,4.74,4.75,4.65,4.74,34061
2013-03-26,4.71,4.71,4.56,4.57,23709
2013-03-27,4.57,4.65,4.51,4.64,12550
2013-03-28,4.6,4.65,4.57,4.59,17846
2013-04-01,4.57,4.69,4.57,4.69,23358
2013-04-02,4.69,4.84,4.62,4.77,37295
2013-04-03,4.73,4.74,4.57,4.58,42184
2013-04-04,4.6,4.62,4.57,4.61,9310
2013-04-05,4.6,4.6,4.45,4.5,61137
2013-04-08,4.57,4.57,4.3,4.49,42059
2013-04-09,4.49,4.53,4.35,4.44,19791
2013-04-10,4.49,4.6,4.41,4.5,18116
2013-04-11,4.5,4.68,4.37,4.54,35260
2013-04-12,4.46,4.56,4.42,4.49,11435
2013-04-15,4.54,4.59,4.31,4.32,29764
2013-04-16,4.49,4.5,4.38,4.46,27161
2013-04-17,4.4,4.4,4.22,4.32,142228
2013-04-18,4.24,4.31,4.23,4.28,71242
2013-04-19,4.28,4.28,4.23,4.24,17962
2013-04-22,4.23,4.29,4.23,4.27,14826
2013-04-23,4.27,4.3,4.24,4.25,15671
2013-04-24,4.23,4.25,4.23,4.23,23943
2013-04-25,4.23,4.27,4.23,4.27,39824
2013-04-26,4.27,4.29,4.23,4.29,36305
2013-04-29,4.34,4.5,4.33,4.47,78435
2013-04-30,4.47,4.75,4.46,4.57,175980
2013-05-01,4.23,4.5,4.23,4.32,82847
2013-05-02,4.32,4.32,4.18,4.2,86183
2013-05-03,4.21,4.38,4.21,4.38,57651
2013-05-06,4.4,4.4,4.2,4.24,48799
2013-05-07,4.24,4.24,3.97,4.1,100104
2013-05-08,4.08,4.25,3.98,4.25,86827
2013-05-09,4.23,4.25,4.1,4.15,31884
2013-05-10,4.11,4.21,4.09,4.11,19695
2013-05-13,4.15,4.36,4.11,4.35,64614
2013-05-14,4.31,4.5,4.31,4.46,51439
2013-05-15,4.46,4.46,4.3,4.3,25427
2013-05-16,4.32,4.5,4.32,4.33,25103
2013-05-17,4.35,4.35,4.19,4.22,62200
2013-05-20,4.26,4.47,4.2,4.44,81526
2013-05-21,4.44,4.55,4.38,4.4,43790
2013-05-22,4.37,4.4,4.12,4.29,75120
2013-05-23,4.21,4.33,4.07,4.23,14569
2013-05-24,4.2,4.33,4.2,4.31,17053
2013-05-28,4.35,4.4,4.3,4.32,37188
2013-05-29,4.23,4.28,4.2,4.21,13263
2013-05-30,4.2,4.35,4.2,4.3,33312
2013-05-31,4.31,4.35,4.25,4.3,13467
2013-06-03,4.27,4.42,4.25,4.42,35651
2013-06-04,4.41,4.41,4.33,4.37,21208
2013-06-05,4.4,4.4,4.36,4.38,26027
2013-06-06,4.3,4.4,4.3,4.39,215273
2013-06-07,4.4,4.43,4.3,4.43,53678
2013-06-10,4.41,4.6,4.41,4.6,62477
2013-06-11,4.55,4.59,4.45,4.47,358635
2013-06-12,4.28,4.46,4.22,4.43,19037
2013-06-13,4.39,4.46,4.27,4.37,19539
2013-06-14,4.37,4.41,4.23,4.23,11949
2013-06-17,4.25,4.41,4.18,4.26,44404
2013-06-18,4.29,4.39,4.25,4.26,263336
2013-06-19,4.26,4.3,4.25,4.28,8650
2013-06-20,4.27,4.34,4.2,4.2,10527
2013-06-21,4.25,4.39,4.02,4.09,195397
2013-06-24,4.1,4.18,4.1,4.11,35173
2013-06-25,4.15,4.15,4.05,4.11,51822
2013-06-26,4.11,4.15,4.04,4.11,25833
2013-06-27,4.09,4.15,4.02,4.13,21669
2013-06-28,4.11,4.18,4.08,4.18,128484
2013-07-01,4.15,4.2,4.15,4.2,63223
2013-07-02,4.2,4.2,4.15,4.15,6108
2013-07-03,4.18,4.2,4.09,4.17,5261
2013-07-05,4.16,4.17,4.11,4.11,8452
2013-07-08,4.09,4.2,4.08,4.18,72820
2013-07-09,4.18,4.38,4.18,4.32,41216
2013-07-10,4.3,4.31,4.08,4.16,111273
2013-07-11,4.16,4.25,4.12,4.21,152164
2013-07-12,4.19,4.19,4.14,4.16,15880
2013-07-15,4.2,4.23,4.18,4.19,10190
2013-07-16,4.2,4.2,4.08,4.09,37328
2013-07-17,4.08,4.19,4.08,4.12,32901
2013-07-18,4.12,4.19,4.06,4.08,31563
2013-07-19,4.08,4.11,4,4.08,58940
2013-07-22,4.11,4.16,4.01,4.14,62579
2013-07-23,4.1,4.15,4.04,4.07,29752
2013-07-24,4.12,4.12,3.97,4.07,58519
2013-07-25,4.07,4.07,3.92,3.95,156996
2013-07-26,3.97,4,3.84,3.87,111384
2013-07-29,3.82,4,3.82,3.95,56609
2013-07-30,3.98,4,3.81,3.84,94352
2013-07-31,3.8,3.85,3.65,3.7,566170
2013-08-01,3.73,3.8,3.71,3.72,93221
2013-08-02,3.76,3.76,3.58,3.63,123211
2013-08-05,3.65,3.73,3.63,3.69,53961
2013-08-06,3.65,3.68,3.6,3.62,90861
2013-08-07,3.64,3.64,3.52,3.57,85662
2013-08-08,3.55,3.63,3.45,3.63,161991
2013-08-09,3.6,3.69,3.58,3.64,50560
2013-08-12,3.65,3.76,3.65,3.71,62947
2013-08-13,3.73,3.76,3.67,3.67,46693
2013-08-14,3.65,3.74,3.65,3.67,30336
2013-08-15,3.65,3.65,3.31,3.47,209197
2013-08-16,3.44,3.59,3.4,3.48,66112
2013-08-19,3.45,3.6,3.37,3.41,66011
2013-08-20,3.41,3.53,3.4,3.51,54854
2013-08-21,3.51,3.58,3.46,3.5,20988
2013-08-22,3.54,3.59,3.4,3.54,37169
2013-08-23,3.56,3.58,3.5,3.52,25954
2013-08-26,3.55,3.63,3.51,3.57,78303
2013-08-27,3.55,3.65,3.55,3.56,59972
2013-08-28,3.53,3.64,3.5,3.54,22908
2013-08-29,3.54,3.55,3.5,3.54,21256
2013-08-30,3.5,3.54,3.5,3.54,39028
2013-09-03,3.58,3.58,3.46,3.47,49628
2013-09-04,3.45,3.5,3.38,3.46,38392
2013-09-05,3.47,3.5,3.41,3.5,72789
2013-09-06,3,3.1,2.82,3.02,1658697
2013-09-09,3.04,3.12,2.96,3.02,355684
2013-09-10,3.05,3.06,2.95,3.05,208632
2013-09-11,3.02,3.03,2.95,3.03,130031
2013-09-12,2.98,3,2.85,2.91,297351
2013-09-13,2.86,2.98,2.86,2.92,96136
2013-09-16,2.91,3,2.88,2.88,72454
2013-09-17,2.88,2.9,2.85,2.9,73303
2013-09-18,2.9,2.94,2.85,2.89,92672
2013-09-19,2.88,2.88,2.82,2.87,191758
2013-09-20,2.87,2.89,2.83,2.89,103713
2013-09-23,2.88,2.9,2.83,2.83,37646
2013-09-24,2.83,2.93,2.82,2.87,53319
2013-09-25,2.88,2.89,2.85,2.85,21682
2013-09-26,2.85,2.9,2.84,2.89,28717
2013-09-27,2.86,2.9,2.86,2.9,34342
2013-09-30,2.88,2.93,2.86,2.91,123089
2013-10-01,2.91,2.99,2.9,2.97,189939
2013-10-02,2.97,3.02,2.94,3,159424
2013-10-03,3.03,3.09,2.95,2.99,99617
2013-10-04,2.99,3.03,2.95,2.99,78087
2013-10-07,2.99,3.02,2.97,2.99,63843
2013-10-08,2.99,3,2.95,2.95,102517
2013-10-09,2.95,2.98,2.9,2.93,99028
2013-10-10,2.95,3.02,2.93,2.95,53672
2013-10-11,2.97,3.02,2.95,3.01,73437
2013-10-14,3.02,3.23,3.01,3.16,120606
2013-10-15,3.17,3.17,3.05,3.08,68652
2013-10-16,3.11,3.11,2.99,3.01,77210
2013-10-17,3.05,3.05,2.97,3.05,25748
2013-10-18,3.04,3.06,3,3.06,60327
2013-10-21,3.04,3.14,3,3.07,66761
2013-10-22,3.06,3.08,3,3.07,46230
2013-10-23,3.04,3.05,2.99,3.05,57903
2013-10-24,3.03,3.03,2.91,3,106718
2013-10-25,3,3.06,2.92,3.01,37900
2013-10-28,3.04,3.04,2.94,2.97,74868
2013-10-29,2.98,3.02,2.98,3,95508
2013-10-30,3,3,2.91,2.91,104404
2013-10-31,2.93,3,2.9,2.97,60597
2013-11-01,2.96,2.97,2.87,2.87,120534
2013-11-04,2.9,2.93,2.86,2.93,107647
2013-11-05,2.94,2.95,2.9,2.9,72362
2013-11-06,2.9,2.93,2.9,2.9,47156
2013-11-07,2.91,2.93,2.91,2.92,155194
2013-11-08,2.9,2.95,2.9,2.94,40039
2013-11-11,2.92,2.94,2.9,2.93,29654
2013-11-12,2.91,2.93,2.9,2.9,47162
2013-11-13,2.9,2.93,2.82,2.89,52474
2013-11-14,2.92,2.92,2.85,2.85,34950
2013-11-15,2.83,2.87,2.83,2.84,56540
2013-11-18,2.83,2.98,2.83,2.94,90914
2013-11-19,2.85,2.97,2.84,2.87,115905
2013-11-20,2.9,2.92,2.88,2.92,79366
2013-11-21,2.92,2.92,2.88,2.91,53958
2013-11-22,2.92,2.92,2.83,2.91,123703
2013-11-25,2.91,2.95,2.85,2.9,117626
2013-11-26,2.91,2.95,2.87,2.89,58126
2013-11-27,2.89,2.9,2.8,2.83,108719
2013-11-29,2.87,2.9,2.8,2.81,63727
2013-12-02,2.83,2.89,2.81,2.88,194263
2013-12-03,2.88,2.91,2.88,2.88,67927
2013-12-04,2.86,2.92,2.82,2.86,133643
2013-12-05,2.89,3,2.87,2.9,187018
2013-12-06,2.97,3,2.88,2.96,202588
2013-12-09,3,3,2.91,2.94,148704
2013-12-10,2.94,2.96,2.88,2.9,81176
2013-12-11,2.9,2.9,2.85,2.89,80345
2013-12-12,2.9,2.91,2.85,2.89,58059
2013-12-13,2.87,2.92,2.87,2.88,25480
2013-12-16,2.89,3,2.89,2.94,75984
2013-12-17,2.93,3.09,2.93,2.99,214492
2013-12-18,3,3.02,2.91,2.98,51926
2013-12-19,2.97,3.05,2.93,3.02,36212
2013-12-20,3.04,3.05,2.91,3.01,121533
2013-12-23,3,3.04,2.97,3.02,120625
2013-12-24,3.04,3.09,2.98,3.05,75544
2013-12-26,3.05,3.2,3.04,3.14,151281
2013-12-27,3.16,3.38,3.16,3.38,109398
2013-12-30,3.42,3.43,3.3,3.3,223233
2013-12-31,3.31,3.38,3.31,3.37,57287
2014-01-02,3.39,3.39,3.16,3.3,116885
2014-01-03,3.28,3.29,3.22,3.26,45280
2014-01-06,3.3,3.44,3.29,3.43,92659
2014-01-07,3.46,3.72,3.42,3.67,274551
2014-01-08,3.63,3.77,3.53,3.53,153037
2014-01-09,3.51,3.62,3.51,3.57,40037
2014-01-10,3.57,3.58,3.51,3.53,35562
2014-01-13,3.55,3.62,3.46,3.47,108561
2014-01-14,3.5,3.55,3.46,3.49,77844
2014-01-15,3.5,3.61,3.46,3.55,71018
2014-01-16,3.55,3.6,3.48,3.6,42514
2014-01-17,3.56,3.6,3.53,3.55,21654
2014-01-21,3.5,3.54,3.44,3.44,121835
2014-01-22,3.43,3.46,3.3,3.4,86620
2014-01-23,3.4,3.5,3.35,3.5,67980
2014-01-24,3.5,3.5,3.4,3.43,65361
2014-01-27,3.41,3.42,3.32,3.35,77092
2014-01-28,3.34,3.44,3.32,3.4,32231
2014-01-29,3.4,3.43,3.35,3.38,33092
2014-01-30,3.37,3.46,3.32,3.38,50064
2014-01-31,3.34,3.38,3.2,3.33,71502
2014-02-03,3.35,3.35,3.22,3.25,36443
2014-02-04,3.2,3.35,3.01,3.28,68542
2014-02-05,3.26,3.27,3.16,3.24,37681
2014-02-06,3.3,3.39,3.2,3.3,28310
2014-02-07,3.37,3.37,3.26,3.33,21583
2014-02-10,3.35,3.38,3.27,3.37,18814
2014-02-11,3.4,3.49,3.38,3.46,75645
2014-02-12,3.44,3.45,3.32,3.4,60395
2014-02-13,3.35,3.42,3.33,3.4,27288
2014-02-14,3.37,3.51,3.37,3.5,67504
2014-02-18,3.5,3.54,3.42,3.5,79421
2014-02-19,3.51,3.55,3.42,3.42,48049
2014-02-20,3.45,3.45,3.35,3.42,39439
2014-02-21,3.45,3.45,3.35,3.43,22328
2014-02-24,3.46,3.46,3.37,3.41,106731
2014-02-25,3.39,3.45,3.38,3.38,19343
2014-02-26,3.39,3.53,3.15,3.35,1524147
2014-02-27,3.4,3.5,3.37,3.43,218970
2014-02-28,3.4,3.45,3.38,3.39,120991
2014-03-03,3.38,3.4,3.28,3.31,217106
2014-03-04,3.38,3.45,3.28,3.32,290074
2014-03-05,3.29,3.65,3.29,3.43,447334
2014-03-06,3.43,3.46,3.33,3.37,195042
2014-03-07,3.37,3.75,3.3,3.42,698163
2014-03-10,3.5,3.69,3.42,3.56,517976
2014-03-11,3.6,4.14,3.43,3.49,1421217
2014-03-12,3.51,3.65,3.33,3.58,290737
2014-03-13,3.59,3.65,3.4,3.47,154290
2014-03-14,3.45,3.54,3.37,3.42,110017
2014-03-17,3.46,3.47,3.31,3.36,132779
2014-03-18,3.4,3.46,3.36,3.39,185668
2014-03-19,3.41,3.43,3.35,3.37,107560
2014-03-20,3.35,3.39,3.31,3.34,149863
2014-03-21,3.34,3.42,3.28,3.42,126692
2014-03-24,3.45,3.45,3.25,3.26,121258
2014-03-25,3.25,3.28,3.18,3.23,193373
2014-03-26,3.23,3.3,3.15,3.15,94268
2014-03-27,3.3,3.47,3.24,3.35,325782
2014-03-28,3.35,3.45,3.2,3.25,84526
2014-03-31,3.3,3.34,3.28,3.31,100917
2014-04-01,3.36,3.44,3.31,3.38,115907
2014-04-02,3.36,3.41,3.32,3.4,56118
2014-04-03,3.4,3.44,3.19,3.28,140348
2014-04-04,3.27,3.33,3.19,3.23,244967
2014-04-07,3.19,3.24,3.15,3.17,79809
2014-04-08,3.19,3.23,3.15,3.15,34990
2014-04-09,3.05,3.22,3,3.18,225130
2014-04-10,3.15,3.15,3.02,3.08,70845
2014-04-11,3.07,3.13,3,3,76567
2014-04-14,3.01,3.08,3,3.01,53873
2014-04-15,3.01,3.08,3,3,71765
2014-04-16,3,3.08,3,3,39531
2014-04-17,3,3.05,3,3.04,73566
2014-04-21,3.02,3.11,3,3.07,98540
2014-04-22,3.05,3.07,3.01,3.07,92787
2014-04-23,3.01,3.14,3.01,3.1,50282
2014-04-24,3.09,3.12,3.01,3.12,41011
2014-04-25,3.08,3.09,3,3.01,47481
2014-04-28,3.04,3.11,2.9,2.97,116806
2014-04-29,2.92,2.95,2.8,2.92,98319
2014-04-30,2.89,2.93,2.82,2.82,88638
2014-05-01,2.82,2.88,2.65,2.75,215181
2014-05-02,2.81,2.93,2.81,2.89,95512
2014-05-05,2.85,2.93,2.84,2.87,30188
2014-05-06,2.85,2.96,2.8,2.8,62425
2014-05-07,2.82,2.94,2.75,2.76,28904
2014-05-08,2.75,2.77,2.69,2.71,46158
2014-05-09,2.74,2.74,2.69,2.69,43081
2014-05-12,2.69,2.89,2.68,2.7,39100
2014-05-13,2.74,2.75,2.67,2.7,80336
2014-05-14,2.68,2.73,2.61,2.66,67607
2014-05-15,2.67,2.67,2.6,2.65,45776
2014-05-16,2.62,2.66,2.6,2.66,41566
2014-05-19,2.67,2.69,2.63,2.63,26995
2014-05-20,2.66,2.7,2.63,2.65,25125
2014-05-21,2.7,2.7,2.64,2.66,41329
2014-05-22,2.69,2.75,2.65,2.7,30855
2014-05-23,2.71,2.73,2.7,2.7,24372
2014-05-27,2.74,2.81,2.69,2.81,43102
2014-05-28,2.81,2.82,2.74,2.79,32355
2014-05-29,2.78,2.81,2.69,2.77,26927
2014-05-30,2.75,2.77,2.66,2.68,39160
2014-06-02,2.71,2.74,2.65,2.66,12086
2014-06-03,2.68,2.7,2.65,2.65,16880
2014-06-04,2.65,2.76,2.65,2.69,50870
2014-06-05,2.73,2.83,2.73,2.73,27369
2014-06-06,2.77,2.84,2.73,2.75,26009
2014-06-09,2.76,2.85,2.76,2.81,39346
2014-06-10,2.81,2.82,2.78,2.8,11836
2014-06-11,2.8,2.8,2.77,2.77,16837
2014-06-12,2.78,2.8,2.75,2.75,45994
2014-06-13,2.72,2.79,2.68,2.7,36593
2014-06-16,2.7,2.72,2.65,2.65,38867
2014-06-17,2.64,2.78,2.64,2.75,32121
2014-06-18,2.78,2.84,2.74,2.8,50247
2014-06-19,2.8,2.85,2.76,2.81,25037
2014-06-20,2.79,2.82,2.79,2.81,24362
2014-06-23,2.81,2.86,2.79,2.79,27164
2014-06-24,2.79,2.87,2.75,2.79,50363
2014-06-25,2.8,2.82,2.75,2.82,12175
2014-06-26,2.84,2.84,2.76,2.77,8535
2014-06-27,2.73,2.81,2.73,2.81,22554
2014-06-30,2.78,2.78,2.7,2.76,31375
2014-07-01,2.78,2.78,2.72,2.75,17454
2014-07-02,2.76,2.78,2.74,2.78,9812
2014-07-03,2.76,2.79,2.76,2.79,50723
2014-07-07,2.8,2.82,2.77,2.78,26400
2014-07-08,2.8,2.8,2.7,2.76,32160
2014-07-09,2.74,2.75,2.7,2.7,27280
2014-07-10,2.67,2.74,2.66,2.71,26875
2014-07-11,2.68,2.73,2.66,2.72,8888
2014-07-14,2.72,2.72,2.65,2.67,42475
2014-07-15,2.65,2.69,2.65,2.65,37517
2014-07-16,2.65,2.67,2.65,2.67,17197
2014-07-17,2.64,2.65,2.63,2.63,18534
2014-07-18,2.69,2.69,2.63,2.64,18978
2014-07-21,2.66,2.69,2.65,2.65,32145
2014-07-22,2.65,2.69,2.65,2.66,32755
2014-07-23,2.64,2.68,2.64,2.68,12138
2014-07-24,2.65,2.69,2.65,2.68,28819
2014-07-25,2.69,2.69,2.65,2.69,12182
2014-07-28,2.67,2.69,2.66,2.67,28195
2014-07-29,2.67,2.69,2.57,2.6,75188
2014-07-30,2.6,2.62,2.33,2.36,190831
2014-07-31,2.35,2.46,2.31,2.4,87230
2014-08-01,2.44,2.44,2.28,2.4,380620
2014-08-04,2.4,2.4,2.35,2.38,109878
2014-08-05,2.4,2.41,2.37,2.38,40290
2014-08-06,2.36,2.38,2.34,2.35,20572
2014-08-07,2.35,2.36,2.29,2.3,70162
2014-08-08,2.29,2.32,2.26,2.28,47080
2014-08-11,2.26,2.33,2.26,2.3,57589
2014-08-12,2.3,2.3,2.29,2.3,32723
2014-08-13,2.3,2.31,2.26,2.28,37248
2014-08-14,2.29,2.29,2.25,2.27,24605
2014-08-15,2.29,2.3,2.26,2.26,34476
2014-08-18,2.26,2.32,2.26,2.28,35289
2014-08-19,2.27,2.31,2.27,2.3,27241
2014-08-20,2.28,2.31,2.28,2.29,19066
2014-08-21,2.29,2.3,2.24,2.25,30691
2014-08-22,2.25,2.27,2.22,2.24,49037
2014-08-25,2.25,2.27,2.23,2.25,28413
2014-08-26,2.25,2.25,2.23,2.24,66328
2014-08-27,2.25,2.25,2.23,2.23,31556
2014-08-28,2.24,2.24,2.19,2.2,126880
2014-08-29,2.19,2.2,2.19,2.2,40204
2014-09-02,2.21,2.23,2.2,2.21,34106
2014-09-03,2.23,2.23,2.18,2.18,26407
2014-09-04,2.18,2.18,2.09,2.11,137189
2014-09-05,2.07,2.11,2.06,2.06,97695
2014-09-08,2.08,2.1,2.07,2.09,84913
2014-09-09,2.07,2.08,2.03,2.05,97536
2014-09-10,2.05,2.11,2.04,2.1,44401
2014-09-11,2.09,2.11,2.04,2.04,49183
2014-09-12,2.06,2.07,2.04,2.05,32032
2014-09-15,2.05,2.14,2.04,2.05,42216
2014-09-16,2.03,2.07,2.02,2.05,32646
2014-09-17,2.05,2.05,2.01,2.02,33257
2014-09-18,2.02,2.03,1.99,1.99,110369
2014-09-19,1.99,2.13,1.83,1.97,521659
2014-09-22,1.99,2.15,1.99,1.99,149238
2014-09-23,2,2.05,1.99,2,38124
2014-09-24,2,2,1.93,1.97,101873
2014-09-25,1.94,1.96,1.87,1.88,233108
2014-09-26,1.91,2.04,1.91,2.01,69482
2014-09-29,2.01,2.09,1.96,1.97,14412
2014-09-30,1.98,2.06,1.95,2,45905
2014-10-01,1.98,1.99,1.93,1.93,50172
2014-10-02,1.92,1.97,1.9,1.93,17309
2014-10-03,1.94,2.05,1.92,2,30235
2014-10-06,2,2,1.95,1.96,38621
2014-10-07,1.95,2,1.94,1.99,36919
2014-10-08,1.99,2.01,1.85,2,99372
2014-10-09,1.91,2,1.91,1.93,22826
2014-10-10,1.92,2,1.91,1.98,80351
2014-10-13,1.96,1.96,1.91,1.91,65381
2014-10-14,1.97,1.99,1.87,1.9,42602
2014-10-15,1.85,1.92,1.8,1.84,63168
2014-10-16,1.8,1.88,1.8,1.85,117214
2014-10-17,1.85,1.86,1.82,1.82,52198
2014-10-20,1.84,1.87,1.82,1.83,56703
2014-10-21,1.83,1.86,1.82,1.83,116314
2014-10-22,1.85,1.85,1.81,1.81,40972
2014-10-23,1.85,1.94,1.84,1.85,46748
2014-10-24,1.84,1.87,1.8,1.83,20952
2014-10-27,1.83,1.87,1.8,1.85,68335
2014-10-28,1.86,2.09,1.86,1.95,197885
2014-10-29,1.95,1.98,1.9,1.93,106019
2014-10-30,1.97,1.98,1.76,1.82,160163
2014-10-31,1.86,1.94,1.83,1.84,168862
2014-11-03,1.86,1.93,1.86,1.91,77335
2014-11-04,1.95,1.95,1.89,1.9,42724
2014-11-05,1.89,1.92,1.84,1.87,75902
2014-11-06,1.88,1.93,1.85,1.88,88172
2014-11-07,1.9,1.9,1.85,1.89,58343
2014-11-10,1.85,1.92,1.85,1.85,56512
2014-11-11,1.86,1.9,1.85,1.9,34775
2014-11-12,1.91,1.93,1.86,1.87,59635
2014-11-13,1.87,1.92,1.85,1.87,42243
2014-11-14,1.85,1.9,1.85,1.88,50336
2014-11-17,1.89,1.89,1.81,1.84,70875
2014-11-18,1.86,1.89,1.85,1.85,57244
2014-11-19,1.86,1.86,1.85,1.86,46332
2014-11-20,1.85,1.87,1.84,1.84,97773
2014-11-21,1.86,1.89,1.85,1.85,27032
2014-11-24,1.87,1.93,1.86,1.93,101160
2014-11-25,1.93,1.93,1.9,1.92,40430
2014-11-26,1.91,2,1.91,1.93,49552
2014-11-28,1.95,1.95,1.87,1.88,82747
2014-12-01,1.88,1.9,1.82,1.82,151466
2014-12-02,1.82,1.89,1.81,1.83,105842
2014-12-03,1.84,1.88,1.8,1.8,92047
2014-12-04,1.88,1.88,1.82,1.82,64413
2014-12-05,1.9,1.9,1.84,1.84,108385
2014-12-08,1.85,1.87,1.82,1.82,66540
2014-12-09,1.78,1.85,1.78,1.83,49486
2014-12-10,1.83,1.83,1.8,1.81,53920
2014-12-11,1.81,1.85,1.8,1.8,110381
2014-12-12,1.84,1.87,1.82,1.85,59166
2014-12-15,1.85,1.88,1.7,1.76,301597
2014-12-16,1.7,1.7,1.59,1.63,392635
2014-12-17,1.66,1.86,1.66,1.78,78483
2014-12-18,1.8,1.88,1.78,1.84,80545
2014-12-19,1.86,1.92,1.83,1.92,112933
2014-12-22,1.95,1.95,1.87,1.88,27329
2014-12-23,1.92,1.92,1.85,1.85,38155
2014-12-24,1.86,1.9,1.86,1.87,9383
2014-12-26,1.88,1.92,1.85,1.92,35530
2014-12-29,1.91,1.91,1.85,1.85,81934
2014-12-30,1.85,1.92,1.85,1.9,87871
2014-12-31,1.9,1.9,1.82,1.84,113210
2015-01-02,1.82,1.89,1.82,1.88,12051
2015-01-05,1.9,1.91,1.84,1.85,34887
2015-01-06,1.88,1.88,1.77,1.78,40039
2015-01-07,1.78,1.84,1.78,1.8,26592
2015-01-08,1.83,1.84,1.78,1.81,24733
2015-01-09,1.78,1.83,1.76,1.79,34071
2015-01-12,1.83,1.9,1.76,1.8,38454
