"Index","AHPI.Open","AHPI.High","AHPI.Low","AHPI.Close","AHPI.Volume"
2007-01-03,5.15,5.32,5.1,5.32,8250
2007-01-04,5.22,5.51,5.22,5.4,12524
2007-01-05,5.29,5.32,5.28,5.29,600
2007-01-08,5.24,5.24,5.24,5.24,423
2007-01-09,5.27,5.27,5.21,5.21,1100
2007-01-10,5.17,5.39,5.05,5.11,5200
2007-01-11,5.11,5.14,5.04,5.1,2627
2007-01-12,5.07,5.07,5.06,5.07,1100
2007-01-16,5.1,5.22,5.07,5.22,179920
2007-01-17,5.16,5.23,5.15,5.23,4650
2007-01-18,5.13,5.13,5.13,5.13,242
2007-01-19,5.14,5.14,5.14,5.14,106
2007-01-22,5.14,5.14,5.05,5.05,4468
2007-01-23,5.19,5.19,5.09,5.18,1900
2007-01-24,5.1,5.1,5.1,5.1,200
2007-01-25,5.12,5.12,5.08,5.12,3100
2007-01-26,NA,NA,NA,5.12,0
2007-01-29,NA,NA,NA,5.12,0
2007-01-30,5.1,5.1,5.08,5.08,8203
2007-01-31,5.09,5.1,5.09,5.1,700
2007-02-01,5.08,5.09,5.08,5.08,300
2007-02-02,5.08,5.1,5.08,5.1,16044
2007-02-05,5.1,5.1,5.08,5.08,1103
2007-02-06,5.07,5.07,5.06,5.06,1473
2007-02-07,5.1,5.11,5.08,5.11,1200
2007-02-08,5.1,5.1,5.1,5.1,322
2007-02-09,5.1,5.31,5.1,5.31,22160
2007-02-12,5.14,5.22,5.1,5.1,4086
2007-02-13,5.16,5.16,5.13,5.13,22500
2007-02-14,5.17,5.23,5.17,5.22,800
2007-02-15,5.25,5.29,5.25,5.25,700
2007-02-16,NA,NA,NA,5.25,0
2007-02-20,5.3,5.3,5.3,5.3,3115
2007-02-21,5.25,5.3,5.25,5.3,1200
2007-02-22,5.32,5.39,5.32,5.35,7141
2007-02-23,5.35,5.49,5.35,5.49,2300
2007-02-26,5.38,5.45,5.35,5.36,6561
2007-02-27,5.39,5.39,5.39,5.39,109
2007-02-28,5.4,6.04,5.38,5.98,14033
2007-03-01,6.04,6.04,5.98,5.99,2224
2007-03-02,5.94,6.3,5.94,6.18,4902
2007-03-05,6,6,6,6,100
2007-03-06,5.93,5.93,5.92,5.92,271
2007-03-07,5.95,5.95,5.95,5.95,700
2007-03-08,6.24,6.25,6.02,6.02,430
2007-03-09,6.03,6.23,6.03,6.17,2107
2007-03-12,5.96,6.19,5.95,6.18,638
2007-03-13,6.06,6.17,6.05,6.14,4525
2007-03-14,6.17,6.18,6.07,6.14,1632
2007-03-15,6.17,6.19,5.98,5.98,3900
2007-03-16,5.97,6.1,5.96,6,2740
2007-03-19,6.08,6.16,5.99,6.16,1738
2007-03-20,6.1,6.15,6.1,6.15,200
2007-03-21,6.19,6.19,6.02,6.14,1800
2007-03-22,6.15,6.19,6.15,6.19,1900
2007-03-23,6.19,6.19,6.05,6.05,29850
2007-03-26,6.01,6.01,6.01,6.01,600
2007-03-27,6.01,6.01,5.91,5.91,3700
2007-03-28,6.05,6.15,5.96,6.15,10027
2007-03-29,6.14,6.15,6.02,6.02,1080
2007-03-30,6.01,6.01,6.01,6.01,667
2007-04-02,6.03,6.14,6.03,6.05,13450
2007-04-03,NA,NA,NA,6.05,0
2007-04-04,6.04,6.15,6.04,6.15,1103
2007-04-05,6.15,6.3,6.15,6.25,8500
2007-04-09,6.3,6.3,6.3,6.3,200
2007-04-10,6.23,6.25,6.2,6.2,1710
2007-04-11,NA,NA,NA,6.2,0
2007-04-12,6.18,6.2,6.14,6.2,1169
2007-04-13,6.2,6.2,6.2,6.2,2100
2007-04-16,6.2,6.25,6.1,6.25,1821
2007-04-17,6.25,6.25,6.25,6.25,5310
2007-04-18,6.2,6.2,6.2,6.2,1000
2007-04-19,6.25,6.37,6.25,6.37,4100
2007-04-20,6.16,6.5,6.16,6.36,6800
2007-04-23,6.21,6.49,6.21,6.41,3000
2007-04-24,6.41,6.41,6.38,6.38,5202
2007-04-25,6.35,6.45,6.35,6.45,4185
2007-04-26,6.41,6.44,6.41,6.44,204
2007-04-27,6.44,6.54,6.44,6.44,4675
2007-04-30,6.44,6.78,6.44,6.61,1625
2007-05-01,6.7,6.7,6.7,6.7,100
2007-05-02,6.7,6.85,6.7,6.85,46237
2007-05-03,6.92,7.05,6.87,6.95,2820
2007-05-04,6.95,6.95,6.7,6.7,18460
2007-05-07,6.7,6.7,6.7,6.7,100
2007-05-08,6.6,6.61,6.52,6.52,770
2007-05-09,6.52,6.52,6.5,6.5,900
2007-05-10,6.41,6.51,6.4,6.4,1900
2007-05-11,6.41,6.46,6.4,6.43,600
2007-05-14,6.33,6.34,6.33,6.34,1100
2007-05-15,6.28,6.28,6.28,6.28,1050
2007-05-16,6.37,6.46,6.35,6.37,1900
2007-05-17,6.34,6.37,6.32,6.32,500
2007-05-18,NA,NA,NA,6.32,0
2007-05-21,6.28,6.35,6.05,6.16,9464
2007-05-22,6.18,6.21,6.18,6.21,500
2007-05-23,6.12,6.48,6.12,6.48,17180
2007-05-24,6.2,6.2,6.2,6.2,1000
2007-05-25,6.4,6.4,6.3,6.31,1454
2007-05-29,6.2,6.3,6.2,6.3,1570
2007-05-30,6.22,6.37,6.22,6.32,1142
2007-05-31,6.26,6.65,6.26,6.35,3542
2007-06-01,6.4,6.68,6.35,6.35,2759
2007-06-04,6.73,6.73,6.65,6.65,200
2007-06-05,6.29,6.53,6.29,6.42,4700
2007-06-06,6.45,6.6,6.43,6.51,3245
2007-06-07,6.55,6.55,6.39,6.39,2112
2007-06-08,6.43,6.5,6.35,6.36,800
2007-06-11,6.45,6.77,6.45,6.57,1403
2007-06-12,6.61,6.75,6.35,6.35,3042
2007-06-13,6.62,6.62,6.57,6.58,630
2007-06-14,6.74,6.74,6.4,6.4,4100
2007-06-15,6.43,6.53,6.43,6.5,1050
2007-06-18,6.51,6.51,6.42,6.42,1401
2007-06-19,6.73,6.74,6.51,6.51,21536
2007-06-20,6.42,6.45,6.4,6.45,1670
2007-06-21,6.55,6.56,6.55,6.56,1500
2007-06-22,6.56,6.56,6.56,6.56,100
2007-06-25,6.4,6.41,6.4,6.4,1220
2007-06-26,6.4,6.4,6.35,6.4,2503
2007-06-27,6.35,6.35,6.35,6.35,400
2007-06-28,6.37,6.37,6.37,6.37,1100
2007-06-29,6.53,6.64,6.53,6.64,400
2007-07-02,6.54,6.82,6.52,6.74,2671
2007-07-03,6.75,6.75,6.55,6.55,1900
2007-07-05,6.52,6.59,6.45,6.47,2700
2007-07-06,6.47,6.47,6.28,6.31,1374
2007-07-09,6.35,6.35,6.35,6.35,1161
2007-07-10,6.32,6.35,6.25,6.35,28568
2007-07-11,6.46,6.66,6.4,6.4,814
2007-07-12,6.45,6.45,6.35,6.35,1000
2007-07-13,6.3,6.3,6.3,6.3,100
2007-07-16,6.29,6.29,6.29,6.29,100
2007-07-17,NA,NA,NA,6.29,0
2007-07-18,6.3,6.32,6.3,6.32,3589
2007-07-19,6.3,6.3,6.3,6.3,1100
2007-07-20,NA,NA,NA,6.3,0
2007-07-23,6.3,6.54,6.3,6.31,2536
2007-07-24,6.55,6.55,6.31,6.31,300
2007-07-25,6.41,6.48,6.35,6.48,1589
2007-07-26,6.35,6.72,6.35,6.61,1600
2007-07-27,6.41,6.56,6.31,6.32,1400
2007-07-30,6.35,6.35,6.35,6.35,245
2007-07-31,NA,NA,NA,6.35,0
2007-08-01,6.35,6.35,6.3,6.3,1000
2007-08-02,6.3,6.3,6.3,6.3,100
2007-08-03,6.25,6.25,5.9,6.1,2001
2007-08-06,6,6,5.8,5.99,820
2007-08-07,6,6.01,5.5,5.93,2433
2007-08-08,6.15,6.15,5.95,5.95,2151
2007-08-09,5.95,5.95,5.95,5.95,100
2007-08-10,5.94,5.94,5.75,5.75,1758
2007-08-13,5.85,5.94,5.76,5.76,1169
2007-08-14,NA,NA,NA,5.76,0
2007-08-15,5.76,5.76,5.76,5.76,400
2007-08-16,5.61,5.61,5.05,5.05,4984
2007-08-17,5.1,5.1,5.05,5.05,4790
2007-08-20,5.11,5.12,5.05,5.08,6402
2007-08-21,5.17,5.45,5.1,5.45,1533
2007-08-22,5.25,5.7,5.25,5.7,504
2007-08-23,5.85,6.05,5.85,6,2400
2007-08-24,5.63,6.1,5.63,6.1,2103
2007-08-27,6.1,6.1,6,6,500
2007-08-28,6,6.09,5.86,6.09,400
2007-08-29,6.1,6.1,6,6,10499
2007-08-30,5.91,6.06,5.9,6.06,2400
2007-08-31,6.13,6.13,6.13,6.13,100
2007-09-04,5.93,6.11,5.93,6.11,2200
2007-09-05,NA,NA,NA,6.11,0
2007-09-06,6.12,6.2,6.12,6.2,2500
2007-09-07,6.1,6.12,6.1,6.12,400
2007-09-10,6.01,6.17,6,6,569
2007-09-11,6,6.1,6,6,750
2007-09-12,6,6.16,6,6.16,380
2007-09-13,6.1,6.25,6.1,6.25,606
2007-09-14,6,6.17,6,6.17,1823
2007-09-17,6,6.26,5.76,6.25,11895
2007-09-18,6.25,6.47,6.25,6.47,1223
2007-09-19,6.4,6.4,6.3,6.3,5700
2007-09-20,6.3,6.3,6.3,6.3,2000
2007-09-21,6.25,6.4,6.25,6.4,1100
2007-09-24,6.35,6.35,6.35,6.35,600
2007-09-25,6.35,6.35,6.35,6.35,100
2007-09-26,6.4,6.4,6.4,6.4,100
2007-09-27,6.4,6.45,6.4,6.4,800
2007-09-28,6.4,6.76,6.4,6.76,2500
2007-10-01,NA,NA,NA,6.76,0
2007-10-02,6.7,6.7,6.61,6.61,1021
2007-10-03,6.65,6.65,6.57,6.57,1165
2007-10-04,6.72,6.72,6.72,6.72,400
2007-10-05,6.6,6.6,6.6,6.6,1377
2007-10-08,6.72,6.72,6.57,6.57,718
2007-10-09,6.56,6.56,6.51,6.51,800
2007-10-10,6.66,6.66,6.66,6.66,587
2007-10-11,6.65,6.75,6.65,6.75,2967
2007-10-12,6.73,6.73,6.65,6.65,390
2007-10-15,NA,NA,NA,6.65,0
2007-10-16,6.65,6.65,6.65,6.65,2000
2007-10-17,6.65,6.7,6.65,6.65,4634
2007-10-18,6.65,6.65,6.65,6.65,900
2007-10-19,6.65,6.65,6.65,6.65,300
2007-10-22,NA,NA,NA,6.65,0
2007-10-23,6.65,6.65,6.65,6.65,1200
2007-10-24,6.7,6.7,6.7,6.7,100
2007-10-25,6.65,6.65,6.65,6.65,934
2007-10-26,6.65,6.65,6.65,6.65,100
2007-10-29,6.65,6.65,6.65,6.65,100
2007-10-30,6.65,6.65,6.65,6.65,1100
2007-10-31,6.65,6.65,6.65,6.65,1400
2007-11-01,6.65,6.65,6.65,6.65,600
2007-11-02,6.65,6.65,6.6,6.65,3996
2007-11-05,6.65,6.75,6.65,6.75,3782
2007-11-06,6.65,6.65,6.65,6.65,200
2007-11-07,6.65,6.67,6.51,6.57,6700
2007-11-08,6.6,6.74,6.5,6.73,1300
2007-11-09,6.54,6.54,6.36,6.36,2800
2007-11-12,6.36,6.57,6.35,6.35,3900
2007-11-13,6.39,6.39,6.35,6.35,320
2007-11-14,6.39,6.39,6.35,6.35,200
2007-11-15,6.35,6.35,6.35,6.35,100
2007-11-16,6.35,6.35,6.35,6.35,100
2007-11-19,6.55,6.55,6.35,6.35,1685
2007-11-20,6.44,6.55,6.44,6.54,800
2007-11-21,6.36,6.36,6.36,6.36,100
2007-11-23,NA,NA,NA,6.36,0
2007-11-26,6.35,6.35,6.35,6.35,100
2007-11-27,6.35,6.35,5.9,6.15,4302
2007-11-28,NA,NA,NA,6.15,0
2007-11-29,6.35,6.35,6.19,6.3,300
2007-11-30,6.18,6.3,6.15,6.25,1408
2007-12-03,6.25,6.26,6.25,6.25,4109
2007-12-04,6.1,6.1,5.95,5.95,1100
2007-12-05,5.9,5.9,5.85,5.85,300
2007-12-06,5.8,6.1,5.37,6.1,5900
2007-12-07,6.09,8.21,6.09,6.73,155373
2007-12-10,6.85,7.48,6.85,7.25,5497
2007-12-11,7.24,7.25,6.85,7,10900
2007-12-12,7.03,7.05,6.9,6.9,1986
2007-12-13,7,7,7,7,800
2007-12-14,7,7,6.75,6.86,15260
2007-12-17,7.28,7.28,6.86,6.98,1416
2007-12-18,6.88,6.88,6.85,6.85,3549
2007-12-19,6.85,7.05,6.85,6.86,2587
2007-12-20,6.85,7.1,6.85,6.87,5070
2007-12-21,6.87,7,6.87,6.88,1948
2007-12-24,7,7,6.85,6.85,992
2007-12-26,6.85,6.85,6.85,6.85,3659
2007-12-27,6.85,6.99,6.85,6.99,5100
2007-12-28,6.86,7.05,6.85,7.01,6935
2007-12-31,7,7.45,7,7.25,6808
2008-01-02,7.25,7.45,6.51,6.52,26363
2008-01-03,6.64,7.33,6.6,7.08,5100
2008-01-04,7.34,7.37,6.81,7.01,5730
2008-01-07,7.05,7.24,6.81,6.86,4263
2008-01-08,6.83,7.26,6.8,6.84,2986
2008-01-09,7.15,7.25,6.93,7.1,3224
2008-01-10,6.85,7.42,6.85,7.25,3350
2008-01-11,6.95,7.25,6.95,7.2,5864
2008-01-14,7,7.25,7,7.25,2588
2008-01-15,7.12,7.25,7,7,2021
2008-01-16,6.91,7.15,6.82,7,3757
2008-01-17,7,7.27,6.96,7.02,20797
2008-01-18,6.81,7.24,6.81,6.83,2062
2008-01-22,7.05,7.17,6.8,7.02,5021
2008-01-23,6.8,7.24,6.8,7.24,4250
2008-01-24,7.25,7.25,7.23,7.23,205
2008-01-25,7.25,7.25,7,7,7380
2008-01-28,7.09,7.23,7.09,7.23,200
2008-01-29,NA,NA,NA,7.23,0
2008-01-30,7,7,6.8,6.8,1716
2008-01-31,7.23,7.24,7.03,7.22,2230
2008-02-01,7.24,7.24,7.21,7.24,1000
2008-02-04,7.45,7.45,7,7,2515
2008-02-05,7,7.01,6.8,7,11593
2008-02-06,7.28,7.28,6.5,6.5,2325
2008-02-07,6.5,7.18,6.5,6.54,1400
2008-02-08,6.53,6.76,6.53,6.76,400
2008-02-11,6.52,6.59,6.1,6.1,2288
2008-02-12,6.22,6.22,5.9,6.1,400
2008-02-13,6,6,5.9,6,1900
2008-02-14,NA,NA,NA,6,0
2008-02-15,6.04,6.04,6.04,6.04,200
2008-02-19,6,6.68,6,6,4948
2008-02-20,6,6.54,6,6,1100
2008-02-21,6,6,6,6,400
2008-02-22,6,6,6,6,768
2008-02-25,6,6,6,6,1401
2008-02-26,6.01,6.01,6,6,1544
2008-02-27,6,6,6,6,100
2008-02-28,6,7,6,6.03,4104
2008-02-29,6,7.19,6,7.07,9402
2008-03-03,6.15,6.97,6.1,6.95,1051
2008-03-04,NA,NA,NA,6.95,0
2008-03-05,6.11,6.11,6.11,6.11,110
2008-03-06,6.5,6.51,6.12,6.32,1507
2008-03-07,NA,NA,NA,6.32,0
2008-03-10,6.05,6.89,6.05,6.89,2667
2008-03-11,6.8,6.8,6.02,6.02,2205
2008-03-12,6.08,6.63,6.05,6.59,14095
2008-03-13,6.57,6.6,6.57,6.6,1300
2008-03-14,NA,NA,NA,6.6,0
2008-03-17,6.55,6.55,6.4,6.4,1460
2008-03-18,NA,NA,NA,6.4,0
2008-03-19,6.17,6.17,6.15,6.15,961
2008-03-20,6.15,6.3,6.15,6.3,1700
2008-03-24,6.3,6.3,6.3,6.3,2930
2008-03-25,6.2,6.2,6,6,1514
2008-03-26,6.01,6.01,6,6,200
2008-03-27,6,6,6,6,433
2008-03-28,6,6,6,6,20500
2008-03-31,6,6.18,6,6.18,2659
2008-04-01,6.15,6.15,6.15,6.15,14169
2008-04-02,6,6.01,6,6,5100
2008-04-03,6,6.2,6,6.2,3459
2008-04-04,6,6,6,6,7700
2008-04-07,6.18,6.18,6,6,833
2008-04-08,6.16,6.18,6.04,6.17,667
2008-04-09,6.15,6.19,6,6.06,605
2008-04-10,6.19,6.19,6.19,6.19,300
2008-04-11,6.19,6.2,6.19,6.2,300
2008-04-14,6.19,6.19,6.19,6.19,200
2008-04-15,6.19,6.2,6.19,6.2,200
2008-04-16,6.19,6.19,6.19,6.19,100
2008-04-17,6.09,6.3,6.09,6.3,300
2008-04-18,6.35,6.4,6.3,6.3,10672
2008-04-21,6.29,6.29,5.8,6.29,5551
2008-04-22,6.2,6.29,6,6,4032
2008-04-23,6,6.1,6,6,20405
2008-04-24,NA,NA,NA,6,0
2008-04-25,NA,NA,NA,6,0
2008-04-28,NA,NA,NA,6,0
2008-04-29,6,6.05,6,6,4050
2008-04-30,6.27,6.27,6.27,6.27,1887
2008-05-01,NA,NA,NA,6.27,0
2008-05-02,6.27,6.27,6.12,6.2,2269
2008-05-05,6.05,6.29,6.05,6.29,14724
2008-05-06,6.2,6.29,6,6.2,6311
2008-05-07,6.1,6.1,5.84,6,19016
2008-05-08,6,6,6,6,25000
2008-05-09,6.24,6.4,6.24,6.4,840
2008-05-12,6.4,6.4,6.4,6.4,205
2008-05-13,6.39,6.4,6.39,6.4,5442
2008-05-14,6.69,6.98,6.69,6.98,200
2008-05-15,6.43,6.43,6.4,6.4,360
2008-05-16,6.47,6.7,6.47,6.7,5100
2008-05-19,NA,NA,NA,6.7,0
2008-05-20,6.7,7.1,6.5,7.1,13700
2008-05-21,6.72,7.1,6.71,7.1,2893
2008-05-22,6.74,7.09,6.74,6.8,600
2008-05-23,NA,NA,NA,6.8,0
2008-05-27,7.08,7.08,7.08,7.08,200
2008-05-28,7.08,7.28,7,7,9436
2008-05-29,7.07,7.08,7,7,3000
2008-05-30,7,7.29,6.75,7.27,3042
2008-06-02,7.1,7.1,6.9,6.9,224
2008-06-03,NA,NA,NA,6.9,0
2008-06-04,6.84,6.87,6.84,6.87,2549
2008-06-05,6.75,7.1,6.75,7,7583
2008-06-06,NA,NA,NA,7,0
2008-06-09,7.26,7.4,7,7,2300
2008-06-10,6.76,7.27,6.75,6.78,3200
2008-06-11,6.75,6.75,6.75,6.75,1350
2008-06-12,7.49,7.5,7.08,7.08,7059
2008-06-13,6.99,7.15,6.99,7,7404
2008-06-16,7.1,7.1,7.1,7.1,1321
2008-06-17,6.75,6.75,6.75,6.75,10100
2008-06-18,6.75,6.75,6.75,6.75,15000
2008-06-19,6.99,6.99,6.75,6.8,178456
2008-06-20,7.24,7.24,6.8,6.81,13180
2008-06-23,6.77,6.81,6.77,6.81,4293
2008-06-24,NA,NA,NA,6.81,0
2008-06-25,7,7,7,7,910
2008-06-26,6.76,6.9,6.55,6.76,20019
2008-06-27,6.8,6.87,6.38,6.8,8724
2008-06-30,6.65,7.05,6.65,7.05,1005
2008-07-01,6.75,7,6.65,6.99,3165
2008-07-02,NA,NA,NA,6.99,0
2008-07-03,6.71,6.75,6.71,6.75,5915
2008-07-07,6.76,6.76,6.47,6.47,1387
2008-07-08,6.57,6.85,6.57,6.71,890
2008-07-09,6.71,6.9,6.56,6.56,2788
2008-07-10,6.5,6.5,6.3,6.44,7985
2008-07-11,6.36,6.5,6.36,6.5,242
2008-07-14,6.5,6.5,6.5,6.5,134
2008-07-15,6.42,6.42,6.42,6.42,100
2008-07-16,6.46,6.71,6.27,6.71,6793
2008-07-17,6.74,6.74,6.63,6.63,563
2008-07-18,6.53,6.75,6.53,6.7,400
2008-07-21,6.67,6.67,6.6,6.6,1415
2008-07-22,6.62,6.74,6.61,6.74,800
2008-07-23,6.61,6.8,6.61,6.75,2168
2008-07-24,6.7,6.8,6.41,6.42,1700
2008-07-25,NA,NA,NA,6.42,0
2008-07-28,6.5,6.5,6.46,6.46,500
2008-07-29,6.45,6.45,6.15,6.15,1400
2008-07-30,6.69,6.7,6.69,6.7,2100
2008-07-31,6.85,6.99,6.75,6.99,438
2008-08-01,6.99,6.99,6.99,6.99,3835
2008-08-04,6.92,6.92,6.86,6.9,472
2008-08-05,6.73,6.73,6.73,6.73,200
2008-08-06,6.71,6.71,6.61,6.61,2100
2008-08-07,6.7,6.7,6.7,6.7,2000
2008-08-08,6.5,6.8,6.5,6.64,4995
2008-08-11,6.62,6.62,6.61,6.61,500
2008-08-12,6.62,6.62,6.31,6.31,5174
2008-08-13,6.79,6.82,6.79,6.82,2000
2008-08-14,6.79,6.91,6.79,6.91,500
2008-08-15,6.8,6.81,6.44,6.67,3175
2008-08-18,6.61,6.61,6.6,6.6,300
2008-08-19,6.85,6.89,6.68,6.68,5503
2008-08-20,6.75,7,6.61,7,7880
2008-08-21,NA,NA,NA,7,0
2008-08-22,6.99,7,6.99,7,2535
2008-08-25,6.7,6.7,6.5,6.58,9603
2008-08-26,6.58,6.72,6.25,6.49,13904
2008-08-27,6.68,6.69,6.16,6.28,3164
2008-08-28,6.72,6.72,6.4,6.4,2458
2008-08-29,6.4,6.4,6.4,6.4,26035
2008-09-02,6.25,6.56,5.98,5.98,5420
2008-09-03,6.3,6.3,6.3,6.3,100
2008-09-04,NA,NA,NA,6.3,0
2008-09-05,6.3,6.71,6,6.02,1554
2008-09-08,6.66,6.67,5.86,6,2621
2008-09-09,6.46,6.46,6.4,6.4,510
2008-09-10,6.08,6.61,6.08,6.14,900
2008-09-11,6.1,6.58,6.06,6.11,2588
2008-09-12,6.25,6.25,6.11,6.11,1281
2008-09-15,NA,NA,NA,6.11,0
2008-09-16,6.12,6.4,6.01,6.01,26485
2008-09-17,6.05,6.49,5.9,6.04,12086
2008-09-18,NA,NA,NA,6.04,0
2008-09-19,6.11,6.11,6.1,6.1,1000
2008-09-22,6.01,6.47,6,6.14,6047
2008-09-23,6.11,6.11,6.1,6.1,210
2008-09-24,6.11,6.11,6.1,6.1,13100
2008-09-25,6.18,6.18,6.17,6.18,1490
2008-09-26,6.1,6.1,6.05,6.05,300
2008-09-29,6.66,6.66,3.42,5,13339
2008-09-30,5.06,5.99,4.85,5.71,9800
2008-10-01,6.2,6.2,6.19,6.19,800
2008-10-02,6.02,6.2,5.64,5.7,6315
2008-10-03,5.81,5.82,5.81,5.82,400
2008-10-06,5.78,5.78,3.01,5.1,18903
2008-10-07,5.01,5.01,4.99,5,1000
2008-10-08,5,5.05,4.26,5,7989
2008-10-09,4.71,4.71,4.16,4.5,3264
2008-10-10,4.22,4.84,3.53,4.45,5260
2008-10-13,4.64,4.68,4.54,4.66,4249
2008-10-14,5.49,5.49,4.57,4.99,3300
2008-10-15,5,5,3.83,4.3,8533
2008-10-16,4.95,4.95,4.25,4.25,3649
2008-10-17,4.97,4.99,4.29,4.86,9885
2008-10-20,4.9,4.9,4.85,4.88,5415
2008-10-21,5.05,5.05,4.8,4.88,7834
2008-10-22,NA,NA,NA,4.88,0
2008-10-23,4.76,4.8,4.76,4.76,1703
2008-10-24,4.7,4.7,4.5,4.5,200
2008-10-27,4.4,4.5,4.4,4.5,1972
2008-10-28,4.3,4.3,3.76,4.19,7592
2008-10-29,4.19,4.19,4,4.19,8583
2008-10-30,4.02,4.25,4,4.25,11635
2008-10-31,4.11,4.36,4.11,4.36,2100
2008-11-03,4.57,4.57,4.55,4.57,1600
2008-11-04,NA,NA,NA,4.57,0
2008-11-05,4.45,4.45,4.29,4.29,308
2008-11-06,4.29,4.29,4.29,4.29,9370
2008-11-07,4.3,4.3,4.3,4.3,2100
2008-11-10,4.25,4.25,3.75,3.9,16378
2008-11-11,3.96,4.27,3.95,3.96,10045
2008-11-12,3.94,3.97,3.94,3.97,1100
2008-11-13,3.96,4.05,3.94,4.05,1600
2008-11-14,4.01,4.01,3.93,3.93,4871
2008-11-17,3.95,3.95,3.86,3.86,6900
2008-11-18,3.86,3.9,3.86,3.87,8220
2008-11-19,3.89,3.89,3.89,3.89,9984
2008-11-20,3.86,3.87,3.86,3.87,1200
2008-11-21,NA,NA,NA,3.87,0
2008-11-24,3.85,4.27,3.85,3.9,6731
2008-11-25,4,4,3.9,3.9,2000
2008-11-26,3.85,3.93,3.85,3.9,6365
2008-11-28,3.88,3.88,3.85,3.85,2700
2008-12-01,3.92,3.93,3.88,3.88,4000
2008-12-02,3.93,4.2,3.93,4.2,1825
2008-12-03,NA,NA,NA,4.2,0
2008-12-04,4,4,3.79,3.79,9400
2008-12-05,3.82,3.82,3.8,3.8,4803
2008-12-08,3.9,3.9,3.9,3.9,3314
2008-12-09,3.89,4,3.85,4,500
2008-12-10,4,4.03,4,4.03,300
2008-12-11,3.9,3.9,3.9,3.9,3400
2008-12-12,4.39,4.4,4,4,1308
2008-12-15,NA,NA,NA,4,0
2008-12-16,3.91,4,3.42,3.42,24411
2008-12-17,3.87,3.91,3.69,3.69,2249
2008-12-18,3.69,3.74,3.69,3.7,1129
2008-12-19,3.61,3.61,3.55,3.55,857
2008-12-22,3.64,3.91,3.6,3.81,3607
2008-12-23,3.56,3.82,3.34,3.4,6202
2008-12-24,3.4,3.58,3.33,3.58,2892
2008-12-26,3.08,3.45,3.08,3.45,1250
2008-12-29,NA,NA,NA,3.45,0
2008-12-30,3.25,3.25,2.52,2.85,71236
2008-12-31,2.9,3.3,2.85,3.13,18573
2009-01-02,3.19,3.3,3.19,3.25,5148
2009-01-05,NA,NA,NA,3.25,0
2009-01-06,3.21,3.32,2.9,3.22,2274
2009-01-07,2.91,3.29,2.9,3.27,8030
2009-01-08,3.1,3.36,3.09,3.35,10435
2009-01-09,3.36,3.99,3.36,3.99,14002
2009-01-12,4,4.01,3.86,4,4275
2009-01-13,3.77,4.5,3.77,4.5,4015
2009-01-14,NA,NA,NA,4.5,0
2009-01-15,4.27,4.27,3.73,3.73,3893
2009-01-16,4.24,4.24,3.75,4.24,12346
2009-01-20,4.27,4.28,4.27,4.27,1685
2009-01-21,NA,NA,NA,4.27,0
2009-01-22,4.42,4.42,3.76,4,3055
2009-01-23,3.9,3.9,3.5,3.55,1018
2009-01-26,NA,NA,NA,3.55,0
2009-01-27,NA,NA,NA,3.55,0
2009-01-28,NA,NA,NA,3.55,0
2009-01-29,4.27,4.29,4.25,4.25,1006
2009-01-30,4.28,4.3,4.27,4.3,1329
2009-02-02,4.01,4.29,4,4.29,1632
2009-02-03,4.29,4.29,4.21,4.25,81080
2009-02-04,4.24,4.3,4.01,4.01,2790
2009-02-05,NA,NA,NA,4.01,0
2009-02-06,NA,NA,NA,4.01,0
2009-02-09,4.7,4.7,4.4,4.4,1540
2009-02-10,4,4,4,4,1250
2009-02-11,4,4,3.7,3.7,7902
2009-02-12,NA,NA,NA,3.7,0
2009-02-13,NA,NA,NA,3.7,0
2009-02-17,3.55,3.55,3.18,3.18,764
2009-02-18,3.45,3.92,3.45,3.92,663
2009-02-19,3.53,3.95,3.53,3.95,20365
2009-02-20,3.52,3.52,3.3,3.3,3631
2009-02-23,3.3,3.3,3.3,3.3,500
2009-02-24,3.49,3.5,3.3,3.31,2020
2009-02-25,3.31,3.31,2.8,2.9,4977
2009-02-26,2.93,2.93,2.93,2.93,1420
2009-02-27,3.24,3.24,2.9,3,7911
2009-03-02,3.01,3.01,2.9,2.9,9920
2009-03-03,2.9,3.1,2.9,2.91,3517
2009-03-04,2.91,3.04,2.91,3.04,52872
2009-03-05,NA,NA,NA,3.04,0
2009-03-06,2.91,2.98,2.9,2.9,118425
2009-03-09,2.91,3.03,2.63,3.03,11750
2009-03-10,2.75,3.03,2.7,3.03,3300
2009-03-11,3.03,3.03,2.88,3,1605
2009-03-12,2.69,3.02,2.65,3.02,7635
2009-03-13,NA,NA,NA,3.02,0
2009-03-16,2.9,3.19,2.9,3.19,2130
2009-03-17,2.83,2.83,2.83,2.83,565
2009-03-18,3.09,3.15,2.95,2.95,1307
2009-03-19,2.95,2.95,2.95,2.95,265
2009-03-20,2.96,2.96,2.96,2.96,107
2009-03-23,2.95,3.36,2.8,3.07,4864
2009-03-24,NA,NA,NA,3.07,0
2009-03-25,3.27,3.31,3.27,3.29,780
2009-03-26,NA,NA,NA,3.29,0
2009-03-27,3.29,3.3,3.09,3.09,62765
2009-03-30,NA,NA,NA,3.09,0
2009-03-31,3.32,3.32,3.1,3.1,280
2009-04-01,NA,NA,NA,3.1,0
2009-04-02,NA,NA,NA,3.1,0
2009-04-03,NA,NA,NA,3.1,0
2009-04-06,NA,NA,NA,3.1,0
2009-04-07,NA,NA,NA,3.1,0
2009-04-08,2.8,3.1,2.8,3,1946
2009-04-09,3,3,3,3,11188
2009-04-13,NA,NA,NA,3,0
2009-04-14,2.82,3.1,2.82,3.1,977
2009-04-15,3,3.05,3,3.05,320
2009-04-16,3.14,3.15,3.14,3.15,661
2009-04-17,NA,NA,NA,3.15,0
2009-04-20,3.15,3.15,3.1,3.1,1350
2009-04-21,3.05,3.15,3.05,3.15,1040
2009-04-22,NA,NA,NA,3.15,0
2009-04-23,NA,NA,NA,3.15,0
2009-04-24,3.15,3.78,3.15,3.78,1720
2009-04-27,3.99,5.92,3.99,4.55,12529
2009-04-28,4.51,5.21,4.5,4.51,5819
2009-04-29,5.22,5.81,5,5.55,10574
2009-04-30,5.55,5.9,5,5.68,42267
2009-05-01,5.81,5.81,5.32,5.32,2307
2009-05-04,5.89,5.89,5,5.12,6968
2009-05-05,5.01,5.01,4.64,4.78,3155
2009-05-06,4.55,4.55,4.55,4.55,300
2009-05-07,4.55,4.55,4,4,4930
2009-05-08,3.61,3.85,3.61,3.71,6550
2009-05-11,3.92,3.92,3.92,3.92,400
2009-05-12,4,4,4,4,5192
2009-05-13,3.8,4,3.8,4,6206
2009-05-14,3.99,3.99,3.99,3.99,3605
2009-05-15,3.61,3.99,3.6,3.99,3469
2009-05-18,3.98,4.25,3.92,4,10703
2009-05-19,4,4.03,3.9,3.98,1389
2009-05-20,4,4,3.99,3.99,18575
2009-05-21,NA,NA,NA,3.99,0
2009-05-22,3.6,4.3,3.6,4.3,1931
2009-05-26,4.27,4.27,4.27,4.27,100
2009-05-27,4,4.2,3.99,3.99,13055
2009-05-28,NA,NA,NA,3.99,0
2009-05-29,4.2,4.2,4.06,4.06,1040
2009-06-01,3.75,4.59,3.75,4.59,2250
2009-06-02,NA,NA,NA,4.59,0
2009-06-03,NA,NA,NA,4.59,0
2009-06-04,4.59,4.59,4.2,4.2,3650
2009-06-05,4.2,4.2,4.2,4.2,157
2009-06-08,NA,NA,NA,4.2,0
2009-06-09,NA,NA,NA,4.2,0
2009-06-10,4.43,4.43,3.83,4.43,600
2009-06-11,4.45,4.5,4.05,4.48,16888
2009-06-12,4.01,4.48,4.01,4.44,900
2009-06-15,NA,NA,NA,4.44,0
2009-06-16,NA,NA,NA,4.44,0
2009-06-17,NA,NA,NA,4.44,0
2009-06-18,4.5,4.5,4.5,4.5,7645
2009-06-19,NA,NA,NA,4.5,0
2009-06-22,4.03,4.43,4,4.43,1483
2009-06-23,4.01,4.37,4.01,4.37,1540
2009-06-24,4.01,4.5,3.8,3.8,9244
2009-06-25,3.8,4.5,3.76,4.3,3499
2009-06-26,4.3,4.3,4.3,4.3,13850
2009-06-29,4.37,4.37,4.06,4.06,600
2009-06-30,4.35,4.35,4.05,4.3,1300
2009-07-01,NA,NA,NA,4.3,0
2009-07-02,NA,NA,NA,4.3,0
2009-07-06,3.8,3.8,3.71,3.72,941
2009-07-07,4,4.22,3.8,3.8,700
2009-07-08,3.83,3.83,3.81,3.81,400
2009-07-09,3.71,3.85,3.71,3.85,1100
2009-07-10,NA,NA,NA,3.85,0
2009-07-13,NA,NA,NA,3.85,0
2009-07-14,3.85,3.85,3.85,3.85,291
2009-07-15,4.33,4.39,4.33,4.39,960
2009-07-16,4,4.35,4,4.35,1684
2009-07-17,NA,NA,NA,4.35,0
2009-07-20,NA,NA,NA,4.35,0
2009-07-21,4.3,4.3,4.3,4.3,967
2009-07-22,NA,NA,NA,4.3,0
2009-07-23,NA,NA,NA,4.3,0
2009-07-24,NA,NA,NA,4.3,0
2009-07-27,NA,NA,NA,4.3,0
2009-07-28,NA,NA,NA,4.3,0
2009-07-29,NA,NA,NA,4.3,0
2009-07-30,4.02,4.02,4.01,4.01,941
2009-07-31,4.01,4.01,4,4,200
2009-08-03,3.81,3.81,3.81,3.81,100
2009-08-04,3.81,3.81,3.8,3.81,5253
2009-08-05,3.75,3.9,3.5,3.78,3100
2009-08-06,3.52,3.52,3.52,3.52,1000
2009-08-07,3.98,3.98,3.51,3.51,866
2009-08-10,3.51,3.98,3.51,3.98,2070
2009-08-11,3.6,3.6,3.55,3.55,1002
2009-08-12,3.56,3.62,3.55,3.56,1100
2009-08-13,3.78,3.78,3.56,3.56,3347
2009-08-14,3.66,3.97,3.65,3.97,791
2009-08-17,3.56,3.56,3.56,3.56,3847
2009-08-18,3.6,3.98,3.6,3.98,1501
2009-08-19,3.75,4.24,3.75,4.24,1199
2009-08-20,NA,NA,NA,4.24,0
2009-08-21,4.05,4.05,4.05,4.05,245
2009-08-24,4.2,4.2,4.01,4.2,6165
2009-08-25,4.19,4.36,3.81,4.25,20456
2009-08-26,NA,NA,NA,4.25,0
2009-08-27,4.5,4.5,4.48,4.48,483
2009-08-28,4.5,4.5,4.25,4.5,1400
2009-08-31,3.92,4.5,3.92,4.39,6873
2009-09-01,4,4.39,4,4.39,2440
2009-09-02,NA,NA,NA,4.39,0
2009-09-03,4.38,4.39,4.1,4.39,3878
2009-09-04,4.25,4.48,4.19,4.45,3581
2009-09-08,4,4.5,4,4.5,3158
2009-09-09,4.5,4.69,4.25,4.25,816
2009-09-10,4.25,4.54,4.25,4.51,2734
2009-09-11,4.5,4.5,4.5,4.5,250
2009-09-14,4.65,4.65,4.5,4.5,1200
2009-09-15,5,5,4.98,5,1566
2009-09-16,5,5,5,5,180
2009-09-17,4.76,5.14,4.75,5.14,1908
2009-09-18,4.75,4.75,4.25,4.25,2767
2009-09-21,4.96,5,4.5,4.53,3300
2009-09-22,4.52,4.52,4.5,4.5,4700
2009-09-23,4.01,5,4.01,4.53,6779
2009-09-24,NA,NA,NA,4.53,0
2009-09-25,NA,NA,NA,4.53,0
2009-09-28,NA,NA,NA,4.53,0
2009-09-29,5,5,5,5,500
2009-09-30,4.75,4.76,4.51,4.7,6091
2009-10-01,4.5,4.8,4.5,4.8,1333
2009-10-02,4.66,4.98,4.55,4.91,49963
2009-10-05,4.91,4.92,4.91,4.91,78250
2009-10-06,4.95,5.25,4.95,5.15,14212
2009-10-07,5.5,5.93,5.5,5.91,1513
2009-10-08,5.98,5.99,5.47,5.48,10247
2009-10-09,NA,NA,NA,5.48,0
2009-10-12,5.96,6.28,5.81,6.28,2417
2009-10-13,6,6.05,6,6.05,46494
2009-10-14,6.06,6.16,6.05,6.15,22928
2009-10-15,6.47,6.55,6.41,6.55,5730
2009-10-16,6.84,6.84,6.18,6.19,61535
2009-10-19,6.49,6.84,6.49,6.77,1281
2009-10-20,6.65,6.65,6.53,6.53,39600
2009-10-21,6.52,6.8,6.36,6.73,4055
2009-10-22,6.75,6.8,6.7,6.7,1200
2009-10-23,6.63,6.9,6.63,6.89,1904
2009-10-26,6.9,6.9,6.58,6.59,835
2009-10-27,6.53,6.53,6.5,6.5,1703
2009-10-28,6.25,6.25,6,6,4800
2009-10-29,6.7,6.7,5.04,5.04,16274
2009-10-30,5.56,6.49,5.01,5.48,10703
2009-11-02,5.49,6.66,5.3,5.31,6760
2009-11-03,5.33,5.55,5.12,5.55,20712
2009-11-04,5.4,6.29,5.07,5.08,17786
2009-11-05,5.09,5.46,5.09,5.18,2215
2009-11-06,5.2,5.2,5.01,5.13,1120
2009-11-09,4.53,5.21,4.53,5.21,6821
2009-11-10,5.44,5.44,5.21,5.44,715
2009-11-11,5,5.5,5,5.5,6012
2009-11-12,5.2,5.2,5.04,5.04,365
2009-11-13,NA,NA,NA,5.04,0
2009-11-16,5.12,5.44,5.03,5.44,1810
2009-11-17,5.71,5.71,4.54,5.26,7754
2009-11-18,5.1,5.14,5.1,5.1,1200
2009-11-19,5.05,5.1,4.58,4.99,15036
2009-11-20,5,5.29,5,5.29,347
2009-11-23,5.28,5.51,5.28,5.42,680
2009-11-24,5,5,5,5,100
2009-11-25,5.13,5.46,5.1,5.46,569
2009-11-27,NA,NA,NA,5.46,0
2009-11-30,5.32,5.32,5.32,5.32,200
2009-12-01,5.32,5.33,5.1,5.1,42620
2009-12-02,5.1,5.1,4.74,4.75,600
2009-12-03,5.11,5.25,5.05,5.05,7356
2009-12-04,NA,NA,NA,5.05,0
2009-12-07,5,5.18,4.7,5.18,5142
2009-12-08,4.8,5.05,4.8,5.05,4144
2009-12-09,5,5.18,4.94,4.95,13141
2009-12-10,4.95,4.95,4.95,4.95,100
2009-12-11,5.1,5.15,5,5.01,1375
2009-12-14,5,5,4.6,4.8,1100
2009-12-15,5.17,5.45,5.17,5.32,4255
2009-12-16,5.1,5.1,5,5.01,3374
2009-12-17,4.85,5.42,4.85,5.42,471
2009-12-18,5.14,5.17,5,5,6011
2009-12-21,4.98,5,4.66,4.9,6579
2009-12-22,5.34,5.34,5.06,5.06,11473
2009-12-23,NA,NA,NA,5.06,0
2009-12-24,5.07,5.07,5.07,5.07,204
2009-12-28,5.13,5.25,5.08,5.25,4160
2009-12-29,5.25,5.34,5.25,5.34,3514
2009-12-30,5.25,5.3,5.24,5.25,10282
2009-12-31,5.34,5.36,5.34,5.36,2864
2010-01-04,5.34,5.36,5,5,2524
2010-01-05,NA,NA,NA,5,0
2010-01-06,5.04,5.04,4.88,5,4015
2010-01-07,5.21,5.21,4.84,5,4811
2010-01-08,5,5.05,5,5,4876
2010-01-11,5.25,5.26,5,5,2368
2010-01-12,5,5,5,5,7675
2010-01-13,NA,NA,NA,5,0
2010-01-14,5.24,5.24,5.05,5.23,4656
2010-01-15,5.15,5.15,5,5.1,1682
2010-01-19,5,5.26,5,5.26,3479
2010-01-20,5.02,5.02,5.02,5.02,100
2010-01-21,5.26,5.26,5.26,5.26,100
2010-01-22,NA,NA,NA,5.26,0
2010-01-25,NA,NA,NA,5.26,0
2010-01-26,5.19,5.19,5.18,5.19,6200
2010-01-27,5.03,5.03,5,5,968
2010-01-28,5.18,5.2,5.14,5.2,800
2010-01-29,5.11,5.2,4.8,5,5866
2010-02-01,5.01,5.01,4.65,4.65,2580
2010-02-02,4.66,5.22,4.66,4.99,407
2010-02-03,4.98,4.98,4.92,4.92,200
2010-02-04,NA,NA,NA,4.92,0
2010-02-05,NA,NA,NA,4.92,0
2010-02-08,5,5,5,5,120
2010-02-09,4.99,4.99,4.95,4.95,325
2010-02-10,NA,NA,NA,4.95,0
2010-02-11,5,5.01,4.99,4.99,960
2010-02-12,NA,NA,NA,4.99,0
2010-02-16,NA,NA,NA,4.99,0
2010-02-17,4.78,5.18,4.78,5.18,350
2010-02-18,5.18,5.18,4.96,4.96,300
2010-02-19,4.53,4.53,4.53,4.53,6135
2010-02-22,NA,NA,NA,4.53,0
2010-02-23,4.25,4.25,3.78,4,2034
2010-02-24,4.05,4.05,4.01,4.05,1673
2010-02-25,3.96,4,3.96,4,1500
2010-02-26,3.92,3.92,3.92,3.92,100
2010-03-01,3.92,3.98,3.75,3.76,5810
2010-03-02,3.75,4.34,3.4,4.34,1550
2010-03-03,NA,NA,NA,4.34,0
2010-03-04,3.51,4.96,3.51,4,14224
2010-03-05,4,4.03,3.91,3.91,6555
2010-03-08,3.5,4.08,3.28,4.07,4306
2010-03-09,3.98,4,3.97,3.97,900
2010-03-10,3.97,4,3.68,4,2104
2010-03-11,3.99,4.18,3.42,4.09,3858
2010-03-12,3.55,4,3.55,4,2240
2010-03-15,3.99,4.18,3.98,3.98,860
2010-03-16,4,4,3.95,3.95,200
2010-03-17,3.98,3.98,3.96,3.96,1568
2010-03-18,3.98,4.43,3.97,4.11,12000
2010-03-19,4.3,4.3,3.9,3.9,2735
2010-03-22,3.9,4.15,3.9,4,7016
2010-03-23,4,4.03,3.9,3.9,2500
2010-03-24,3.92,3.92,3.92,3.92,508
2010-03-25,3.8,3.99,3.49,3.82,16505
2010-03-26,3.91,3.91,3.91,3.91,1016
2010-03-29,NA,NA,NA,3.91,0
2010-03-30,3.96,3.96,3.28,3.58,3436
2010-03-31,3.45,3.92,3.45,3.75,6362
2010-04-05,3.99,3.99,3.75,3.75,2211
2010-04-06,3.92,3.95,3.8,3.95,900
2010-04-07,3.91,3.94,3.53,3.71,9134
2010-04-08,3.82,3.82,3.75,3.75,1055
2010-04-09,NA,NA,NA,3.75,0
2010-04-12,3.77,3.77,3.75,3.75,201325
2010-04-13,3.89,3.96,3.67,3.76,1626
2010-04-14,3.76,3.8,3.76,3.76,500
2010-04-15,3.75,3.75,3.75,3.75,350
2010-04-16,3.7,3.75,3.7,3.75,3525
2010-04-19,3.68,3.68,3.68,3.68,600
2010-04-20,3.65,3.98,3.65,3.97,3219
2010-04-21,3.97,3.97,3.67,3.97,1577
2010-04-22,NA,NA,NA,3.97,0
2010-04-23,3.68,4,3.68,3.98,9700
2010-04-26,3.98,4,3.95,3.95,1400
2010-04-27,NA,NA,NA,3.95,0
2010-04-28,3.94,3.95,3.9,3.9,2611
2010-04-29,3.76,3.76,3.76,3.76,522
2010-04-30,3.53,3.95,3.53,3.85,4747
2010-05-03,NA,NA,NA,3.85,0
2010-05-04,NA,NA,NA,3.85,0
2010-05-05,3.85,3.85,3.68,3.68,769
2010-05-06,3.68,3.87,3.62,3.68,24001
2010-05-07,3.74,3.75,3.62,3.62,1350
2010-05-10,NA,NA,NA,3.62,0
2010-05-11,3.79,3.92,3.79,3.9,1756
2010-05-12,3.56,3.88,3.56,3.88,1201
2010-05-13,3.86,3.86,3.6,3.65,1108
2010-05-14,NA,NA,NA,3.65,0
2010-05-17,3.66,3.94,3.66,3.75,2782
2010-05-18,3.74,3.78,3.74,3.78,300
2010-05-19,3.66,3.71,3.59,3.62,1262
2010-05-20,3.7,3.75,3.52,3.72,10954
2010-05-21,3.54,3.84,3.54,3.79,6460
2010-05-24,NA,NA,NA,3.79,0
2010-05-25,NA,NA,NA,3.79,0
2010-05-26,3.8,3.8,3.52,3.65,2844
2010-05-27,3.66,3.85,3.52,3.85,62360
2010-05-28,3.81,3.82,3.59,3.59,3400
2010-06-01,3.66,3.66,3.65,3.66,721
2010-06-02,NA,NA,NA,3.66,0
2010-06-03,3.81,3.81,3.81,3.81,511
2010-06-04,3.82,3.82,3.82,3.82,2500
2010-06-07,3.83,3.83,3.63,3.71,3190
2010-06-08,3.66,3.78,3.61,3.61,2233
2010-06-09,3.55,3.55,3.55,3.55,250
2010-06-10,3.58,3.66,3.43,3.65,2814
2010-06-11,3.65,3.81,3.57,3.81,2430
2010-06-14,3.81,3.81,3.52,3.6,2669
2010-06-15,3.6,3.66,3.56,3.66,5900
2010-06-16,3.56,3.78,3.56,3.78,475
2010-06-17,3.58,3.68,3.58,3.68,19924
2010-06-18,3.65,3.85,3.65,3.85,327
2010-06-21,3.73,3.74,3.73,3.74,224
2010-06-22,3.43,3.64,3.43,3.64,1675
2010-06-23,3.59,3.66,3.59,3.61,825
2010-06-24,3.6,3.68,3.6,3.68,3056
2010-06-25,NA,NA,NA,3.68,0
2010-06-28,3.58,3.68,3.5,3.64,6134
2010-06-29,NA,NA,NA,3.64,0
2010-06-30,NA,NA,NA,3.64,0
2010-07-01,3.45,3.5,3.45,3.5,581
2010-07-02,3.48,3.55,3.3,3.55,11377
2010-07-06,3.55,3.63,3.53,3.63,2302
2010-07-07,3.34,3.39,3.34,3.38,3764
2010-07-08,3.38,3.38,3.38,3.38,39445
2010-07-09,3.38,3.38,3.38,3.38,2195
2010-07-12,3.4,3.48,3.4,3.48,1256
2010-07-13,NA,NA,NA,3.48,0
2010-07-14,3.52,3.52,3.45,3.45,403
2010-07-15,NA,NA,NA,3.45,0
2010-07-16,3.32,3.32,3.32,3.32,100
2010-07-19,3.47,3.49,3.38,3.4,1400
2010-07-20,NA,NA,NA,3.4,0
2010-07-21,3.32,3.32,3.32,3.32,400
2010-07-22,3.33,3.33,3.33,3.33,200
2010-07-23,3.35,3.53,3.35,3.53,382
2010-07-26,3.35,3.35,3.35,3.35,300
2010-07-27,3.34,3.45,3.33,3.33,800
2010-07-28,NA,NA,NA,3.33,0
2010-07-29,3.31,3.31,3.31,3.31,100
2010-07-30,3.32,3.32,3.32,3.32,2430
2010-08-02,3.32,3.37,3.31,3.37,690
2010-08-03,3.31,3.45,3.23,3.39,1203
2010-08-04,3.31,3.5,3.31,3.5,877
2010-08-05,NA,NA,NA,3.5,0
2010-08-06,3.26,3.28,3.2,3.2,2829
2010-08-09,3.19,3.19,3.19,3.19,100
2010-08-10,3.21,3.42,3.2,3.24,4655
2010-08-11,NA,NA,NA,3.24,0
2010-08-12,3.4,3.4,3.4,3.4,100
2010-08-13,3.2,3.36,3.2,3.28,1074
2010-08-16,NA,NA,NA,3.28,0
2010-08-17,3.4,3.4,3.4,3.4,500
2010-08-18,3.3,3.3,3.3,3.3,100
2010-08-19,3.46,3.46,3.36,3.39,6700
2010-08-20,3.3,3.3,3.3,3.3,76772
2010-08-23,3.3,3.33,3.3,3.3,33499
2010-08-24,NA,NA,NA,3.3,0
2010-08-25,3.23,3.3,3.23,3.3,3880
2010-08-26,NA,NA,NA,3.3,0
2010-08-27,3.25,3.25,3.25,3.25,1100
2010-08-30,3.28,3.47,3.25,3.47,28910
2010-08-31,3.51,3.53,3.51,3.51,1290
2010-09-01,3.43,3.5,3.43,3.5,17750
2010-09-02,3.55,3.62,3.55,3.62,3600
2010-09-03,3.67,4,3.67,4,12014
2010-09-07,4,4.17,3.99,4.12,16289
2010-09-08,NA,NA,NA,4.12,0
2010-09-09,4.12,4.21,4.12,4.21,7360
2010-09-10,4.29,4.29,4,4.22,14647
2010-09-13,4.07,4.1,4.06,4.07,26421
2010-09-14,4,4.07,3.79,4.07,5936
2010-09-16,4.07,4.24,4.07,4.24,10230
2010-09-17,4.24,4.24,4.24,4.24,173
2010-09-20,4.24,4.27,4.18,4.27,3109
2010-09-21,4.27,4.3,4.27,4.3,481
2010-09-22,4.09,4.27,4.09,4.26,546
2010-09-24,4.2,4.31,4.2,4.31,1851
2010-09-27,4,4,3.86,3.91,2195
2010-09-28,3.88,4.45,3.87,4.45,10776
2010-09-30,4.25,4.25,3.87,4.13,3187
2010-10-01,4.13,4.13,4.1,4.1,469
2010-10-04,4.05,4.05,3.9,3.97,1422
2010-10-05,4.11,4.28,4.11,4.28,985
2010-10-07,4.08,4.26,3.98,4.26,1581
2010-10-08,4.06,4.06,3.97,4.04,1943
2010-10-11,4.03,4.04,4,4,1456
2010-10-12,4.21,4.32,4.03,4.21,3700
2010-10-13,4.29,4.4,4.01,4.4,4900
2010-10-14,4.18,4.4,4.18,4.2,3449
2010-10-19,3.86,3.86,3.86,3.86,100
2010-10-21,4.19,4.5,4.04,4.15,8202
2010-10-22,4.19,4.2,4.19,4.2,300
2010-10-25,4.42,4.52,4.06,4.23,7554
2010-10-26,4.45,4.47,4.22,4.26,3937
2010-10-27,4.18,4.19,3.9,3.9,1549
2010-10-28,3.9,3.9,3.71,3.76,3833
2010-10-29,3.77,3.9,3.58,3.7,8624
2010-11-01,3.74,3.74,3.47,3.69,542
2010-11-02,3.69,3.75,3.44,3.75,3512
2010-11-03,3.75,3.75,3.75,3.75,100
2010-11-04,4.27,4.38,4,4.23,609
2010-11-08,3.83,4.25,3.83,4.25,7121
2010-11-09,4.3,4.3,4.3,4.3,787
2010-11-10,4.3,4.4,3.86,4.34,8349
2010-11-12,4.31,4.31,4.31,4.31,100
2010-11-15,4.25,4.3,4.25,4.26,2100
2010-11-16,4.23,4.25,4.13,4.25,2852
2010-11-17,4.2,4.2,4.07,4.2,2770
2010-11-18,3.96,3.98,3.96,3.96,572
2010-11-19,3.98,3.98,3.98,3.98,200
2010-11-22,3.61,4.14,3.59,4,1334
2010-11-24,4.01,4.22,3.95,4.08,6575
2010-11-29,4.1,4.25,4.09,4.25,8934
2010-11-30,4.47,4.47,4.2,4.2,1700
2010-12-01,4.2,4.4,4.11,4.4,1300
2010-12-02,4.19,4.38,4.19,4.22,825
2010-12-03,3.72,4.49,3.68,4.49,2741
2010-12-06,4.38,4.38,4.12,4.12,1720
2010-12-07,4.03,4.34,4.03,4.08,1864
2010-12-08,3.99,4.13,3.81,4.13,4986
2010-12-09,4.13,4.13,4.09,4.09,250
2010-12-10,4.12,4.25,4.12,4.25,8311
2010-12-13,4.4,4.4,4.4,4.4,851
2010-12-14,4.03,4.26,4,4.25,800
2010-12-16,4,4.12,4,4.11,4584
2010-12-17,4.46,4.46,4.46,4.46,915
2010-12-20,4.47,4.5,4.2,4.28,7268
2010-12-21,4.06,4.26,4.03,4.26,1564
2010-12-22,4.71,4.75,4.3,4.45,7731
2010-12-23,4.73,4.79,4.47,4.66,4743
2010-12-27,4.19,4.59,4.19,4.59,203
2010-12-28,4.11,4.35,3.65,3.7,108280
2010-12-29,3.87,4.12,3.87,3.98,18985
2010-12-30,4.2,4.35,4.05,4.28,6991
2010-12-31,4.31,4.38,4.23,4.3,4621
2011-01-03,4.35,4.35,4,4.2,2721
2011-01-04,4.12,4.5,4.12,4.46,4516
2011-01-05,4.13,4.45,4.11,4.45,2081
2011-01-06,4.11,4.43,4.1,4.38,2200
2011-01-07,4.11,4.44,4.11,4.32,6132
2011-01-10,4.45,4.45,4.1,4.15,3835
2011-01-12,4.37,4.37,4.15,4.37,5253
2011-01-13,4.12,4.36,4.07,4.34,6269
2011-01-14,4.1,4.34,4.1,4.34,1362
2011-01-19,4.25,4.25,4.25,4.25,800
2011-01-20,4.21,4.33,4.2,4.33,5234
2011-01-21,4.31,4.33,4.31,4.33,1625
2011-01-24,4.2,4.21,4.2,4.2,66801
2011-01-25,4.19,4.2,4.17,4.2,7217
2011-01-26,4.24,4.32,4.24,4.32,300
2011-01-27,4.18,4.32,4.18,4.32,3193
2011-01-28,4.3,4.4,4.3,4.4,20000
2011-01-31,4.39,4.4,4.22,4.3,2500
2011-02-01,4.3,4.39,4.3,4.39,3224
2011-02-04,4.41,4.45,4.41,4.45,455
2011-02-07,4.25,4.52,4.25,4.51,7026
2011-02-08,4.22,4.6,4.22,4.52,1845
2011-02-09,4.5,4.51,4.41,4.5,9086
2011-02-10,4.5,4.51,4.36,4.5,5510
2011-02-11,4.49,4.52,4.33,4.5,13081
2011-02-14,4.58,5.04,4.2,4.78,14557
2011-02-15,4.78,5.81,4.4,5.34,13817
2011-02-16,5.24,5.66,4.74,4.8,10440
2011-02-17,4.8,5.45,4.49,5.09,27583
2011-02-18,5.12,5.13,4.7,4.85,11955
2011-02-22,4.91,5.39,4.62,4.9,19423
2011-02-23,5.07,5.09,4.71,4.82,5216
2011-02-24,4.86,4.98,4.75,4.77,2000
2011-02-25,4.84,4.98,4.84,4.98,4025
2011-02-28,4.8,5.01,4.64,4.71,1766
2011-03-01,4.82,4.83,4.4,4.7,4376
2011-03-02,4.68,5.14,4.36,4.6,8834
2011-03-03,4.69,5.03,4.56,5.01,9636
2011-03-04,4.91,5.01,4.65,4.65,1616
2011-03-07,4.95,5.09,4.53,4.86,15459
2011-03-08,4.82,4.99,4.82,4.94,700
2011-03-09,5.06,5.06,5.06,5.06,100
2011-03-10,4.77,4.77,4.51,4.57,3257
2011-03-11,4.65,4.65,4.37,4.41,12961
2011-03-14,4.19,4.7,4.19,4.32,4965
2011-03-15,NA,NA,NA,4.23,0
2011-03-16,4.23,4.49,4.2,4.2,2030
2011-03-17,4.21,4.32,4.2,4.32,1304
2011-03-18,4.3,4.32,4.3,4.3,4364
2011-03-21,4.19,4.19,4.18,4.18,388
2011-03-22,4.2,4.29,4.18,4.22,6249
2011-03-23,4.27,4.29,4.27,4.29,700
2011-03-24,4.25,4.26,4.25,4.25,2150
2011-03-25,4.25,4.57,4.2,4.55,7666
2011-03-28,4.6,4.61,4.24,4.27,3778
2011-03-29,4.54,4.54,4.36,4.43,400
2011-03-30,4.43,4.43,4.27,4.39,9600
2011-03-31,4.24,4.46,4.24,4.41,6075
2011-04-01,4.43,4.43,4.38,4.38,604
2011-04-04,4.28,4.35,4.28,4.35,200
2011-04-05,4.26,4.6,4.26,4.6,4228
2011-04-06,4.58,4.59,4.22,4.5,5147
2011-04-07,4.35,4.5,4.3,4.33,5648
2011-04-08,4.56,4.56,4.33,4.33,400
2011-04-11,4.41,4.41,4.4,4.4,660
2011-04-12,4.41,4.41,4.28,4.28,450
2011-04-14,4.24,4.24,4.24,4.24,300
2011-04-19,4.25,4.25,4.2,4.2,3400
2011-04-21,4.22,4.22,4.21,4.21,7401
2011-04-25,4.21,4.21,4.21,4.21,1800
2011-04-27,4.27,4.27,4.27,4.27,118
2011-04-28,4.21,4.25,4.2,4.25,1100
2011-04-29,4.22,4.26,4.22,4.26,249
2011-05-02,4.21,4.24,4.21,4.24,1000
2011-05-03,4.31,4.32,4.31,4.32,2000
2011-05-04,4.22,4.25,4.2,4.24,48422
2011-05-05,4.29,4.29,4.17,4.17,1835
2011-05-06,4.25,4.25,4.25,4.25,100
2011-05-09,4.2,4.2,4.19,4.19,1900
2011-05-10,4.19,4.2,4.19,4.2,2279
2011-05-11,4.19,4.19,4.19,4.19,285
2011-05-12,4.18,4.25,4.18,4.25,3375
2011-05-13,4.2,4.2,4.19,4.2,25499
2011-05-16,4.14,4.14,4.14,4.14,200
2011-05-17,4.15,4.16,4.15,4.16,3113
2011-05-18,4.17,4.22,4.06,4.22,17895
2011-05-19,4.23,4.23,4.1,4.15,2055
2011-05-20,4.15,4.15,4.15,4.15,400
2011-05-24,4.11,4.11,4.01,4.11,15041
2011-05-25,4.08,4.08,4.05,4.06,5000
2011-05-27,NA,NA,NA,4.06,0
2011-05-31,4.18,4.18,3.98,4.15,4484
2011-06-01,4.13,4.21,4.06,4.06,3000
2011-06-02,4.14,4.21,4.04,4.13,1747
2011-06-03,4.11,4.11,4.11,4.11,300
2011-06-06,0,4.12,4.12,4.12,189
2011-06-07,4.14,4.14,4.14,4.14,188
2011-06-09,4.23,4.25,4.05,4.09,1533
2011-06-10,4.06,4.17,3.98,4.03,14340
2011-06-13,3.97,4,3.95,3.95,2800
2011-06-14,3.95,3.96,3.95,3.95,31805
2011-06-15,4.16,4.16,3.92,3.96,3100
2011-06-16,3.92,4,3.92,4,202
2011-06-17,3.93,4.09,3.93,4.07,2983
2011-06-20,3.96,4.06,3.96,4.06,1386
2011-06-21,4.07,4.18,3.98,4.09,1866
2011-06-24,4.08,4.12,3.95,3.95,5324
2011-06-27,4.24,4.24,3.89,3.89,4958
2011-06-28,4,4.1,3.85,4.1,4317
2011-06-29,3.92,4.09,3.87,4.09,1577
2011-06-30,4.08,4.19,3.93,4.04,1500
2011-07-01,4.01,4.17,4.01,4.07,1905
2011-07-05,4.07,4.18,4.07,4.08,650
2011-07-06,4.02,4.02,3.85,3.9,650
2011-07-07,4.13,4.4,4.13,4.19,20892
2011-07-08,4.36,4.42,3.92,4.01,9540
2011-07-11,4.01,4.29,4.01,4.08,3814
2011-07-12,4.1,4.2,4.03,4.03,2600
2011-07-13,4.06,4.06,3.93,4.05,840
2011-07-14,3.93,4.12,3.93,4.09,1558
2011-07-15,4.07,4.07,4.02,4.02,500
2011-07-18,3.91,4.05,3.88,4.05,1901
2011-07-19,4.09,4.09,4.09,4.09,100
2011-07-20,3.91,3.91,3.88,3.88,3830
2011-07-21,4,4,3.9,3.9,700
2011-07-22,3.9,4,3.87,4,9125
2011-07-25,3.94,4,3.94,3.96,3215
2011-07-26,4.04,4.04,3.9,3.9,1235
2011-07-27,3.86,3.86,3.75,3.8,4151
2011-07-28,3.82,3.82,3.75,3.8,10698
2011-07-29,3.84,3.86,3.75,3.79,1100
2011-08-01,3.78,3.85,3.75,3.75,10224
2011-08-02,3.77,3.77,3.77,3.77,400
2011-08-03,3.77,3.77,3.77,3.77,400
2011-08-04,3.8,3.84,3.75,3.75,5900
2011-08-05,3.77,3.77,3.69,3.69,3213
2011-08-08,3.69,3.84,3.65,3.66,9096
2011-08-09,4.69,4.69,3.47,3.57,3500
2011-08-10,3.58,3.99,3.55,3.99,4690
2011-08-11,3.99,3.99,3.99,3.99,300
2011-08-12,4,4,3.55,3.94,3862
2011-08-15,3.6,3.79,3.6,3.75,300
2011-08-17,3.55,3.8,3.55,3.73,1700
2011-08-18,3.84,3.84,3.79,3.79,700
2011-08-19,3.78,3.78,3.55,3.6,1912
2011-08-22,3.6,3.6,3.44,3.56,2278
2011-08-23,3.53,3.62,3.37,3.53,3300
2011-08-24,3.42,3.6,3.4,3.45,5700
2011-08-25,3.41,3.61,3.41,3.5,27513
2011-08-26,3.5,3.84,3.31,3.45,12334
2011-08-29,3.42,3.74,3.34,3.34,1900
2011-08-30,3.47,3.76,3.38,3.55,14033
2011-08-31,3.62,3.62,3.6,3.6,1005
2011-09-01,3.56,3.69,3.49,3.5,3900
2011-09-02,3.42,3.6,3.36,3.42,4000
2011-09-06,3.4,3.66,3.4,3.55,2200
2011-09-07,3.82,4,3.75,4,15404
2011-09-08,3.79,3.99,3.79,3.99,3470
2011-09-09,3.97,3.97,3.9,3.94,1300
2011-09-12,3.9,3.9,3.75,3.79,964
2011-09-13,3.79,3.79,3.61,3.79,3724
2011-09-14,3.79,3.79,3.79,3.79,856
2011-09-15,3.68,3.8,3.62,3.8,3197
2011-09-16,3.99,3.99,3.96,3.99,2967
2011-09-19,3.95,3.99,3.95,3.96,1313
2011-09-20,3.95,3.96,3.8,3.96,1500
2011-09-22,3.86,3.89,3.5,3.89,5866
2011-09-23,3.86,3.96,3.71,3.73,700
2011-09-27,3.65,3.85,3.65,3.65,1515
2011-09-28,3.5,3.92,3.5,3.62,1991
2011-09-30,NA,NA,NA,3.89,0
2011-10-03,3.85,3.91,3.63,3.65,5915
2011-10-04,NA,NA,NA,3.42,0
2011-10-06,3.77,3.79,3.75,3.75,1368
2011-10-10,3.58,3.58,3.58,3.58,200
2011-10-13,3.46,3.73,3.45,3.73,48407
2011-10-14,3.71,3.75,3.71,3.75,1300
2011-10-17,3.38,3.75,3.38,3.53,7020
2011-10-18,3.42,3.42,3.42,3.42,200
2011-10-19,3.54,3.62,3.44,3.59,5146
2011-10-21,3.55,3.72,3.55,3.67,8769
2011-10-24,3.66,3.67,3.56,3.56,1650
2011-10-25,3.67,3.67,3.62,3.62,997
2011-10-26,3.55,3.66,3.55,3.66,9200
2011-10-27,3.67,3.75,3.6,3.7,4901
2011-10-28,3.67,3.75,3.67,3.75,2200
2011-10-31,3.66,3.72,3.58,3.58,1316
2011-11-01,3.42,3.75,3.42,3.46,2926
2011-11-02,3.44,3.5,3.43,3.5,4720
2011-11-03,3.5,3.54,3.4,3.41,6860
2011-11-04,3.33,3.5,3.32,3.33,3519
2011-11-07,3.59,3.59,3.51,3.59,700
2011-11-08,3.59,3.59,3.39,3.47,23813
2011-11-09,3.52,3.59,3.49,3.55,6068
2011-11-10,3.55,3.6,3.55,3.55,1300
2011-11-11,3.55,3.6,3.55,3.6,998
2011-11-14,3.72,3.72,3.62,3.64,2748
2011-11-16,3.55,3.55,3.55,3.55,500
2011-11-17,3.54,3.56,3.31,3.46,8298
2011-11-18,3.61,3.61,3.41,3.6,2100
2011-11-21,3.39,3.48,3.32,3.37,3900
2011-11-22,3.62,3.65,3.57,3.65,2000
2011-11-23,3.58,3.58,3.49,3.49,200
2011-11-25,3.34,3.65,3.34,3.65,1123
2011-11-28,3.45,3.45,3.45,3.45,100
2011-11-30,3.48,3.64,3.33,3.61,821
2011-12-01,3.44,3.5,3.31,3.31,5077
2011-12-02,3.4,3.54,3.4,3.4,1500
2011-12-05,3.43,3.43,3.43,3.43,200
2011-12-06,3.4,3.42,3.39,3.42,1939
2011-12-07,3.38,3.47,3.22,3.4,8499
2011-12-08,3.29,3.5,3.21,3.29,4416
2011-12-12,3.26,3.39,3.18,3.39,2693
2011-12-13,NA,NA,NA,3.5,0
2011-12-14,3.22,3.22,3.22,3.22,100
2011-12-15,3.3,3.3,3.18,3.18,1300
2011-12-16,3.28,3.28,3.18,3.18,3429
2011-12-19,3.17,3.17,3.17,3.17,62300
2011-12-20,3.17,3.24,3.17,3.24,7342
2011-12-21,3.34,3.41,3.17,3.18,17966
2011-12-22,3.11,3.3,3.08,3.19,2700
2011-12-23,3.28,3.56,3.1,3.25,9318
2011-12-27,3.09,3.35,3.09,3.2,9776
2011-12-28,3.29,3.35,3.08,3.18,2932
2011-12-29,3.19,3.37,3.14,3.14,4125
2011-12-30,3.33,3.4,3.14,3.4,15631
2012-01-03,3.46,3.46,3.26,3.38,7352
2012-01-04,3.21,3.45,3.21,3.4,6119
2012-01-05,3.39,3.5,3.28,3.5,7619
2012-01-06,3.47,3.47,3.37,3.37,1945
2012-01-12,3.12,3.5,3.11,3.15,11066
2012-01-13,3.18,3.33,3.18,3.33,750
2012-01-17,3.14,3.3,3.14,3.2,4576
2012-01-18,3.26,3.32,3.11,3.32,4556
2012-01-19,3.22,3.34,3.1,3.34,3576
2012-01-20,3.26,3.44,3.13,3.41,2980
2012-01-23,3.42,3.43,3.22,3.25,3470
2012-01-24,3.29,3.35,3.24,3.3,900
2012-01-25,3.26,3.26,3.25,3.25,2850
2012-01-26,3.24,3.43,3.24,3.4,1016
2012-01-27,3.42,3.43,3.26,3.32,654
2012-01-31,3.53,3.54,3.47,3.49,910
2012-02-03,3.41,3.49,3.34,3.49,6544
2012-02-06,3.49,3.49,3.31,3.47,2380
2012-02-07,3.28,3.42,3.27,3.42,4194
2012-02-08,3.44,3.44,3.15,3.44,5653
2012-02-10,3.37,3.41,3.31,3.38,1007
2012-02-13,3.13,3.28,3.13,3.2,2350
2012-02-14,3.18,3.44,3.16,3.16,1900
2012-02-15,3.21,3.26,3.18,3.2,4924
2012-02-16,3.17,3.17,3.17,3.17,598
2012-02-17,3.17,3.49,3.17,3.49,9999
2012-02-21,3.47,3.5,3.28,3.45,3600
2012-02-22,3.38,3.38,3.38,3.38,245
2012-02-23,3.25,3.28,3.25,3.28,400
2012-02-24,3.35,3.49,3.28,3.48,2343
2012-02-27,3.4,3.4,3.4,3.4,200
2012-02-28,3.4,3.4,3.25,3.25,5664
2012-02-29,3.35,3.35,3.29,3.35,544
2012-03-01,3.32,3.42,3.28,3.42,3900
2012-03-02,3.42,3.46,3.42,3.46,7100
2012-03-05,3.36,3.38,3.34,3.36,3873
2012-03-06,3.36,3.36,3.36,3.36,571
2012-03-07,3.36,3.36,3.36,3.36,200
2012-03-08,3.43,3.43,3.43,3.43,588
2012-03-09,3.32,3.39,3.29,3.39,15650
2012-03-12,3.15,3.4,3.15,3.4,3142
2012-03-13,NA,NA,NA,3.4,0
2012-03-14,3.23,3.25,3.2,3.25,498
2012-03-15,3.36,3.37,3.36,3.37,300
2012-03-16,3.45,3.45,3.2,3.43,697
2012-03-19,NA,NA,NA,3.24,0
2012-03-20,3.28,3.47,3.28,3.45,548
2012-03-21,NA,NA,NA,3.45,0
2012-03-22,3.36,3.47,3.26,3.28,2203
2012-03-23,3.28,3.28,3.28,3.28,100
2012-03-26,3.29,3.42,3.27,3.42,1307
2012-03-27,3.31,3.37,3.27,3.32,1100
2012-03-28,3.2,3.2,3.2,3.2,100
2012-03-29,NA,NA,NA,3.2,0
2012-03-30,3.2,3.43,3.17,3.43,22965
2012-04-02,NA,NA,NA,3.2,0
2012-04-03,3.25,3.47,3.21,3.45,2476
2012-04-04,NA,NA,NA,3.26,0
2012-04-05,3.34,3.34,3.23,3.23,1269
2012-04-09,3.24,3.24,3.24,3.24,227
2012-04-10,NA,NA,NA,3.24,0
2012-04-11,3.2,3.21,3.19,3.21,382
2012-04-12,3.25,3.27,3.24,3.25,1820
2012-04-13,3.2,3.23,3.18,3.23,900
2012-04-16,NA,NA,NA,3.22,0
2012-04-17,NA,NA,NA,3.22,0
2012-04-18,3.18,3.45,3.14,3.45,5442
2012-04-19,NA,NA,NA,3.32,0
2012-04-20,NA,NA,NA,3.32,0
2012-04-23,3.25,3.38,3.25,3.38,4482
2012-04-24,3.27,3.27,3.18,3.2,1649
2012-04-25,3.2,3.34,3.2,3.3,849
2012-04-26,3.2,3.22,3.18,3.18,3706
2012-04-27,3.22,3.22,3.15,3.16,1529
2012-04-30,NA,NA,NA,3.17,0
2012-05-01,3.14,3.3,3.14,3.3,2200
2012-05-02,3.24,3.36,3.24,3.36,800
2012-05-03,3.33,3.33,3.15,3.2,2258
2012-05-04,3.35,3.37,3.16,3.3,5310
2012-05-07,3.16,3.23,3.16,3.23,581
2012-05-08,3.2,3.2,3.2,3.2,108
2012-05-09,3.15,3.17,3.15,3.15,800
2012-05-10,3.2,3.2,3.1,3.11,598
2012-05-11,NA,NA,NA,3.19,0
2012-05-14,3.09,3.21,3.07,3.07,7028
2012-05-15,3.08,3.12,3.07,3.07,2746
2012-05-16,3.26,3.27,3.1,3.27,3202
2012-05-17,3.23,3.23,3.23,3.23,139
2012-05-18,3.21,3.21,3.21,3.21,200
2012-05-21,3.11,3.25,3.11,3.25,625
2012-05-22,3.23,3.23,3.23,3.23,200
2012-05-23,3.2,3.3,3.2,3.3,2061
2012-05-24,3.27,3.29,3.25,3.29,2200
2012-05-25,NA,NA,NA,3.27,0
2012-05-29,3.21,3.21,3.11,3.11,1762
2012-05-30,3.15,3.15,3.09,3.09,1234
2012-05-31,3.1,3.25,3.1,3.1,3248
2012-06-01,3.09,3.15,3.09,3.15,2228
2012-06-04,3.14,3.27,3.14,3.24,2700
2012-06-05,3.2,3.2,3.1,3.12,1818
2012-06-06,3.17,3.21,3.15,3.2,2792
2012-06-07,NA,NA,NA,3.12,0
2012-06-08,3.15,3.15,3.15,3.15,1900
2012-06-11,3.16,3.19,3.07,3.19,2514
2012-06-12,3.12,3.19,3.07,3.18,2430
2012-06-13,3.06,3.06,3.06,3.06,100
2012-06-14,3.07,3.07,3.07,3.07,175
2012-06-15,3.23,3.23,3.23,3.23,200
2012-06-18,3.23,3.26,3.08,3.08,1150
2012-06-19,3.09,3.1,3.06,3.1,8355
2012-06-20,NA,NA,NA,3.1,0
2012-06-21,3.06,3.1,3.03,3.03,7900
2012-06-22,3.04,3.09,3.03,3.09,1624
2012-06-25,3.11,3.11,3.04,3.04,500
2012-06-26,3.07,3.24,3.03,3.24,3002
2012-06-27,3.11,3.17,3.03,3.04,12355
2012-06-28,3.13,3.18,3.03,3.05,3346
2012-06-29,3.07,3.12,3.05,3.12,2975
2012-07-02,3.04,3.1,2.98,2.98,7120
2012-07-03,3.1,3.1,3.1,3.1,3000
2012-07-05,3.04,3.06,3,3,2800
2012-07-06,3.05,3.05,3,3,2500
2012-07-09,NA,NA,NA,3,0
2012-07-10,2.99,3,2.99,2.99,1238
2012-07-11,2.99,3,2.96,2.96,17543
2012-07-12,2.96,3,2.96,2.96,4000
2012-07-13,2.97,3,2.93,2.93,2200
2012-07-16,2.96,2.98,2.9,2.93,3898
2012-07-17,2.93,3.08,2.9,2.9,8497
2012-07-18,NA,NA,NA,2.92,0
2012-07-19,2.96,2.96,2.94,2.94,435
2012-07-20,NA,NA,NA,2.92,0
2012-07-23,3.05,3.07,2.85,2.85,6220
2012-07-24,2.85,2.93,2.85,2.85,2450
2012-07-25,2.87,2.87,2.85,2.85,3062
2012-07-26,NA,NA,NA,2.85,0
2012-07-27,2.85,3,2.85,2.85,3911
2012-07-30,2.85,2.96,2.8,2.8,8228
2012-07-31,2.8,2.91,2.76,2.77,2478
2012-08-01,2.8,2.8,2.75,2.75,400
2012-08-02,2.75,2.87,2.75,2.8,6100
2012-08-03,2.8,2.8,2.75,2.75,300
2012-08-06,2.75,2.8,2.75,2.75,5400
2012-08-07,2.76,2.8,2.75,2.75,400
2012-08-08,NA,NA,NA,2.75,0
2012-08-09,2.77,2.8,2.77,2.8,200
2012-08-10,2.8,2.84,2.8,2.84,2339
2012-08-13,2.8,2.8,2.8,2.8,140
2012-08-14,NA,NA,NA,2.8,0
2012-08-15,NA,NA,NA,2.8,0
2012-08-16,NA,NA,NA,2.8,0
2012-08-17,2.75,2.8,2.75,2.8,5360
2012-08-20,2.77,2.77,2.5,2.6,23110
2012-08-21,NA,NA,NA,2.6,0
2012-08-22,2.57,2.66,2.57,2.65,415
2012-08-23,NA,NA,NA,2.65,0
2012-08-24,NA,NA,NA,2.65,0
2012-08-27,2.7,2.7,2.68,2.69,900
2012-08-28,NA,NA,NA,2.7,0
2012-08-29,2.69,2.69,2.69,2.69,7785
2012-08-30,NA,NA,NA,2.69,0
2012-08-31,2.58,2.75,2.57,2.62,7034
2012-09-04,2.69,2.69,2.69,2.69,1348
2012-09-05,2.57,2.75,2.57,2.75,5542
2012-09-06,2.71,2.78,2.71,2.78,838
2012-09-07,2.8,2.8,2.65,2.75,2200
2012-09-10,NA,NA,NA,2.75,0
2012-09-11,2.8,2.8,2.73,2.73,8184
2012-09-12,2.59,2.59,2.57,2.57,1000
2012-09-13,2.6,2.6,2.6,2.6,100
2012-09-14,2.69,2.8,2.58,2.8,6712
2012-09-17,NA,NA,NA,2.7,0
2012-09-18,2.79,2.87,2.74,2.87,11959
2012-09-19,2.8,2.88,2.77,2.88,51207
2012-09-20,2.86,2.86,2.67,2.67,2779
2012-09-21,2.79,2.82,2.76,2.82,600
2012-09-24,2.83,2.83,2.58,2.76,2344
2012-09-25,2.65,3.33,2.59,2.86,22062
2012-09-26,2.8,2.8,2.7,2.77,1840
2012-09-27,2.71,3.15,2.71,3.12,600
2012-09-28,2.99,3.15,2.53,2.62,14772
2012-10-01,2.7,2.7,2.56,2.59,7727
2012-10-02,2.65,2.65,2.57,2.6,1186
2012-10-03,2.57,2.8,2.57,2.58,1975
2012-10-04,2.63,2.65,2.55,2.57,8652
2012-10-05,2.58,2.59,2.55,2.57,1139
2012-10-08,2.77,2.77,2.77,2.77,100
2012-10-09,2.65,2.79,2.65,2.7,632
2012-10-10,2.6,2.65,2.59,2.6,1942
2012-10-11,2.56,2.65,2.56,2.65,75206
2012-10-12,2.57,2.57,2.55,2.55,300
2012-10-15,NA,NA,NA,2.6,0
2012-10-16,2.57,2.79,2.56,2.75,2243
2012-10-17,2.73,2.75,2.54,2.72,1438
2012-10-18,2.62,2.8,2.62,2.79,9180
2012-10-19,2.79,2.79,2.79,2.79,195
2012-10-22,2.75,2.8,2.75,2.8,4249
2012-10-23,2.78,2.79,2.7,2.79,848
2012-10-24,NA,NA,NA,2.79,0
2012-10-25,2.8,2.8,2.61,2.64,741
2012-10-26,2.65,2.79,2.65,2.79,900
2012-10-31,2.73,2.79,2.58,2.79,1145
2012-11-01,2.75,2.75,2.75,2.75,146
2012-11-02,NA,NA,NA,2.75,0
2012-11-05,NA,NA,NA,2.75,0
2012-11-06,2.62,2.62,2.59,2.59,200
2012-11-07,2.63,2.64,2.5,2.56,15846
2012-11-08,2.57,2.59,2.54,2.59,1355
2012-11-09,2.59,2.6,2.51,2.53,1000
2012-11-12,NA,NA,NA,2.53,0
2012-11-13,NA,NA,NA,2.53,0
2012-11-14,2.58,2.68,2.52,2.52,997
2012-11-15,2.54,2.58,2.52,2.52,1270
2012-11-16,2.51,2.52,2.48,2.49,7612
2012-11-19,2.51,2.51,2.51,2.51,100
2012-11-20,2.49,2.51,2.48,2.49,10900
2012-11-21,NA,NA,NA,2.49,0
2012-11-23,2.48,2.7,2.48,2.69,1500
2012-11-26,2.64,2.64,2.6,2.6,401
2012-11-27,2.69,2.69,2.69,2.69,200
2012-11-28,2.58,2.61,2.5,2.5,12502
2012-11-29,2.55,2.57,2.55,2.55,15272
2012-11-30,2.49,2.55,2.49,2.55,7466
2012-12-03,2.48,2.6,2.48,2.55,1300
2012-12-04,2.49,2.59,2.49,2.55,6462
2012-12-05,2.5,2.7,2.5,2.55,43064
2012-12-06,2.52,2.52,2.52,2.52,1400
2012-12-12,2.51,2.6,2.49,2.51,19949
2012-12-13,2.48,2.52,2.48,2.52,600
2012-12-14,2.54,2.54,2.54,2.54,100
2012-12-17,2.49,2.55,2.48,2.55,1874
2012-12-18,2.58,2.58,2.55,2.55,3100
2012-12-19,2.49,2.55,2.48,2.55,6187
2012-12-20,2.54,2.63,2.54,2.55,5025
2012-12-21,2.48,2.59,2.48,2.48,3400
2012-12-24,2.53,2.57,2.48,2.48,11142
2012-12-26,2.48,2.51,2.48,2.51,600
2012-12-27,2.5,2.51,2.49,2.51,13278
2012-12-28,2.52,2.54,2.52,2.54,5300
2012-12-31,2.44,2.79,2.44,2.63,9941
2013-01-02,2.65,2.65,2.6,2.65,4002
2013-01-03,2.6,2.67,2.6,2.65,4300
2013-01-04,2.67,2.7,2.67,2.7,1751
2013-01-10,2.52,2.65,2.52,2.65,3952
2013-01-11,2.73,2.8,2.72,2.8,8087
2013-01-14,2.73,2.79,2.6,2.79,5362
2013-01-15,2.63,2.65,2.61,2.65,1113
2013-01-17,2.73,2.73,2.73,2.73,945
2013-01-23,2.67,2.67,2.65,2.65,2050
2013-01-24,2.65,2.8,2.65,2.65,14752
2013-01-25,2.74,2.74,2.7,2.7,1100
2013-01-28,2.67,2.67,2.65,2.65,2200
2013-01-29,2.6,2.6,2.6,2.6,500
2013-01-30,2.65,2.65,2.65,2.65,247
2013-01-31,2.63,2.63,2.6,2.6,200
2013-02-01,2.55,2.55,2.52,2.52,2259
2013-02-04,2.55,2.55,2.55,2.55,134
2013-02-06,2.6,2.65,2.56,2.57,2935
2013-02-07,2.56,2.57,2.52,2.52,3413
2013-02-08,2.49,2.49,2.48,2.48,600
2013-02-11,2.55,2.62,2.5,2.62,1581
2013-02-13,2.55,2.55,2.44,2.48,4131
2013-02-14,2.57,2.57,2.46,2.46,3525
2013-02-15,2.48,2.6,2.48,2.6,1730
2013-02-20,2.58,2.74,2.58,2.74,2300
2013-02-21,2.58,2.69,2.58,2.69,1848
2013-02-22,2.69,2.73,2.69,2.73,12669
2013-02-26,2.65,2.69,2.65,2.69,4563
2013-02-27,2.6,2.77,2.6,2.77,900
2013-02-28,2.73,2.74,2.73,2.74,384
2013-03-01,2.69,2.69,2.69,2.69,100
2013-03-04,2.69,2.71,2.64,2.71,1595
2013-03-05,2.68,2.68,2.66,2.66,300
2013-03-07,3.13,3.13,2.54,2.81,9763
2013-03-08,2.8,2.8,2.62,2.62,5930
2013-03-11,2.61,2.66,2.61,2.66,1579
2013-03-12,3.19,3.19,3.19,3.19,765
2013-03-13,2.93,2.93,2.79,2.79,2440
2013-03-14,2.88,2.88,2.8,2.8,550
2013-03-15,2.8,3.33,2.79,2.86,50339
2013-03-18,2.83,2.94,2.83,2.86,5467
2013-03-19,2.97,2.97,2.86,2.86,1000
2013-03-20,2.74,2.74,2.74,2.74,200
2013-03-21,2.75,2.88,2.75,2.87,7572
2013-03-22,2.87,2.89,2.82,2.87,5550
2013-03-25,2.82,3.04,2.82,2.88,7700
2013-03-26,2.98,2.98,2.79,2.88,996
2013-03-27,2.88,2.88,2.65,2.7,27639
2013-03-28,2.7,2.77,2.63,2.65,31740
2013-04-01,2.72,2.77,2.7,2.75,3470
2013-04-03,2.73,2.85,2.65,2.85,724
2013-04-04,2.66,2.87,2.66,2.87,740
2013-04-05,2.69,2.69,2.64,2.64,362
2013-04-08,2.67,2.88,2.61,2.88,1200
2013-04-09,2.73,2.84,2.67,2.83,3882
2013-04-11,2.91,2.93,2.71,2.75,1241
2013-04-12,2.87,2.89,2.8,2.8,2792
2013-04-15,2.73,2.83,2.71,2.83,852
2013-04-16,2.7,2.71,2.7,2.7,2289
2013-04-17,2.67,2.87,2.63,2.82,1585
2013-04-18,2.64,2.87,2.64,2.82,300
2013-04-25,2.72,2.85,2.72,2.85,600
2013-04-26,2.63,2.75,2.63,2.75,300
2013-04-29,2.79,2.8,2.67,2.8,500
2013-04-30,2.67,2.73,2.55,2.72,9371
2013-05-01,2.74,2.74,2.74,2.74,100
2013-05-02,2.75,2.75,2.68,2.68,310
2013-05-07,2.68,2.68,2.68,2.68,3697
2013-05-10,2.63,2.66,2.63,2.66,1390
2013-05-13,2.73,2.87,2.73,2.73,3677
2013-05-14,2.69,2.69,2.59,2.59,295
2013-05-15,2.65,2.65,2.58,2.6,2300
2013-05-16,2.6,2.76,2.51,2.51,10600
2013-05-17,2.5,2.63,2.49,2.55,6911
2013-05-20,2.5,2.5,2.5,2.5,100
2013-05-21,2.47,2.58,2.45,2.57,1551
2013-05-22,2.49,2.56,2.49,2.54,2300
2013-05-23,2.56,2.56,2.44,2.46,7276
2013-05-24,2.44,2.57,2.44,2.57,1224
2013-05-28,2.58,2.58,2.49,2.49,740
2013-05-29,2.44,2.57,2.44,2.57,1657
2013-05-30,2.6,2.62,2.47,2.57,2378
2013-05-31,2.57,2.63,2.48,2.48,2947
2013-06-03,2.65,2.65,2.65,2.65,121
2013-06-04,2.63,2.63,2.53,2.63,937
2013-06-06,2.69,2.69,2.5,2.66,11054
2013-06-07,2.62,2.62,2.55,2.55,433
2013-06-11,2.54,2.59,2.53,2.59,1025
2013-06-12,2.64,2.7,2.61,2.7,2273
2013-06-13,2.69,2.74,2.54,2.54,4241
2013-06-17,2.57,2.64,2.52,2.53,2449
2013-06-19,2.54,2.54,2.52,2.52,300
2013-06-20,2.53,2.6,2.53,2.6,3800
2013-06-21,2.61,2.74,2.56,2.74,2433
2013-06-24,2.6,2.61,2.6,2.61,200
2013-06-25,2.6,2.6,2.6,2.6,100
2013-06-26,2.73,2.73,2.71,2.71,3210
2013-06-28,2.7,2.75,2.7,2.75,1756
2013-07-02,2.73,2.73,2.62,2.62,2625
2013-07-03,2.68,2.75,2.68,2.75,2812
2013-07-05,2.71,2.78,2.68,2.78,10733
2013-07-08,2.79,2.88,2.77,2.8,5720
2013-07-09,2.92,2.92,2.92,2.92,360
2013-07-10,2.92,2.92,2.92,2.92,2014
2013-07-11,2.88,2.88,2.88,2.88,100
2013-07-12,2.58,2.93,2.58,2.93,1334
2013-07-17,2.92,2.92,2.67,2.91,4444
2013-07-18,2.71,2.85,2.7,2.85,2440
2013-07-19,2.8,2.8,2.76,2.76,300
2013-07-22,2.71,2.71,2.71,2.71,200
2013-07-23,2.69,2.75,2.65,2.71,2354
2013-07-25,2.66,2.84,2.66,2.67,850
2013-07-26,2.74,2.75,2.74,2.75,200
2013-07-30,2.73,2.75,2.47,2.48,11227
2013-07-31,2.47,2.47,2.47,2.47,611
2013-08-01,2.44,2.74,2.44,2.74,5730
2013-08-02,2.7,2.7,2.49,2.67,4853
2013-08-05,2.61,2.61,2.54,2.54,2027
2013-08-06,2.49,2.61,2.49,2.6,2100
2013-08-07,2.6,2.61,2.6,2.61,1230
2013-08-08,2.53,2.56,2.52,2.56,1600
2013-08-09,2.6,2.64,2.5,2.63,8200
2013-08-12,2.57,2.57,2.52,2.56,1700
2013-08-13,2.51,2.56,2.51,2.52,9266
2013-08-15,2.5,2.5,2.49,2.49,1000
2013-08-16,2.53,2.54,2.5,2.5,3580
2013-08-19,2.5,2.5,2.49,2.49,658
2013-08-20,2.49,2.51,2.48,2.51,2500
2013-08-21,2.51,2.51,2.5,2.51,2195
2013-08-23,2.51,2.52,2.44,2.45,11440
2013-08-26,2.48,2.5,2.48,2.48,1000
2013-08-27,2.47,2.52,2.46,2.52,48274
2013-08-28,2.48,2.48,2.48,2.48,228
2013-09-04,2.46,2.46,2.19,2.45,25771
2013-09-05,2.32,2.44,2.3,2.43,2048
2013-09-06,2.38,2.5,2.34,2.5,4014
2013-09-09,2.5,2.5,2.29,2.29,7727
2013-09-10,2.45,2.45,2.3,2.32,6369
2013-09-11,2.42,2.42,2.25,2.25,7274
2013-09-12,2.3,2.4,2.27,2.27,5004
2013-09-13,2.25,2.37,2.25,2.36,2060
2013-09-16,2.29,2.36,2.28,2.28,500
2013-09-17,2.25,2.34,2.25,2.26,3090
2013-09-18,2.22,2.28,2.22,2.28,700
2013-09-19,2.31,2.43,2.23,2.25,41943
2013-09-20,2.34,2.43,2.27,2.43,18651
2013-09-23,2.47,2.47,2.4,2.4,5921
2013-09-24,2.45,2.45,2.3,2.3,49939
2013-09-25,2.37,2.42,2.31,2.42,91300
2013-09-26,2.54,2.54,2.29,2.29,30250
2013-09-27,2.33,2.38,2.26,2.27,7600
2013-09-30,2.26,2.27,2.26,2.27,2700
2013-10-01,2.23,2.28,2.23,2.23,9800
2013-10-02,2.22,2.26,2.22,2.22,3411
2013-10-03,2.26,2.26,2.25,2.25,7418
2013-10-04,2.28,2.3,2.22,2.25,16821
2013-10-07,2.27,2.28,2.25,2.25,900
2013-10-08,2.29,2.4,2.25,2.25,4900
2013-10-09,2.26,2.26,2.25,2.26,775
2013-10-10,2.25,2.27,2.25,2.25,2109
2013-10-11,2.26,2.29,2.25,2.28,5300
2013-10-14,2.28,2.28,2.28,2.28,100
2013-10-15,2.26,2.26,2.25,2.25,400
2013-10-16,2.26,2.26,2.25,2.25,1633
2013-10-17,2.27,2.31,2.21,2.27,33380
2013-10-18,2.3,2.33,2.27,2.3,4758
2013-10-21,2.33,2.4,2.33,2.38,5600
2013-10-22,2.4,2.41,2.38,2.38,12875
2013-10-23,2.42,2.42,2.41,2.41,5200
2013-10-24,2.38,2.38,2.25,2.25,9013
2013-10-25,2.28,2.38,2.28,2.38,63941
2013-10-29,2.27,2.39,2.26,2.39,669
2013-10-31,2.4,2.4,2.4,2.4,462
2013-11-01,2.4,2.4,2.4,2.4,3040
2013-11-04,2.42,2.47,2.42,2.47,8114
2013-11-05,2.48,2.57,2.48,2.56,2445
2013-11-06,2.51,2.6,2.48,2.56,3862
2013-11-07,2.56,2.57,2.5,2.57,745
2013-11-12,2.33,2.48,2.33,2.36,2260
2013-11-14,2.34,2.34,2.31,2.31,1815
2013-11-15,2.31,2.31,2.31,2.31,400
2013-11-18,2.31,2.38,2.31,2.38,600
2013-11-20,2.3,2.33,2.3,2.31,6500
2013-11-21,2.28,2.28,2.25,2.25,50600
2013-11-22,2.25,2.28,2.24,2.28,15834
2013-11-25,2.25,2.26,2.23,2.26,2665
2013-11-26,2.23,2.23,2.23,2.23,100
2013-11-27,2.23,2.24,2.23,2.24,1127
2013-11-29,2.28,2.28,2.28,2.28,2000
2013-12-02,2.27,2.43,2.27,2.31,5300
2013-12-03,2.27,2.36,2.27,2.3,1689
2013-12-04,2.28,2.28,2.27,2.27,910
2013-12-05,2.24,2.24,2.21,2.23,17201
2013-12-06,2.23,2.32,2.22,2.24,135873
2013-12-09,2.23,2.28,2.22,2.26,31571
2013-12-10,2.32,2.32,2.3,2.3,1541
2013-12-11,2.23,2.29,2.23,2.23,5230
2013-12-12,2.22,2.3,2.22,2.3,14235
2013-12-16,2.33,2.33,2.24,2.24,6743
2013-12-17,2.27,2.27,2.23,2.27,57630
2013-12-20,2.29,2.4,2.23,2.23,1558
2013-12-23,2.3,2.32,2.25,2.32,546
2013-12-24,2.26,2.26,2.26,2.26,104
2013-12-26,2.26,2.26,2.26,2.26,717
2013-12-27,2.28,2.35,2.25,2.32,6665
2013-12-30,2.28,2.39,2.26,2.38,2583
2013-12-31,2.26,2.36,2.26,2.28,6836
2014-01-02,2.29,2.36,2.29,2.36,2166
2014-01-03,2.35,2.35,2.35,2.35,500
2014-01-08,2.37,2.39,2.32,2.35,4800
2014-01-09,2.41,2.41,2.41,2.41,385
2014-01-13,2.36,2.37,2.36,2.37,1260
2014-01-14,2.42,2.43,2.42,2.43,2787
2014-01-17,2.32,2.43,2.32,2.43,600
2014-01-21,2.4,2.65,2.4,2.48,20548
2014-01-22,2.48,2.63,2.48,2.54,7328
2014-01-23,2.64,3.35,2.46,3.22,45336
2014-01-24,3.27,3.9,2.75,2.75,25236
2014-01-27,2.75,2.75,2.61,2.61,10830
2014-01-28,2.65,2.65,2.59,2.6,3688
2014-01-29,2.6,2.6,2.48,2.48,6137
2014-01-30,2.54,2.6,2.54,2.58,1800
2014-01-31,2.46,2.6,2.46,2.6,2150
2014-02-03,2.58,2.58,2.46,2.46,3902
2014-02-04,2.46,2.8,2.46,2.53,11501
2014-02-05,2.52,2.52,2.4,2.47,3059
2014-02-06,2.49,2.79,2.44,2.44,30411
2014-02-07,2.47,2.5,2.42,2.46,12439
2014-02-10,2.51,2.8,2.51,2.52,1737
2014-02-12,2.59,2.66,2.52,2.52,6606
2014-02-13,2.63,2.78,2.43,2.51,25832
2014-02-14,2.43,2.46,2.28,2.28,59549
2014-02-18,2.34,2.35,2.21,2.24,30807
2014-02-19,2.25,2.25,2.21,2.25,17450
2014-02-20,2.21,2.26,2.21,2.26,8015
2014-02-21,2.21,2.33,2.17,2.33,85261
2014-02-24,2.26,2.28,2.22,2.22,4770
2014-02-25,2.22,2.22,2.15,2.2,16934
2014-02-26,2.22,2.22,2.21,2.22,1280
2014-02-27,2.18,2.18,2.16,2.16,4739
2014-02-28,2.16,2.16,2.15,2.16,30376
2014-03-03,2.18,2.2,2.18,2.2,639
2014-03-04,2.2,2.2,2.2,2.2,450
2014-03-05,2.22,2.23,2.18,2.18,5600
2014-03-06,2.21,2.35,2.21,2.35,118838
2014-03-07,2.37,2.67,2.32,2.32,30718
2014-03-10,2.63,2.63,2.26,2.34,30045
2014-03-11,2.26,2.64,2.26,2.41,7297
2014-03-12,2.45,2.6,2.25,2.31,5503
2014-03-13,2.28,2.39,2.26,2.29,10135
2014-03-17,2.44,2.44,2.26,2.26,837
2014-03-18,2.24,2.24,2.24,2.24,325
2014-03-19,2.26,2.31,2.23,2.31,502009
2014-03-20,2.37,2.37,2.31,2.31,71611
2014-03-21,2.36,2.36,2.23,2.23,4621
2014-03-24,2.26,2.26,2.1,2.14,28571
2014-03-25,2.11,2.16,2.11,2.16,947
2014-03-27,2.15,2.15,2.12,2.12,248
2014-03-28,2.12,2.15,2.12,2.15,1022
2014-03-31,2.2,2.27,2.2,2.27,4410
2014-04-01,2.16,2.3,2.16,2.3,512
2014-04-02,2.16,2.31,2.16,2.31,1808
2014-04-03,2.18,2.29,2.18,2.29,1683
2014-04-04,2.18,2.27,2.18,2.19,3509
2014-04-07,2.22,2.25,2.16,2.25,600
2014-04-08,2.16,2.18,2.15,2.18,1968
2014-04-10,2.14,2.31,2.13,2.3,4958
2014-04-11,2.27,2.27,2.18,2.18,2413
2014-04-14,2.15,2.19,2.15,2.18,1164
2014-04-17,2.26,2.26,2.21,2.21,711
2014-04-23,2.2,2.29,2.15,2.2,3826
2014-04-24,2.17,2.17,2.16,2.16,643
2014-04-25,2.17,2.17,2.17,2.17,313
2014-04-28,2.17,2.17,2.17,2.17,192
2014-04-30,2.16,2.16,2.16,2.16,355
2014-05-01,2.14,2.14,2.13,2.13,3744
2014-05-02,2.13,2.25,2.13,2.25,2494
2014-05-05,2.23,2.23,2.15,2.15,852
2014-05-06,2.2,2.23,2.1,2.13,7472
2014-05-08,2.11,2.11,2.11,2.11,806
2014-05-09,2.1,2.15,2.1,2.15,10787
2014-05-12,2.18,2.18,2.14,2.14,1867
2014-05-13,2.15,2.15,2.15,2.15,1722
2014-05-14,2.15,2.25,2.11,2.18,9715
2014-05-15,2.19,2.2,2.19,2.19,2114
2014-05-16,2.12,2.14,2.11,2.14,1103
2014-05-19,2.15,2.24,2.15,2.24,3952
2014-05-21,2.25,2.4,2.11,2.4,10144
2014-05-22,2.4,2.46,2.39,2.44,7413
2014-05-23,2.4,2.4,2.4,2.4,2500
2014-05-27,2.41,2.69,2.4,2.69,12030
2014-05-28,2.72,2.72,2.42,2.61,10210
2014-05-29,2.61,2.71,2.4,2.41,8919
2014-05-30,2.43,2.71,2.4,2.52,2913
2014-06-02,2.51,2.51,2.34,2.34,5294
2014-06-03,2.3,2.32,2.19,2.19,7192
2014-06-04,2.22,2.22,2.02,2.1,41235
2014-06-05,2.12,2.15,2.05,2.15,1100
2014-06-06,2.11,2.41,2.11,2.28,17342
2014-06-09,2.39,2.39,2.39,2.39,1030
2014-06-10,2.28,2.31,2.28,2.31,3589
2014-06-11,2.3,2.4,2.3,2.4,1070
2014-06-17,2.4,2.41,2.27,2.27,30465
2014-06-18,2.38,2.45,2.31,2.31,4778
2014-06-19,2.39,2.39,2.39,2.39,699
2014-06-20,2.43,2.43,2.26,2.39,4354
2014-06-23,2.38,2.38,2.3,2.37,1690
2014-06-26,2.27,2.48,2.27,2.48,13875
2014-06-27,2.48,2.48,2.35,2.35,731
2014-06-30,2.36,2.42,2.34,2.42,6677
2014-07-01,2.43,2.66,2.42,2.56,7586
2014-07-02,2.57,2.57,2.31,2.44,10329
2014-07-03,2.29,2.29,2.29,2.29,456
2014-07-07,2.3,2.36,2.3,2.36,1289
2014-07-08,2.45,2.45,2.31,2.31,1610
2014-07-09,2.3,2.31,2.29,2.29,2200
2014-07-10,2.4,2.4,2.29,2.29,1179
2014-07-11,2.3,2.33,2.27,2.27,1600
2014-07-14,2.31,2.32,2.25,2.26,5104
2014-07-15,2.26,2.31,2.24,2.24,32943
2014-07-16,2.25,2.29,2.25,2.28,19101
2014-07-17,2.27,2.42,2.21,2.21,86652
2014-07-18,2.3,2.32,2.24,2.32,13705
2014-07-21,2.22,2.31,2.21,2.22,24159
2014-07-22,2.25,2.3,2.14,2.14,18854
2014-07-23,2.23,2.25,2.13,2.13,27500
2014-07-24,2.21,2.23,2.21,2.23,550
2014-07-25,2.21,2.23,2.15,2.15,2089
2014-07-29,2.15,2.2,2.09,2.1,3816
2014-07-30,2.23,2.23,2.06,2.06,20402
2014-07-31,2.06,2.09,2.05,2.08,9650
2014-08-01,2.03,2.12,2.02,2.08,10346
2014-08-04,2.08,2.08,1.96,1.97,2592
2014-08-05,2.07,2.07,1.97,1.97,5236
2014-08-06,2.05,2.06,1.99,1.99,8302
2014-08-07,1.96,2.04,1.96,1.96,11135
2014-08-08,2.01,2.01,1.97,2.01,16507
2014-08-11,1.99,2.07,1.99,2.05,25310
2014-08-12,2.07,2.15,2.01,2.07,20804
2014-08-13,2.1,2.14,2.09,2.12,2885
2014-08-14,2,2.09,2,2.07,48712
2014-08-15,2.15,2.46,2.14,2.3,112871
2014-08-18,2.34,2.46,2.24,2.24,58033
2014-08-19,2.26,2.36,2.18,2.18,10543
2014-08-20,2.2,2.25,2.18,2.18,1410
2014-08-21,2.25,2.25,2.18,2.22,4164
2014-08-22,2.18,2.2,2.18,2.19,876
2014-08-25,2.18,2.25,2.18,2.25,450
2014-08-26,2.21,2.22,2.08,2.08,18654
2014-08-27,2.07,2.13,2.07,2.13,3324
2014-08-28,2.15,2.15,2.07,2.08,7855
2014-08-29,2.11,2.13,2.02,2.03,8493
2014-09-02,2.01,2.09,1.98,1.99,18518
2014-09-03,1.99,2.08,1.99,2.08,19024
2014-09-04,2.09,2.09,2.04,2.04,1183
2014-09-05,2.08,2.11,2.07,2.11,4950
2014-09-08,2.21,2.26,2.18,2.26,12614
2014-09-09,2.25,2.26,2.13,2.25,103886
2014-09-10,2.2,2.41,2.19,2.32,9579
2014-09-11,2.38,2.41,2.19,2.2,163447
2014-09-12,2.12,2.24,2.1,2.1,14583
2014-09-15,2.11,2.23,2.06,2.23,15072
2014-09-16,2.18,2.25,2.12,2.15,11446
2014-09-17,2.15,2.25,2.06,2.08,4863
2014-09-18,2.06,2.1,2.03,2.03,15679
2014-09-19,2.05,2.11,1.97,2,26347
2014-09-22,1.96,2.03,1.96,2,16494
2014-09-23,2.02,2.07,1.96,1.99,10933
2014-09-24,2.02,2.08,1.95,2.08,6506
2014-09-25,2.09,2.18,2.05,2.05,3084
2014-09-26,2.02,2.05,2.01,2.01,370
2014-09-29,2,2.06,1.96,2,14910
2014-09-30,1.97,2,1.97,1.99,1900
2014-10-01,2,2,1.99,2,5267
2014-10-02,2,2.02,1.94,2,32896
2014-10-03,2,2.05,1.99,1.99,12415
2014-10-06,1.99,1.99,1.94,1.99,2462
2014-10-07,1.95,2,1.94,2,2304
2014-10-08,2,2,1.6,1.85,40100
2014-10-09,1.85,1.85,1.85,1.85,279
2014-10-10,1.85,3.3,1.85,3.3,3924554
2014-10-13,3.49,3.5,2.45,2.94,1613866
2014-10-14,2.58,2.65,2.08,2.2,654695
2014-10-15,2.25,2.3,2.04,2.16,246156
2014-10-16,2.35,3.7,2.28,2.9,7872218
2014-10-17,2.75,2.94,2.47,2.73,1246658
2014-10-20,2.44,2.48,2.23,2.28,339327
2014-10-21,2.24,2.33,2.1,2.11,206687
2014-10-22,2.12,2.24,1.96,2.08,201081
2014-10-23,2,2.24,1.97,2.15,225765
2014-10-24,2.2,2.3,2.05,2.1,262100
2014-10-27,2.1,2.2,2.07,2.14,18377
2014-10-28,2.15,2.17,1.82,1.86,172899
2014-10-29,1.89,1.91,1.72,1.91,111781
2014-10-30,1.94,1.94,1.77,1.86,43121
2014-10-31,1.82,1.92,1.76,1.87,30394
2014-11-03,1.89,1.96,1.86,1.86,43007
2014-11-04,1.88,1.92,1.69,1.75,54805
2014-11-05,1.82,1.83,1.74,1.79,53706
2014-11-06,1.75,1.78,1.71,1.73,19533
2014-11-07,1.72,1.74,1.72,1.73,3198
2014-11-10,1.73,1.79,1.73,1.77,13909
2014-11-11,1.79,1.79,1.66,1.68,44412
2014-11-12,1.72,1.75,1.71,1.72,17354
2014-11-13,1.67,1.7,1.54,1.58,35015
2014-11-14,1.52,1.58,1.36,1.42,67850
2014-11-17,1.4,1.61,1.29,1.42,57270
2014-11-18,1.5,1.57,1.5,1.56,40472
2014-11-19,1.58,1.58,1.5,1.54,32712
2014-11-20,1.53,1.6,1.48,1.52,49849
2014-11-21,1.41,1.6,1.41,1.5,42678
2014-11-24,1.51,1.55,1.51,1.52,14773
2014-11-25,1.57,1.58,1.52,1.57,19398
2014-11-26,1.59,1.66,1.52,1.65,26471
2014-11-28,1.63,1.71,1.58,1.71,2940
2014-12-01,1.69,1.69,1.62,1.62,1873
2014-12-02,1.6,1.66,1.6,1.6,8800
2014-12-03,1.6,1.63,1.6,1.63,700
2014-12-04,1.62,1.71,1.59,1.64,11174
2014-12-05,1.6,1.6,1.51,1.56,16750
2014-12-08,1.54,1.56,1.4,1.42,20826
2014-12-09,1.51,1.52,1.42,1.44,10574
2014-12-10,1.43,1.49,1.43,1.44,4255
2014-12-11,1.43,1.45,1.32,1.36,47493
2014-12-12,1.4,1.46,1.32,1.45,23041
2014-12-15,1.49,1.54,1.43,1.49,21325
2014-12-16,1.43,1.49,1.4,1.43,5791
2014-12-17,1.47,1.5,1.45,1.5,5136
2014-12-18,1.45,1.5,1.45,1.5,13214
2014-12-19,1.48,1.5,1.46,1.46,12088
2014-12-22,1.45,1.5,1.45,1.5,2381
2014-12-23,1.49,1.51,1.45,1.5,30796
2014-12-24,1.51,1.59,1.51,1.59,4907
2014-12-26,1.54,1.6,1.47,1.59,19625
2014-12-29,1.6,1.6,1.47,1.53,45658
2014-12-30,1.49,1.66,1.49,1.51,22267
2014-12-31,1.5,1.84,1.48,1.84,17802
2015-01-02,1.84,1.84,1.6,1.77,31579
2015-01-05,1.7,1.71,1.55,1.55,14750
2015-01-06,1.7,1.73,1.64,1.68,3224
2015-01-07,1.66,1.66,1.6,1.64,5080
2015-01-08,1.73,1.74,1.63,1.64,4988
2015-01-09,1.76,1.76,1.55,1.55,4200
2015-01-12,1.32,1.56,1.32,1.51,12113
