"Index","ALKS.Open","ALKS.High","ALKS.Low","ALKS.Close","ALKS.Volume"
2007-01-03,13.48,13.59,12.81,13.09,1969100
2007-01-04,13.11,13.65,13.01,13.58,1852300
2007-01-05,13.5,13.64,13.32,13.58,1331200
2007-01-08,13.8,13.88,13.25,13.8,2506500
2007-01-09,13.79,14.01,13.61,13.92,2434300
2007-01-10,13.81,14.24,13.77,14.16,1849400
2007-01-11,14.13,14.39,14.08,14.17,1189200
2007-01-12,14.14,15.65,14.09,15.37,4379600
2007-01-16,15.34,15.34,14.9,15.04,2024900
2007-01-17,15.06,15.15,14.9,14.96,1586100
2007-01-18,14.91,15,14.72,14.85,1448400
2007-01-19,14.8,15.03,14.63,15,962700
2007-01-22,14.94,14.94,14.57,14.59,1751500
2007-01-23,14.6,15,14.51,14.66,1408500
2007-01-24,14.69,14.72,14.42,14.58,2350100
2007-01-25,14.6,15.01,14.5,14.99,2142300
2007-01-26,14.99,15.22,14.81,15.19,1793600
2007-01-29,15.16,15.2,14.91,15.04,1358700
2007-01-30,15,15.14,14.85,15,1441300
2007-01-31,14.95,15.1,14.8,14.92,1240100
2007-02-01,14.92,15.1,14.81,14.93,1392800
2007-02-02,14.96,14.97,14.76,14.81,879500
2007-02-05,14.82,15.05,14.74,15,1006800
2007-02-06,14.97,15,14.72,14.85,1603900
2007-02-07,14.85,15.09,14.85,15,1516500
2007-02-08,15.95,17.3,15.6,17.01,5506900
2007-02-09,16.87,17.23,16.52,16.84,2484200
2007-02-12,16.84,16.91,16.28,16.47,1134600
2007-02-13,16.54,16.99,16.54,16.89,1128400
2007-02-14,16.87,17.3,16.87,17.01,1490400
2007-02-15,17.02,17.19,16.86,17.07,1053000
2007-02-16,17.06,17.66,16.8,17.62,1528300
2007-02-20,17.56,17.84,17.4,17.66,1523100
2007-02-21,17.61,17.84,17.55,17.82,976300
2007-02-22,17.84,17.84,17.64,17.83,1239000
2007-02-23,17.77,17.8,17.34,17.42,967400
2007-02-26,17.52,17.65,17.34,17.45,866700
2007-02-27,17.15,17.16,16.27,16.74,2100600
2007-02-28,16.76,16.84,16.3,16.4,1184200
2007-03-01,16.12,16.43,15.8,16.18,1364000
2007-03-02,16,16.04,15.36,15.38,2617800
2007-03-05,15.25,15.82,15.17,15.31,1334500
2007-03-06,15.49,15.97,15.44,15.81,1078400
2007-03-07,15.97,15.99,15.61,15.75,832600
2007-03-08,15.86,15.93,15.58,15.63,816900
2007-03-09,15.8,15.9,15.52,15.68,890700
2007-03-12,15.7,15.87,15.63,15.77,713200
2007-03-13,15.65,15.7,15.19,15.21,1007200
2007-03-14,15.15,15.18,14.7,15.06,1290500
2007-03-15,15.05,15.33,14.98,15.29,605000
2007-03-16,15.28,15.4,15.03,15.05,891600
2007-03-19,15.16,15.54,15.07,15.38,678400
2007-03-20,15.41,15.51,15.29,15.5,371600
2007-03-21,15.53,15.79,15.27,15.75,772500
2007-03-22,15.7,15.81,15.55,15.64,539900
2007-03-23,15.58,15.66,15.29,15.58,621600
2007-03-26,15.55,15.58,15.25,15.39,477500
2007-03-27,15.35,15.44,15.09,15.35,1054000
2007-03-28,15.25,15.72,15.19,15.5,1071700
2007-03-29,15.6,15.67,15.04,15.27,954000
2007-03-30,15.33,15.56,15.13,15.44,867300
2007-04-02,15.41,15.51,15.23,15.35,998900
2007-04-03,15.4,15.77,15.32,15.68,758800
2007-04-04,15.64,15.82,15.55,15.61,592900
2007-04-05,15.61,15.81,15.5,15.8,763200
2007-04-09,15.84,15.92,15.61,15.7,455500
2007-04-10,15.67,15.85,15.56,15.56,486600
2007-04-11,15.6,15.61,15.15,15.45,780500
2007-04-12,15.38,15.66,15.15,15.41,1087400
2007-04-13,15.37,15.66,15.37,15.47,607700
2007-04-16,15.54,16.72,15.44,16.66,2316100
2007-04-17,16.65,17.12,16.6,16.8,1819500
2007-04-18,16.77,16.93,16.64,16.69,920800
2007-04-19,16.55,16.79,16.3,16.48,1030500
2007-04-20,16.56,17.1,16.53,16.96,1451500
2007-04-23,16.95,17.2,16.76,17.17,1272900
2007-04-24,17.15,17.18,16.73,16.75,1279500
2007-04-25,16.79,17.02,16.65,16.96,686500
2007-04-26,16.91,16.95,16.72,16.95,501200
2007-04-27,16.87,16.87,16.5,16.79,655700
2007-04-30,16.78,16.94,16.38,16.43,1038500
2007-05-01,16.48,16.68,16.11,16.57,877200
2007-05-02,16.02,17.05,16.02,16.95,1018100
2007-05-03,16.91,17.14,16.78,17.06,879400
2007-05-04,17.1,17.1,16.82,17.06,506900
2007-05-07,16.99,17.17,16.74,16.8,428300
2007-05-08,16.7,16.84,16.21,16.73,891800
2007-05-09,16.59,16.66,16.38,16.62,503000
2007-05-10,16.47,16.54,16.1,16.24,968900
2007-05-11,16.32,16.64,16.14,16.55,641600
2007-05-14,16.5,16.87,16.41,16.45,599000
2007-05-15,16.4,17.2,16.17,16.53,998100
2007-05-16,16.55,16.81,16.41,16.76,722800
2007-05-17,16.66,17.1,16.59,16.81,1077100
2007-05-18,16.82,17.2,16.77,17.08,615800
2007-05-21,17.02,17.81,17.02,17.49,1043900
2007-05-22,17.45,17.79,17.39,17.69,578500
2007-05-23,17.77,17.85,17.39,17.47,534000
2007-05-24,17.4,17.54,16.91,16.96,853000
2007-05-25,17.05,17.34,16.94,17.02,449700
2007-05-29,17,17.38,16.94,17.1,763200
2007-05-30,16.31,16.44,15.79,16.28,3093400
2007-05-31,16.09,16.24,15.67,16.06,1681600
2007-06-01,16.07,16.15,15.75,15.98,1265900
2007-06-04,15.86,15.97,15.65,15.79,963100
2007-06-05,15.71,15.82,15.47,15.7,1077200
2007-06-06,15.58,15.74,15.41,15.41,904800
2007-06-07,15.34,15.44,14.89,15.21,1601800
2007-06-08,15.14,15.14,14.86,14.97,1723600
2007-06-11,14.9,15.24,14.88,14.97,1168900
2007-06-12,14.91,15,14.39,14.43,1834800
2007-06-13,14.47,14.74,14.38,14.61,1189200
2007-06-14,14.7,15.52,14.7,15.06,1210400
2007-06-15,15.28,15.33,15.1,15.24,925000
2007-06-18,15.27,15.27,14.87,15.1,618800
2007-06-19,15,15.27,14.76,15.07,1012900
2007-06-20,15.11,15.46,15.11,15.12,1251600
2007-06-21,15.03,15.28,15,15.28,771100
2007-06-22,15.15,15.25,14.59,14.78,887800
2007-06-25,14.77,15,14.6,14.71,818900
2007-06-26,14.75,14.93,14.6,14.63,810800
2007-06-27,14.51,14.95,14.49,14.89,950500
2007-06-28,14.82,14.99,14.56,14.83,1002000
2007-06-29,14.9,15.12,14.57,14.6,902200
2007-07-02,14.85,15,14.55,14.9,584700
2007-07-03,14.79,14.91,14.69,14.79,286000
2007-07-05,14.85,14.88,14.56,14.75,644300
2007-07-06,14.72,14.94,14.58,14.91,658300
2007-07-09,14.91,14.93,14.64,14.84,630900
2007-07-10,14.7,14.83,14.51,14.59,980500
2007-07-11,14.62,14.66,14.31,14.39,1000200
2007-07-12,14.35,14.86,14.35,14.8,797300
2007-07-13,14.8,15.04,14.61,14.99,513600
2007-07-16,14.97,14.97,14.64,14.76,650000
2007-07-17,14.77,14.88,14.41,14.44,1083200
2007-07-18,14.4,14.55,14.21,14.48,996200
2007-07-19,14.55,14.8,14.5,14.72,699400
2007-07-20,14.68,14.73,14.34,14.43,905900
2007-07-23,14.46,14.5,14.07,14.25,664000
2007-07-24,14.16,15.49,14.11,14.91,2768700
2007-07-25,15,15.1,14.81,15.02,2085200
2007-07-26,14.81,14.99,14.49,14.67,1480700
2007-07-27,14.59,14.82,14.3,14.39,1276800
2007-07-30,14.33,14.79,14,14.46,1661000
2007-07-31,14.58,14.78,14.24,14.24,1143700
2007-08-01,14.25,14.97,14.11,14.72,1521100
2007-08-02,14.6,14.87,14.45,14.78,954800
2007-08-03,14.99,17.26,14.66,16.63,5009500
2007-08-06,16.64,17.06,16.19,16.74,2429500
2007-08-07,16.68,16.74,16.13,16.64,1433800
2007-08-08,16.83,18.29,16.7,17.9,2806600
2007-08-09,17.42,18.35,17.2,17.99,1959300
2007-08-10,17.65,17.77,16.8,16.99,2328400
2007-08-13,17.14,17.35,16.37,16.58,1026800
2007-08-14,16.65,17.07,16.55,16.66,739400
2007-08-15,16.5,17.32,16.5,16.56,1423200
2007-08-16,16.53,17.46,16.5,17.33,1611700
2007-08-17,17.94,18,17.31,17.41,1818200
2007-08-20,17.5,17.62,17.25,17.5,478100
2007-08-21,17.44,17.62,16.94,17.13,525500
2007-08-22,17.33,17.45,17.03,17.24,469800
2007-08-23,17.38,17.39,16.85,16.93,704200
2007-08-24,16.91,17.01,16.74,17,348900
2007-08-27,16.91,17,16.5,16.51,397400
2007-08-28,16.4,16.68,16.36,16.38,549900
2007-08-29,16.51,16.73,16.27,16.69,474100
2007-08-30,16.51,16.9,16.5,16.7,584700
2007-08-31,16.88,16.99,16.65,16.85,433400
2007-09-04,16.81,17.35,16.81,17.2,1103100
2007-09-05,17.01,17.1,16.8,16.83,583900
2007-09-06,16.85,17.01,16.69,16.8,475600
2007-09-07,16.67,16.76,16.44,16.47,618800
2007-09-10,16.61,17.13,16.34,16.48,693600
2007-09-11,16.58,16.8,16.43,16.54,553600
2007-09-12,16.51,16.7,16.24,16.26,516800
2007-09-13,16.37,16.42,15.9,16.17,653000
2007-09-14,16.02,16.25,16.02,16.16,398500
2007-09-17,16.15,16.21,15.93,16.04,506300
2007-09-18,16.09,16.75,15.96,16.73,758300
2007-09-19,16.75,17.06,16.74,17,1410900
2007-09-20,16.95,17.12,16.84,16.91,680000
2007-09-21,17,17.12,16.93,16.99,889600
2007-09-24,16.95,17.02,16.62,16.76,596000
2007-09-25,16.62,16.92,16.58,16.68,768500
2007-09-26,16.81,17.98,16.79,17.92,1489400
2007-09-27,17.98,17.99,17.59,17.7,569000
2007-09-28,17.76,18.51,17.6,18.4,1521900
2007-10-01,18.39,18.49,17.99,18.38,692800
2007-10-02,18.5,18.5,18.19,18.34,449900
2007-10-03,18.2,18.5,18.11,18.4,822700
2007-10-04,18.42,18.42,18.11,18.13,988300
2007-10-05,18.25,18.64,18,18.38,1014900
2007-10-08,18.38,18.53,18.03,18.23,951800
2007-10-09,18.21,18.39,18.18,18.39,689600
2007-10-10,18.41,18.6,18.23,18.56,582400
2007-10-11,18.65,18.78,17.68,17.76,948100
2007-10-12,17.79,18.35,17.65,17.72,998100
2007-10-15,17.71,18.2,17.35,17.47,719300
2007-10-16,17.49,17.53,16.2,16.74,2766900
2007-10-17,16.87,17.17,16.8,17.04,1114400
2007-10-18,16.85,17,16.41,16.8,638000
2007-10-19,16.78,16.8,16.23,16.23,724400
2007-10-22,16.13,16.73,16.1,16.51,1015700
2007-10-23,16.61,16.76,16.11,16.72,672100
2007-10-24,16.53,16.7,15.99,16.46,979300
2007-10-25,16.55,17.12,16.55,16.98,971400
2007-10-26,16.99,17.33,16.77,17.22,671300
2007-10-29,17.2,17.2,16.46,16.88,897900
2007-10-30,16.74,16.93,16.6,16.66,401200
2007-10-31,16.36,16.5,15.64,16.2,4334800
2007-11-01,15.96,16.07,15.3,15.31,2093200
2007-11-02,15.5,15.54,13.56,14.19,6995300
2007-11-05,14.01,14.38,13.87,14.3,1427600
2007-11-06,14.13,14.35,13.84,14.31,1190200
2007-11-07,14.11,14.15,13.53,13.53,1182900
2007-11-08,13.66,13.68,13.02,13.5,1271800
2007-11-09,13.49,13.65,13.3,13.34,1209700
2007-11-12,13.34,13.56,13.3,13.31,906600
2007-11-13,13.41,13.62,13.26,13.6,637000
2007-11-14,13.53,13.67,13.1,13.55,1684700
2007-11-15,13.44,13.71,13.17,13.32,946000
2007-11-16,13.31,13.6,13.14,13.41,1186300
2007-11-19,13.29,13.29,12.6,12.85,1505200
2007-11-20,13,13.12,12.3,12.76,1511800
2007-11-21,12.69,13.64,12.69,13.08,2683000
2007-11-23,13.25,13.7,13.25,13.62,736100
2007-11-26,13.67,14.1,13.63,13.66,1530200
2007-11-27,13.73,14.09,13.64,14.06,836700
2007-11-28,14.14,14.53,14.07,14.33,1113400
2007-11-29,14.3,14.55,14.14,14.32,764400
2007-11-30,14.47,14.58,14.06,14.26,970800
2007-12-03,14.22,14.54,14.22,14.34,912700
2007-12-04,14.27,14.66,14.22,14.61,962300
2007-12-05,14.79,14.79,14.47,14.6,641500
2007-12-06,14.61,15.33,14.57,15.14,986000
2007-12-07,15.2,15.23,14.79,14.88,684400
2007-12-10,14.85,15.31,14.78,15.05,479000
2007-12-11,15.09,15.28,14.57,14.57,618800
2007-12-12,14.79,15.37,14.68,15.02,709000
2007-12-13,15.03,15.19,14.94,15.17,670600
2007-12-14,15,15.07,14.59,14.71,782200
2007-12-17,14.65,14.81,14.42,14.45,672600
2007-12-18,14.69,14.72,14.15,14.22,1773400
2007-12-19,14.38,15,14.23,14.88,1318600
2007-12-20,15.06,15.37,14.94,15.36,832600
2007-12-21,15.61,15.88,15.49,15.86,1918500
2007-12-24,15.85,16.27,15.58,16.24,417600
2007-12-26,16,16.38,15.85,16.25,519800
2007-12-27,16.1,16.55,15.85,15.86,723900
2007-12-28,15.98,16.09,15.8,15.87,409500
2007-12-31,15.76,15.78,15.45,15.59,684400
2008-01-02,15.79,15.97,15.05,15.1,1270900
2008-01-03,15.12,15.45,14.84,14.9,1022700
2008-01-04,14.77,14.99,14.55,14.79,795100
2008-01-07,14.89,15.5,14.8,15.46,1002700
2008-01-08,15.52,15.71,15.16,15.19,920900
2008-01-09,15.13,15.48,15.05,15.39,770600
2008-01-10,15.24,16,15.1,15.74,785100
2008-01-11,15.55,15.73,15.23,15.38,639200
2008-01-14,15.53,15.55,15.1,15.33,678400
2008-01-15,15.09,15.33,14.58,14.77,1526800
2008-01-16,14.76,15.4,14.73,15.03,1130600
2008-01-17,15.1,15.13,14.4,14.55,1669400
2008-01-18,14.45,14.67,13.9,14.2,1505000
2008-01-22,13.89,14.54,13.76,14.03,1762600
2008-01-23,13.64,14.15,13.35,14.05,1357000
2008-01-24,14.01,14.16,13.6,13.76,989200
2008-01-25,13.84,14.03,13.44,13.61,840500
2008-01-28,13.51,13.8,13.44,13.75,537700
2008-01-29,13.79,13.89,13.41,13.64,1045800
2008-01-30,13.53,13.8,13.25,13.33,699300
2008-01-31,13.12,13.51,12.95,13.32,1211400
2008-02-01,13.41,13.8,13.33,13.7,1104600
2008-02-04,13.69,13.75,13.46,13.69,844300
2008-02-05,13.44,13.7,13.31,13.47,1245300
2008-02-06,13.63,13.74,13.21,13.34,987700
2008-02-07,13.35,13.72,13.19,13.68,937600
2008-02-08,13.73,14,13.44,13.57,1773900
2008-02-11,13.6,13.75,13.41,13.43,1316900
2008-02-12,13.59,13.59,13.09,13.32,2474600
2008-02-13,13.49,13.49,13.19,13.39,732500
2008-02-14,13.39,13.58,13.02,13.12,1029700
2008-02-15,13.02,13.13,12.79,12.89,872900
2008-02-19,13.01,13.21,12.95,13.04,1095000
2008-02-20,12.97,13.2,12.9,13.18,954100
2008-02-21,13.21,13.42,12.85,13.16,1115800
2008-02-22,13.19,13.19,12.82,13.04,1179100
2008-02-25,13.15,13.34,12.96,13.16,912200
2008-02-26,13.1,13.6,13.05,13.23,1423700
2008-02-27,13.1,13.43,13.07,13.15,499100
2008-02-28,13.4,13.65,13.16,13.4,1505100
2008-02-29,13.34,13.66,12.86,12.94,1460600
2008-03-03,12.92,12.93,12.54,12.73,1243300
2008-03-04,12.58,12.71,12.33,12.64,1745500
2008-03-05,12.73,12.94,12.44,12.57,1156300
2008-03-06,12.48,12.82,12.37,12.4,995800
2008-03-07,12.29,12.43,10.97,11.26,6564500
2008-03-10,10.76,11.15,10.58,10.78,3420000
2008-03-11,10.92,11.18,10.83,11.18,2069900
2008-03-12,11.15,11.41,10.95,10.96,1587700
2008-03-13,10.81,11.29,10.68,11.21,1426700
2008-03-14,11.28,11.38,10.77,11.12,2006500
2008-03-17,10.96,11.32,10.79,10.81,2124600
2008-03-18,10.97,11.05,10.32,10.85,1488800
2008-03-19,10.94,11.25,10.78,10.82,1364900
2008-03-20,10.92,11.13,10.76,11.09,2353300
2008-03-24,11.16,11.79,11.1,11.66,939300
2008-03-25,11.62,11.84,11.45,11.49,969600
2008-03-26,11.41,11.53,11.21,11.45,652800
2008-03-27,11.48,11.75,11.4,11.5,731100
2008-03-28,11.49,11.6,11.02,11.08,699300
2008-03-31,11.12,11.93,11.08,11.88,1192900
2008-04-01,11.99,12.19,11.74,12.06,1039100
2008-04-02,12.03,12.18,11.92,12.03,1201800
2008-04-03,12,12.01,11.76,11.87,814100
2008-04-04,11.9,11.98,11.69,11.81,587300
2008-04-07,11.87,11.99,11.52,11.66,513900
2008-04-08,11.56,11.73,11.5,11.69,593100
2008-04-09,11.45,11.45,10.87,10.95,2190600
2008-04-10,10.98,11.49,10.94,11.33,1377200
2008-04-11,11.26,11.4,11.08,11.11,869900
2008-04-14,11.09,11.2,10.87,11.19,790600
2008-04-15,11.23,11.23,10.81,11.04,1063300
2008-04-16,11.08,11.42,11.02,11.41,1150700
2008-04-17,11.35,11.35,11.03,11.13,519100
2008-04-18,11.33,11.46,11.2,11.41,968700
2008-04-21,11.29,11.49,11.25,11.38,706500
2008-04-22,11.31,11.5,11.04,11.27,1002900
2008-04-23,11.31,11.42,11.14,11.3,868100
2008-04-24,11.33,11.67,11.19,11.53,673900
2008-04-25,11.6,11.61,11.18,11.43,796000
2008-04-28,11.47,12.22,11.47,12.1,1257800
2008-04-29,12.1,12.22,11.94,12.01,1315400
2008-04-30,12.25,12.72,12.23,12.43,1950800
2008-05-01,12.45,12.86,12.45,12.84,1130200
2008-05-02,12.92,12.99,12.74,12.85,2021400
2008-05-05,12.85,12.99,12.64,12.89,1029700
2008-05-06,12.84,13.25,12.62,13.06,1408800
2008-05-07,13.05,13.15,12.77,12.79,1200900
2008-05-08,12.87,13.05,12.82,13.02,1021300
2008-05-09,12.77,13.08,12.75,12.98,652700
2008-05-12,13.03,13.31,12.98,13.3,658800
2008-05-13,13.33,13.4,13.07,13.3,515700
2008-05-14,13.32,13.39,13.15,13.2,488200
2008-05-15,13.18,13.36,13.06,13.28,579500
2008-05-16,13.63,13.93,13.44,13.75,1120300
2008-05-19,13.71,13.75,13.34,13.51,772400
2008-05-20,13.41,13.53,13.22,13.42,637600
2008-05-21,13.55,13.59,12.95,13.05,907200
2008-05-22,13.03,13.94,12.99,13.62,1270600
2008-05-23,12.1,13.1,12.03,12.75,4484200
2008-05-27,12.53,12.67,11.9,11.95,2311100
2008-05-28,11.99,12.23,11.78,12.13,1628800
2008-05-29,12.12,12.85,12.11,12.78,1237200
2008-05-30,12.79,12.84,12.42,12.67,1219800
2008-06-02,12.64,12.64,12,12.16,1332500
2008-06-03,12.23,12.5,12,12.06,1947900
2008-06-04,12.02,12.54,11.99,12.48,1194400
2008-06-05,12.5,13.02,12.4,13.02,1252300
2008-06-06,12.95,12.96,12.45,12.57,1258300
2008-06-09,12.64,12.76,12.06,12.36,1514600
2008-06-10,12.5,12.61,12.38,12.48,1323600
2008-06-11,12.42,12.42,11.8,11.89,1631700
2008-06-12,11.96,12.02,11.76,11.8,827400
2008-06-13,11.91,11.99,11.75,11.9,543500
2008-06-16,12.82,12.99,12.47,12.59,2296500
2008-06-17,12.57,12.98,12.57,12.84,1202200
2008-06-18,12.69,12.97,12.51,12.54,1431700
2008-06-19,12.61,13.04,12.61,12.98,1331000
2008-06-20,12.9,13.14,12.75,12.89,1752000
2008-06-23,12.76,12.88,12.24,12.24,1389400
2008-06-24,12.25,12.55,12.11,12.29,1020800
2008-06-25,12.33,12.74,12.31,12.68,861100
2008-06-26,12.5,12.88,12.44,12.64,821300
2008-06-27,12.56,12.75,12.38,12.7,1147200
2008-06-30,12.58,12.83,12.36,12.36,1910900
2008-07-01,12.24,12.55,12.04,12.49,1280200
2008-07-02,12.43,12.62,12.29,12.53,1192300
2008-07-03,12.53,12.58,12.15,12.33,472700
2008-07-07,12.38,12.51,12.1,12.36,887000
2008-07-08,12.31,13.22,12.24,13.22,1149300
2008-07-09,13.25,13.42,12.91,12.93,1138300
2008-07-10,12.74,13.37,12.74,13.31,891900
2008-07-11,13.22,13.77,13.03,13.72,1035800
2008-07-14,13.81,13.82,13.36,13.73,979500
2008-07-15,13.53,13.99,13.53,13.85,1018800
2008-07-16,13.91,14.45,13.85,14.29,1201300
2008-07-17,14.24,14.79,14.08,14.58,1954900
2008-07-18,14.56,14.6,14.38,14.44,1005000
2008-07-21,14.52,15.1,14.45,14.91,1468700
2008-07-22,14.86,15.19,14.86,15.15,759500
2008-07-23,15.15,15.3,14.97,15.08,755400
2008-07-24,15.09,15.09,14.78,14.91,727100
2008-07-25,15.06,15.49,15.06,15.35,696200
2008-07-28,15.34,15.64,15.04,15.12,911400
2008-07-29,15.11,15.49,15.08,15.25,907000
2008-07-30,15.34,15.46,14.95,15.22,647700
2008-07-31,15,15.97,15,15.75,1152800
2008-08-01,14.89,15.43,14.75,15.3,1266800
2008-08-04,15.33,15.59,14.95,15.14,1051600
2008-08-05,15.24,15.43,15.02,15.41,1201000
2008-08-06,15.45,15.45,15.07,15.43,972000
2008-08-07,15.15,15.36,14.5,14.51,1782200
2008-08-08,14.81,16.49,14.61,16.05,2437900
2008-08-11,16.22,17.04,16.01,16.89,1809500
2008-08-12,16.87,16.9,16.32,16.45,1622500
2008-08-13,16.29,16.44,15.82,15.99,1594300
2008-08-14,16.01,16.31,15.97,16.23,2371000
2008-08-15,16.39,16.82,16.17,16.38,1237200
2008-08-18,16.5,16.7,14.29,14.73,3332700
2008-08-19,14.71,15,14.2,14.41,2805600
2008-08-20,14.43,14.91,14.15,14.81,2474900
2008-08-21,14.6,14.88,14.46,14.75,1602700
2008-08-22,14.94,15.06,14.68,14.98,946700
2008-08-25,14.95,15.11,14.6,14.64,790600
2008-08-26,14.62,14.97,14.55,14.6,771600
2008-08-27,14.57,14.57,12.6,12.9,4492000
2008-08-28,12.96,13.6,12.94,13.56,1672800
2008-08-29,13.47,13.57,13.34,13.37,1264600
2008-09-02,13.57,14,13.57,13.72,2263100
2008-09-03,13.71,14.08,13.71,13.96,4108900
2008-09-04,13.85,14.01,13.57,13.65,1600100
2008-09-05,13.6,13.69,13.27,13.43,1410300
2008-09-08,13.64,13.8,13.38,13.56,1986000
2008-09-09,13.61,13.9,13.15,13.17,1117500
2008-09-10,13.48,13.5,13.1,13.25,1344400
2008-09-11,13.05,13.33,12.93,13.32,1246500
2008-09-12,13.26,13.32,12.93,12.99,1020700
2008-09-15,12.93,13.02,12.37,12.47,1360400
2008-09-16,12.26,13.04,12.11,12.79,1234100
2008-09-17,12.8,13.38,11.94,11.97,1806100
2008-09-18,12.21,12.59,11.79,12.37,2152500
2008-09-19,13.11,13.34,12.63,13.08,3057700
2008-09-22,13.11,13.42,12.5,12.54,984800
2008-09-23,12.53,13.11,12.53,12.9,866600
2008-09-24,12.89,13.08,12.6,12.91,1173400
2008-09-25,12.94,13.38,12.94,13.2,847300
2008-09-26,13,13.62,12.8,13.51,1370400
2008-09-29,13.39,13.54,13.1,13.35,1389800
2008-09-30,13.41,13.71,13.01,13.3,800200
2008-10-01,13.2,13.39,13.07,13.26,807400
2008-10-02,13.16,13.4,12.92,13.01,765900
2008-10-03,13.19,13.54,12.61,12.74,792900
2008-10-06,12.51,12.56,11.46,12.14,1129600
2008-10-07,12.34,12.54,11.44,11.44,1221600
2008-10-08,11.32,11.55,10.83,11.08,1650600
2008-10-09,11.25,11.34,9.87,10.02,1174800
2008-10-10,9.65,10.23,9.1,9.94,1894600
2008-10-13,10.36,11.29,10.07,11.27,912500
2008-10-14,11.49,11.86,10.87,11.22,967000
2008-10-15,11.15,11.24,9.66,9.67,1339200
2008-10-16,9.72,10.43,9.4,10.42,1324700
2008-10-17,10.07,11.41,9.96,10.13,1203100
2008-10-20,10.35,10.86,9.98,10.82,607000
2008-10-21,10.69,11.34,10.65,11.05,664000
2008-10-22,10.84,10.97,10.46,10.67,920600
2008-10-23,10.67,11,9.85,10.54,1305100
2008-10-24,10.03,10.3,9.75,9.94,1110000
2008-10-27,9.84,9.84,8.72,8.75,968500
2008-10-28,8.94,9.41,8.52,9.34,850100
2008-10-29,9.41,9.55,9.09,9.17,1077100
2008-10-30,9.42,9.76,9.11,9.59,653800
2008-10-31,9.52,10.08,9.44,9.88,757400
2008-11-03,9.87,10.27,9.6,10.1,627200
2008-11-04,10.17,10.41,7.65,9.11,2449200
2008-11-05,9.05,9.4,8.7,8.71,854200
2008-11-06,8.52,8.86,8.04,8.07,744300
2008-11-07,8.34,8.34,7.92,8,1001000
2008-11-10,8.03,8.23,7.94,8.12,1800044
2008-11-11,8.1,8.22,7.86,7.89,816349
2008-11-12,7.79,8,7.39,7.42,995931
2008-11-13,7.45,7.67,6.76,7.63,1806984
2008-11-14,7.5,8.06,7.5,7.65,1273991
2008-11-17,7.58,8.07,7.58,7.64,974144
2008-11-18,7.65,7.81,7.31,7.51,729906
2008-11-19,7.51,7.69,6.47,6.58,1031657
2008-11-20,6.54,6.57,6.02,6.1,1150827
2008-11-21,6.18,6.39,5.55,6.37,1623613
2008-11-24,5.91,6.99,5.91,6.88,1112606
2008-11-25,6.93,7,6.71,6.95,894137
2008-11-26,6.81,7.49,6.7,7.45,841947
2008-11-28,7.4,7.53,7.13,7.38,249180
2008-12-01,7.6,8,6.73,6.76,1102087
2008-12-02,6.9,7.41,6.7,7.37,1378936
2008-12-03,7.18,7.47,6.95,7.21,1235392
2008-12-04,7.15,7.92,7.06,7.68,1734358
2008-12-05,7.54,7.82,7.13,7.82,1148138
2008-12-08,8.04,9.85,8.02,9.54,2400942
2008-12-09,9.42,9.72,8.31,8.55,1173313
2008-12-10,8.66,8.84,8.47,8.7,767084
2008-12-11,9,10.7,8.97,9.94,2943542
2008-12-12,9.71,10.2,9.47,10.08,1070962
2008-12-15,10.09,10.2,9.65,9.74,741784
2008-12-16,9.95,10.37,9.75,10.34,869068
2008-12-17,10.21,10.6,10.11,10.42,851748
2008-12-18,10.45,10.7,10.16,10.3,1233086
2008-12-19,10.57,11.42,9.6,9.83,4304894
2008-12-22,9.99,10.17,9.78,10.09,1289232
2008-12-23,9.92,10.46,9.92,10.13,658513
2008-12-24,10.15,10.52,10.1,10.38,329105
2008-12-26,10.43,10.58,10.24,10.42,198239
2008-12-29,10.38,10.5,10,10.17,608120
2008-12-30,10.22,10.42,9.99,10.42,599242
2008-12-31,10.41,10.71,10.24,10.65,806416
2009-01-02,10.67,10.83,10.29,10.71,568795
2009-01-05,10.69,10.78,10.37,10.73,597414
2009-01-06,10.87,11.1,10.66,10.7,783731
2009-01-07,10.57,11,10.55,10.71,601476
2009-01-08,10.71,10.9,10.55,10.9,596634
2009-01-09,10.87,10.97,10.22,10.27,650354
2009-01-12,10.22,10.32,9.92,10.02,344900
2009-01-13,10.02,10.62,9.93,10.62,1213945
2009-01-14,10.46,10.93,10.45,10.75,875650
2009-01-15,10.74,11.2,10.39,11.11,777028
2009-01-16,11.17,11.23,10.58,10.88,555594
2009-01-20,10.71,10.85,9.91,9.97,525539
2009-01-21,10.05,10.85,9.95,10.78,834663
2009-01-22,10.54,10.79,10.22,10.47,599898
2009-01-23,10.19,10.8,10.12,10.71,735299
2009-01-26,10.78,11.25,10.65,10.85,464979
2009-01-27,10.85,11.62,10.85,11.56,641626
2009-01-28,11.68,12.15,11.62,11.98,903595
2009-01-29,11.84,11.95,11.48,11.63,681378
2009-01-30,11.71,11.85,11.46,11.47,574911
2009-02-02,11.36,11.82,11.36,11.76,707988
2009-02-03,11.97,12.04,11.6,11.91,574128
2009-02-04,11.95,12.67,11.88,11.98,1296019
2009-02-05,11.94,12.31,11.44,11.65,1717621
2009-02-06,10.6,11.52,10.55,11.51,1292887
2009-02-09,11.41,11.53,11.02,11.5,718761
2009-02-10,11.47,11.7,11.13,11.33,1096273
2009-02-11,11.24,11.34,11.05,11.32,957048
2009-02-12,11.19,11.77,11.05,11.73,849485
2009-02-13,11.7,11.89,11.55,11.84,759669
2009-02-17,11.47,11.61,11.23,11.24,842612
2009-02-18,11.4,11.4,10.88,11.09,977119
2009-02-19,11.18,11.38,11.1,11.3,860420
2009-02-20,11.1,11.25,10.95,11.16,1000046
2009-02-23,11.17,11.17,10.84,10.93,1097057
2009-02-24,11.04,11.45,10.89,11.39,927677
2009-02-25,11.29,11.4,11.12,11.19,856987
2009-02-26,11.25,11.26,10.55,10.66,760158
2009-02-27,10.54,10.61,10,10.08,869565
2009-03-02,9.87,9.94,9.17,9.19,1294396
2009-03-03,9.35,9.44,8.83,8.92,1389603
2009-03-04,9.08,9.16,8.73,8.97,715234
2009-03-05,8.79,8.89,8.29,8.4,876514
2009-03-06,8.46,8.57,8.32,8.49,620504
2009-03-09,8.38,8.8,8.26,8.35,560263
2009-03-10,8.51,9.05,8.4,9.01,921553
2009-03-11,9.08,9.41,8.83,8.84,529969
2009-03-12,8.83,9.98,8.69,9.91,754221
2009-03-13,9.93,10.14,9.86,10.05,392343
2009-03-16,10.17,10.17,9.55,9.56,483393
2009-03-17,9.53,10.05,9.44,10.05,568553
2009-03-18,10.04,10.74,10.01,10.52,640421
2009-03-19,10.62,10.78,10.29,10.61,629414
2009-03-20,10.7,11.16,10.35,11.03,3908268
2009-03-23,11,11.76,10.83,11.76,1354218
2009-03-24,11.54,11.85,11.41,11.44,750253
2009-03-25,11.56,12.05,11.16,11.55,898013
2009-03-26,11.54,13.16,11.41,13.13,2361716
2009-03-27,12.94,12.96,12.03,12.1,1450981
2009-03-30,11.79,12.02,11.5,11.82,680227
2009-03-31,11.99,12.41,11.6,12.13,1850259
2009-04-01,11.96,12.08,11.56,11.96,1726935
2009-04-02,12.06,12.33,11.37,11.41,2885900
2009-04-03,10.7,10.96,9.14,9.49,4301188
2009-04-06,9.39,9.5,8.71,8.86,2128596
2009-04-07,8.52,8.68,8.25,8.39,2962519
2009-04-08,8.45,8.71,8.25,8.44,2064123
2009-04-09,8.7,8.7,8.38,8.5,1007787
2009-04-13,8.75,8.99,8.73,8.95,1567376
2009-04-14,8.92,9.02,8.59,8.7,1136060
2009-04-15,8.38,8.71,8.24,8.45,1749179
2009-04-16,8.5,8.59,8.25,8.37,1140581
2009-04-17,8.35,8.44,8,8.1,1208047
2009-04-20,7.99,8.11,7.58,7.68,1172257
2009-04-21,7.66,7.93,7.61,7.88,852017
2009-04-22,7.74,7.93,7.72,7.75,1048578
2009-04-23,7.76,7.8,7.41,7.6,1459417
2009-04-24,7.63,7.78,7.53,7.73,905082
2009-04-27,7.76,7.89,7.59,7.61,965557
2009-04-28,7.55,7.69,7.47,7.56,883027
2009-04-29,7.6,7.84,7.5,7.79,781573
2009-04-30,7.83,8.14,7.64,7.65,920562
2009-05-01,7.67,7.78,7.51,7.64,718009
2009-05-04,7.72,7.86,7.63,7.85,1214552
2009-05-05,9.3,9.6,8.66,8.75,4159972
2009-05-06,8.92,9.05,8.27,8.59,1477693
2009-05-07,8.65,8.87,8.6,8.73,981337
2009-05-08,8.9,9.16,8.8,9,896251
2009-05-11,8.93,9.21,8.85,9.06,932204
2009-05-12,9.09,9.15,8.67,8.81,786200
2009-05-13,8.62,8.73,8.29,8.46,1054950
2009-05-14,8.54,8.8,8.51,8.63,739815
2009-05-15,8.6,8.75,8.46,8.62,708583
2009-05-18,8.76,8.85,8.61,8.75,692268
2009-05-19,8.66,8.88,8.62,8.81,658053
2009-05-20,8.85,9.2,8.71,8.81,785090
2009-05-21,8.74,8.78,8.27,8.5,678861
2009-05-22,8.5,8.65,8.22,8.25,1158102
2009-05-26,8.2,8.61,8.17,8.55,981633
2009-05-27,8.47,8.84,8.29,8.33,1376584
2009-05-28,8.41,8.65,8.25,8.25,769424
2009-05-29,8.3,8.36,8.06,8.12,1170905
2009-06-01,8.25,8.45,7.98,8.11,1562406
2009-06-02,8.05,8.15,7.77,7.99,3561803
2009-06-03,7.96,8.32,7.89,8.06,1358064
2009-06-04,8.08,8.35,7.99,8.2,1658505
2009-06-05,8.4,8.67,8.26,8.5,1777064
2009-06-08,8.53,8.75,8.42,8.55,1179777
2009-06-09,8.58,8.69,8.52,8.61,492765
2009-06-10,8.68,8.74,8.52,8.71,1217479
2009-06-11,8.67,9.28,8.67,9.1,1238918
2009-06-12,9.06,9.29,8.93,9.28,743404
2009-06-15,9.15,9.18,8.84,9.1,988728
2009-06-16,9.07,9.5,8.86,9.36,1747189
2009-06-17,9.34,9.68,9.21,9.58,860581
2009-06-18,9.56,9.65,9.34,9.62,948144
2009-06-19,9.76,10.03,9.69,9.92,1718912
2009-06-22,9.82,10.11,9.78,10.06,1333322
2009-06-23,10.06,10.06,9.75,9.84,1098201
2009-06-24,9.89,10.44,9.65,10.32,1225147
2009-06-25,10.28,10.97,10.03,10.9,1345182
2009-06-26,10.79,11.2,10.58,11.2,1054547
2009-06-29,11.1,11.1,10.6,10.88,887630
2009-06-30,10.9,11.07,10.77,10.82,813863
2009-07-01,10.88,11.12,10.86,11.04,444417
2009-07-02,10.87,10.89,10.29,10.46,858448
2009-07-06,10.39,10.49,10.04,10.47,672825
2009-07-07,10.48,10.59,10.26,10.26,322601
2009-07-08,10.64,10.7,10.06,10.23,842297
2009-07-09,10.26,10.33,10.06,10.19,397472
2009-07-10,10.13,10.37,9.93,10.16,504004
2009-07-13,10.17,10.19,9.79,10.17,429816
2009-07-14,10.13,10.19,10.04,10.18,389394
2009-07-15,10.35,10.74,10.32,10.53,1079173
2009-07-16,10.47,10.75,10.44,10.51,681173
2009-07-17,10.54,10.77,10.42,10.47,498337
2009-07-20,10.57,10.81,10.4,10.75,351848
2009-07-21,11.01,11.12,10.64,10.73,498754
2009-07-22,10.72,11.11,10.72,11.03,566606
2009-07-23,11.03,11.77,10.75,11.62,845423
2009-07-24,11.52,11.67,11.43,11.61,446411
2009-07-27,11.56,11.68,11.43,11.65,373587
2009-07-28,11.55,11.58,11.08,11.28,509581
2009-07-29,11.17,11.27,10.96,11.04,554225
2009-07-30,11.13,11.19,10.8,10.87,821710
2009-07-31,10.8,10.98,10.2,10.32,1700591
2009-08-03,10.27,11.29,10.27,11.15,1396431
2009-08-04,11.05,11.3,10.89,11.2,471089
2009-08-05,11.14,11.14,10.55,10.73,836073
2009-08-06,10.8,10.88,10.45,10.52,642531
2009-08-07,10.68,10.9,10.37,10.55,750201
2009-08-10,10.44,10.49,10.13,10.28,789804
2009-08-12,9.88,10.21,9.84,10.05,674455
2009-08-13,10.13,10.22,9.86,9.94,511229
2009-08-14,9.93,9.98,9.44,9.55,620772
2009-08-17,9.36,9.48,9.25,9.46,426991
2009-08-18,9.48,9.81,9.34,9.81,590413
2009-08-19,9.73,10.35,9.71,10.3,651881
2009-08-20,10.31,10.55,10.17,10.42,826371
2009-08-21,10.54,10.59,10.36,10.41,518181
2009-08-24,10.46,10.54,10.28,10.4,393015
2009-08-25,10.25,10.5,10.18,10.35,885164
2009-08-26,10.34,10.51,10.24,10.37,308838
2009-08-27,9.6,9.99,8.98,9.55,1992966
2009-08-28,9.59,9.59,9.21,9.37,799889
2009-08-31,9.27,9.34,8.97,9.05,610754
2009-09-01,8.99,9.09,8.64,8.75,1046703
2009-09-02,8.75,9.09,8.64,8.98,2588246
2009-09-03,9,9.1,8.86,9.02,899189
2009-09-04,8.98,9.24,8.9,9.22,426355
2009-09-08,9.25,9.51,9.24,9.51,516320
2009-09-09,9.48,9.56,9.31,9.45,481873
2009-09-10,9.41,9.45,9.24,9.41,319661
2009-09-11,9.3,9.52,9.15,9.48,695044
2009-09-14,9.43,9.71,9.38,9.69,316714
2009-09-15,9.65,9.8,9.53,9.68,395632
2009-09-16,9.74,9.93,9.65,9.88,753837
2009-09-17,9.88,10.1,9.84,9.96,757902
2009-09-18,9.98,10.09,9.87,9.89,997578
2009-09-21,9.87,10.06,9.81,10.04,366227
2009-09-22,10.08,10.11,9.88,9.89,664946
2009-09-23,9.93,9.99,9.7,9.71,660234
2009-09-24,9.77,9.81,9.35,9.45,645816
2009-09-25,9.4,9.47,9.04,9.2,800758
2009-09-28,9.27,9.37,9.19,9.33,714473
2009-09-29,9.4,9.58,9.32,9.45,887275
2009-09-30,9.43,9.49,9.08,9.19,634541
2009-10-01,9.16,9.21,8.76,8.8,646296
2009-10-02,8.73,8.84,8.62,8.8,1255314
2009-10-05,8.85,9.25,8.75,8.79,529158
2009-10-06,8.85,9.03,8.67,8.98,353379
2009-10-07,8.98,9.18,8.8,8.84,906919
2009-10-08,8.92,9.04,8.44,8.72,973001
2009-10-09,8.69,8.69,8.5,8.69,822147
2009-10-12,8.66,8.76,8.55,8.59,374326
2009-10-13,9.08,9.08,8.54,8.62,761364
2009-10-14,8.67,8.91,8.58,8.88,1178206
2009-10-15,8.85,9.19,8.78,9.12,859935
2009-10-16,9.09,9.14,8.97,8.99,563547
2009-10-19,9.04,9.25,8.91,9.02,584612
2009-10-20,9.05,9.15,8.8,8.85,398051
2009-10-21,8.85,9.05,8.7,8.72,692319
2009-10-22,8.72,8.98,8.71,8.89,441335
2009-10-23,8.89,8.96,8.43,8.64,948841
2009-10-26,8.62,8.79,8.43,8.46,529572
2009-10-27,8.51,8.6,8.33,8.41,865297
2009-10-28,8.37,8.45,8.23,8.26,1007683
2009-10-29,8.28,8.48,8.13,8.19,648844
2009-10-30,8.14,8.18,7.87,7.97,1034002
2009-11-02,8.05,8.27,7.81,7.98,579475
2009-11-03,7.95,8.13,7.84,8.13,548876
2009-11-04,8.12,8.13,7.75,7.83,937052
2009-11-05,7.86,8.25,7.82,8.09,531020
2009-11-06,7.98,7.98,7.56,7.7,1747575
2009-11-09,7.71,7.78,7.56,7.63,892256
2009-11-10,7.59,7.67,7.54,7.58,465228
2009-11-11,7.66,7.93,7.57,7.89,828899
2009-11-12,7.85,8.01,7.8,7.93,872059
2009-11-13,7.98,7.98,7.75,7.91,652248
2009-11-16,8.34,8.34,8.03,8.18,1557573
2009-11-17,8.6,9.42,8.54,9.36,2547954
2009-11-18,9.33,9.37,8.98,9.21,913193
2009-11-19,9.18,9.19,8.73,8.91,999285
2009-11-20,8.89,8.99,8.63,8.66,514199
2009-11-23,8.78,8.9,8.62,8.65,1023182
2009-11-24,8.64,8.69,8.54,8.63,825935
2009-11-25,8.64,8.91,8.62,8.91,944355
2009-11-27,8.65,8.89,8.63,8.63,516459
2009-11-30,8.71,9,8.54,8.98,1120293
2009-12-01,9.04,9.2,9.01,9.11,1962600
2009-12-02,9.11,9.29,9.05,9.06,885785
2009-12-03,9.06,9.21,8.83,8.84,679572
2009-12-04,8.99,9.2,8.93,9.06,835296
2009-12-07,9.03,9.11,8.88,8.9,665953
2009-12-08,8.84,9.02,8.68,8.82,1361430
2009-12-09,8.83,8.86,8.63,8.64,669605
2009-12-10,8.71,8.9,8.68,8.75,702349
2009-12-11,8.76,8.91,8.58,8.84,1092977
2009-12-14,8.86,8.89,8.6,8.89,713237
2009-12-15,8.85,8.9,8.7,8.81,1101799
2009-12-16,8.84,8.86,8.64,8.68,1549035
2009-12-17,8.92,9,8.7,8.83,1870937
2009-12-18,8.89,8.95,8.76,8.93,1733619
2009-12-21,8.98,9.39,8.93,9.37,1358928
2009-12-22,9.37,9.91,9.33,9.88,1523923
2009-12-23,9.9,10.08,9.46,9.57,1743092
2009-12-24,9.62,9.65,9.41,9.57,430820
2009-12-28,9.66,9.75,9.52,9.6,434266
2009-12-29,9.6,9.64,9.5,9.56,576718
2009-12-30,9.56,9.64,9.27,9.56,1072752
2009-12-31,NA,NA,NA,9.41,0
2010-01-04,9.47,9.72,9.47,9.71,567667
2010-01-05,9.73,9.88,9.52,9.69,973465
2010-01-06,9.71,10.14,9.71,10.11,1210349
2010-01-07,10.13,10.3,9.93,10.13,916577
2010-01-08,10.07,10.13,9.88,10.01,646035
2010-01-11,10.08,10.35,9.95,10.31,1119772
2010-01-12,10.15,10.37,10,10.3,1233902
2010-01-13,10.35,10.9,10.24,10.85,1562986
2010-01-14,10.79,11.06,10.72,11.06,1268221
2010-01-15,NA,NA,NA,10.8,0
2010-01-19,10.76,11.15,10.76,11.09,1402521
2010-01-20,11.04,11.46,10.91,11.45,1663719
2010-01-21,11.41,11.49,11.05,11.23,1781253
2010-01-22,11.2,11.22,10.8,10.87,900516
2010-01-25,10.92,10.92,10.66,10.78,679655
2010-01-26,12.2,12.45,11.52,11.56,4637833
2010-01-27,11.55,11.68,11.4,11.5,1488711
2010-01-28,11.5,11.5,11.11,11.13,1819100
2010-01-29,11.22,11.24,10.87,10.94,1462144
2010-02-01,11.01,11.13,10.83,11.04,991700
2010-02-02,11.08,11.27,10.94,11.25,1357209
2010-02-03,11.18,11.28,10.99,11.09,607381
2010-02-04,11.08,11.2,10.5,10.52,954170
2010-02-05,11.61,11.69,10.7,11.18,3124515
2010-02-08,11.22,11.6,11.01,11.37,2145260
2010-02-09,11.56,11.68,11.4,11.43,1175780
2010-02-10,11.43,11.68,11.35,11.67,708159
2010-02-11,11.61,11.76,11.44,11.69,686493
2010-02-12,NA,NA,NA,11.85,0
2010-02-16,11.96,11.97,11.74,11.92,471029
2010-02-17,11.99,12.07,11.76,12,492085
2010-02-18,12.03,12.06,11.77,11.8,365379
2010-02-19,11.81,11.81,11.61,11.7,595908
2010-02-22,11.7,11.7,11.38,11.47,753242
2010-02-23,11.42,11.52,11.13,11.2,641134
2010-02-24,11.26,11.32,10.95,11.18,918180
2010-02-25,11.04,11.24,11.01,11.1,685208
2010-02-26,11.07,11.53,11.07,11.46,927877
2010-03-01,11.35,11.59,11.23,11.57,850453
2010-03-02,11.59,11.99,11.55,11.84,1602885
2010-03-03,11.89,12.1,11.88,11.94,1000682
2010-03-04,11.92,12.13,11.78,11.89,689547
2010-03-05,11.9,12.2,11.9,12.2,712238
2010-03-08,12.16,12.53,12.15,12.45,1537359
2010-03-09,12.88,13.42,12.58,12.92,5085792
2010-03-10,13.01,13.18,12.45,12.56,3327815
2010-03-11,12.71,12.8,11.74,12.64,3960971
2010-03-12,12.73,12.77,12.02,12.21,3351932
2010-03-15,13.97,14.19,13.2,14.01,7351451
2010-03-16,14.02,14.04,13.51,13.62,2857250
2010-03-17,13.6,13.61,13.2,13.33,1862858
2010-03-18,13.37,13.43,13.08,13.31,906069
2010-03-19,13.2,13.3,12.83,12.94,2562960
2010-03-22,12.82,13.28,12.75,13.14,1251984
2010-03-23,13.14,13.22,12.93,13.17,678339
2010-03-24,13.2,13.23,12.97,13,440280
2010-03-25,13.11,13.5,13.04,13.15,1131614
2010-03-26,13.15,13.17,12.81,12.94,756162
2010-03-29,12.97,13.09,12.8,12.92,435682
2010-03-30,12.97,13.14,12.82,13.09,667964
2010-03-31,13.06,13.14,12.9,12.97,700287
2010-04-05,13.27,13.32,13.1,13.26,551673
2010-04-06,13.16,13.38,13.08,13.16,659519
2010-04-07,13.08,13.34,12.96,13.1,875584
2010-04-08,13.03,13.5,12.97,13.49,1145003
2010-04-09,13.5,13.55,13.31,13.4,638224
2010-04-12,13.43,13.5,13.19,13.34,676384
2010-04-13,13.35,13.74,13.25,13.39,447355
2010-04-14,13.47,13.76,13.33,13.75,744610
2010-04-15,13.69,13.87,13.54,13.57,453882
2010-04-16,13.59,13.66,13.17,13.48,895975
2010-04-19,13.41,13.51,12.94,12.96,935133
2010-04-20,12.97,13.26,12.96,13.23,588742
2010-04-21,13.21,13.31,12.98,13.26,982106
2010-04-22,13.2,13.5,12.96,13.4,648633
2010-04-23,13.44,13.48,13.31,13.35,893387
2010-04-26,13.3,13.71,13.15,13.16,839942
2010-04-27,13.45,13.64,13.09,13.09,1320445
2010-04-28,13.18,13.3,13.03,13.21,658055
2010-04-29,13.25,13.56,13.15,13.37,844151
2010-04-30,13.44,13.46,13.1,13.11,788498
2010-05-03,13.1,13.5,13,13.36,675744
2010-05-04,13.21,13.27,12.75,12.78,811352
2010-05-05,12.69,12.85,12.16,12.66,748663
2010-05-06,12.63,12.63,9.81,12,1768064
2010-05-07,11.89,12.05,11.16,11.6,2565081
2010-05-10,11.98,12.2,11.7,11.98,995139
2010-05-11,11.87,12.26,11.69,11.98,1076492
2010-05-12,12.04,12.66,11.91,12.65,851420
2010-05-13,12.59,12.81,12.51,12.61,722385
2010-05-14,12,12.1,11.43,11.6,3117123
2010-05-17,11.61,11.8,11.5,11.74,1757610
2010-05-18,11.86,11.95,11.37,11.41,1133453
2010-05-19,11.41,11.67,11.12,11.4,881822
2010-05-20,11.18,11.36,10.67,10.7,1661326
2010-05-21,10.55,10.95,10.34,10.79,1633078
2010-05-24,10.75,10.95,10.65,10.78,741716
2010-05-25,10.47,11.06,10.05,11.02,1730151
2010-05-26,11.05,11.68,11.05,11.26,1389013
2010-05-27,11.5,11.63,11.27,11.48,647122
2010-05-28,NA,NA,NA,11.36,0
2010-06-01,11.43,11.94,11.43,11.46,990254
2010-06-02,11.46,11.99,11.45,11.94,1537388
2010-06-03,11.93,12.13,11.8,12.11,568621
2010-06-04,11.85,11.92,11.44,11.56,848553
2010-06-07,11.56,11.56,11.02,11.02,640925
2010-06-08,11.05,11.12,10.52,10.88,1005581
2010-06-09,10.93,11.4,10.75,10.9,956360
2010-06-10,11.08,11.26,11.02,11.26,531704
2010-06-11,11.11,11.67,11.03,11.67,484939
2010-06-14,11.8,11.99,11.6,11.62,717266
2010-06-15,11.76,11.76,11.46,11.61,832951
2010-06-16,11.49,11.68,11.43,11.57,348534
2010-06-17,11.65,11.72,11.43,11.56,519987
2010-06-18,12,12.85,12,12.65,3734419
2010-06-21,12.86,12.99,12.55,12.72,923473
2010-06-22,12.79,12.92,12.27,12.32,838885
2010-06-23,12.32,12.53,12.06,12.46,612903
2010-06-24,12.39,12.5,12.13,12.22,576135
2010-06-25,12.24,13.1,11.97,13.09,4408008
2010-06-28,13.08,13.24,12.81,12.95,1189749
2010-06-29,12.79,12.79,12.44,12.56,722820
2010-06-30,12.52,12.7,12.38,12.45,757151
2010-07-01,12.45,12.48,11.9,12.18,810569
2010-07-02,NA,NA,NA,12.32,0
2010-07-06,12.47,12.63,11.93,12.09,802587
2010-07-07,12.17,12.43,11.97,12.38,608584
2010-07-08,12.46,12.64,11.94,12.54,1004988
2010-07-09,12.54,12.95,12.46,12.62,652234
2010-07-12,12.6,12.6,12.22,12.3,548430
2010-07-13,12.49,13.03,12.33,13,1076150
2010-07-14,12.92,13.2,12.8,13.17,1916269
2010-07-15,13.17,13.5,12.96,13.44,841115
2010-07-16,13.31,13.37,12.65,12.75,701237
2010-07-19,12.74,12.95,12.46,12.93,470660
2010-07-20,12.66,12.72,12.39,12.65,936202
2010-07-21,12.7,12.85,12.25,12.29,609950
2010-07-22,12.5,12.93,12.5,12.85,577739
2010-07-23,12.77,13.2,12.47,13.2,679377
2010-07-26,13.26,13.85,13.16,13.58,793067
2010-07-27,13.71,13.8,13.32,13.38,597039
2010-07-28,13.31,13.54,13,13.06,542219
2010-07-29,13.2,13.2,12.47,12.69,798112
2010-07-30,12.49,13.07,12.45,12.9,530957
2010-08-02,13.11,13.38,13.05,13.15,642526
2010-08-03,13.12,13.49,12.99,13.04,692227
2010-08-04,13.07,13.43,13.05,13.13,658048
2010-08-05,13,13.32,12.8,13.01,565926
2010-08-06,12.9,14.23,12.9,14.18,1580990
2010-08-09,14.3,14.46,14.11,14.46,512199
2010-08-10,14.26,14.5,14.14,14.25,631162
2010-08-11,13.98,14.01,13.51,13.67,647678
2010-08-12,13.41,13.75,13.41,13.59,484726
2010-08-13,13.58,13.78,13.58,13.55,419744
2010-08-16,13.45,13.92,13.44,13.64,658854
2010-08-17,13.79,14.02,13.59,13.89,437160
2010-08-18,13.91,14.08,13.68,13.94,501618
2010-08-19,13.85,13.93,13.21,13.51,750121
2010-08-20,13.5,13.82,13.44,13.73,650283
2010-08-23,13.77,13.93,13.31,13.31,572208
2010-08-24,13.16,13.44,13.04,13.27,686748
2010-08-25,13.14,13.52,13.02,13.49,592970
2010-08-26,13.5,13.5,13.25,13.35,445505
2010-08-27,13.54,13.74,13.27,13.71,594404
2010-08-30,13.69,13.75,13.45,13.46,402134
2010-08-31,13.41,13.56,13.22,13.27,527082
2010-09-01,13.51,13.85,13.33,13.73,882917
2010-09-02,13.72,13.96,13.57,13.93,406690
2010-09-03,NA,NA,NA,14.24,0
2010-09-07,14.23,14.3,13.9,13.94,479260
2010-09-08,14.02,14.26,13.79,13.85,790088
2010-09-09,14.07,14.07,13.62,13.72,629809
2010-09-10,13.81,14.15,13.6,13.98,833000
2010-09-13,14.07,14.3,14.02,14.3,847305
2010-09-14,14.61,14.65,14.02,14.1,1105018
2010-09-15,14.03,14.27,13.46,14.22,982831
2010-09-16,14.22,14.22,14.22,14.22,136808
2010-09-17,14.95,15.1,14.6,14.87,4555380
2010-09-20,14.85,15.03,14.71,14.8,1124590
2010-09-21,14.86,14.9,14.6,14.65,627756
2010-09-22,14.65,14.74,14.02,14.07,1090872
2010-09-23,13.97,14.6,13.82,14.28,1146948
2010-09-24,14.5,14.7,14.2,14.62,688311
2010-09-27,14.63,14.69,14.42,14.43,389807
2010-09-28,14.51,14.68,14.3,14.62,495374
2010-09-29,14.54,14.68,14.46,14.58,474552
2010-09-30,14.75,14.84,14.51,14.65,1235220
2010-10-01,15,15.05,14.64,14.79,1967129
2010-10-04,14.81,14.9,14.58,14.68,714757
2010-10-05,14.86,15.02,14.8,14.92,913425
2010-10-06,14.97,15.1,14.91,15.05,1012681
2010-10-07,15.18,15.63,15.15,15.62,1532896
2010-10-08,15.67,15.98,15.5,15.92,1443680
2010-10-11,16,16.03,15.76,15.88,954245
2010-10-12,15.92,16.03,15.52,15.68,1580665
2010-10-13,15.93,16.1,15.53,15.55,3450019
2010-10-14,15.38,15.43,14.91,14.96,1564164
2010-10-15,15.28,15.31,14.62,14.8,1584583
2010-10-18,14.83,15,14.7,14.99,685879
2010-10-19,14.82,14.98,14.41,14.5,1298258
2010-10-20,10.26,11,9.85,10.5,15352122
2010-10-21,10.55,11.11,10.41,11.1,3568184
2010-10-22,11.09,11.09,10.86,11.07,1573497
2010-10-25,10.84,11.16,10.73,10.81,1564204
2010-10-26,10.72,11.07,10.66,10.88,1436499
2010-10-27,10.86,11.48,10.86,11.48,1397542
2010-10-28,11.56,11.56,11.4,11.49,1356851
2010-10-29,11.5,11.63,11.41,11.57,951414
2010-11-01,11.64,11.64,11.25,11.4,924228
2010-11-02,11.51,11.75,11.35,11.75,809575
2010-11-03,11.7,11.91,11.51,11.89,984447
2010-11-04,12.06,12.4,11.75,11.93,773066
2010-11-05,12.49,12.5,11.9,12.1,2569405
2010-11-08,12.04,12.09,11.91,11.91,911820
2010-11-09,11.95,11.95,11.62,11.68,805438
2010-11-10,11.6,11.7,11.49,11.58,865704
2010-11-11,11.44,11.58,11.28,11.36,884695
2010-11-12,11.24,11.34,11.09,11.13,675040
2010-11-15,11.15,11.29,11.06,11.11,490016
2010-11-16,11.01,11.02,10.71,10.74,863415
2010-11-17,10.78,10.83,10.42,10.68,1026197
2010-11-18,10.84,11.24,10.84,10.88,1070830
2010-11-19,10.83,10.92,10.72,10.82,732035
2010-11-22,10.75,10.96,10.6,10.77,554062
2010-11-23,10.63,10.75,10.47,10.65,768780
2010-11-24,NA,NA,NA,10.93,0
2010-11-26,10.79,11,10.76,10.86,224150
2010-11-29,10.77,10.81,10.37,10.66,933258
2010-11-30,10.58,10.61,10.41,10.48,1216977
2010-12-01,10.68,10.9,10.56,10.61,653795
2010-12-02,10.59,10.84,10.53,10.54,670243
2010-12-03,10.5,10.65,10.42,10.61,389659
2010-12-06,10.56,10.92,10.56,10.86,2043600
2010-12-07,10.98,11.34,10.93,11.26,811944
2010-12-08,11.32,11.47,11.21,11.21,477258
2010-12-09,11.31,11.37,11.05,11.11,872990
2010-12-10,11.16,11.29,11.09,11.27,1080934
2010-12-13,11.29,11.43,11.12,11.15,362873
2010-12-14,11.22,11.28,11.08,11.28,401833
2010-12-15,11.24,11.74,11.11,11.52,698492
2010-12-16,11.58,11.79,11.37,11.77,346920
2010-12-17,11.8,12.03,11.58,12.01,1437701
2010-12-20,12.01,12.34,11.98,12.31,769809
2010-12-21,12.31,12.61,12.27,12.57,727286
2010-12-22,12.53,12.57,12.25,12.33,487494
2010-12-23,NA,NA,NA,12.42,0
2010-12-27,12.37,12.5,12.05,12.43,238451
2010-12-28,12.4,12.53,12.37,12.53,442937
2010-12-29,12.53,12.53,12.12,12.35,288023
2010-12-30,12.35,12.47,12.18,12.3,412874
2010-12-31,12.31,12.35,12.21,12.28,315925
2011-01-03,12.32,12.63,12.25,12.55,482512
2011-01-04,12.6,12.72,12.21,12.22,451578
2011-01-05,12.18,12.49,12.18,12.49,500159
2011-01-06,12.46,12.49,12.33,12.46,284894
2011-01-07,12.5,12.61,12.38,12.61,453523
2011-01-10,12.61,12.61,12.35,12.52,515997
2011-01-11,12.53,12.88,12.53,12.77,541027
2011-01-12,12.88,12.88,12.53,12.61,244450
2011-01-13,12.64,12.74,12.56,12.62,383856
2011-01-14,NA,NA,NA,12.77,0
2011-01-18,12.71,13.47,12.65,13.35,1581479
2011-01-19,13.4,13.6,12.77,12.79,1111945
2011-01-20,12.7,12.82,12.51,12.77,1130229
2011-01-21,12.81,12.86,12.4,12.55,980233
2011-01-24,12.56,12.82,12.5,12.66,489323
2011-01-25,12.54,12.98,12.5,12.97,687748
2011-01-26,13.04,13.22,12.92,13.02,600212
2011-01-27,13.15,13.4,13.15,13.3,620386
2011-01-28,13.34,13.36,12.78,12.79,737045
2011-01-31,12.87,13.09,12.71,12.91,473788
2011-02-01,12.95,13.2,12.76,13.08,569676
2011-02-02,13.01,13.16,12.92,12.96,583019
2011-02-03,12.88,13.04,12.78,12.78,619082
2011-02-04,13.43,14.14,13.25,14.03,2547793
2011-02-07,14.05,14.43,13.99,14.07,768260
2011-02-08,14,14,13.62,13.89,788374
2011-02-09,13.9,13.9,13.55,13.63,512358
2011-02-10,13.56,13.67,13.47,13.62,438324
2011-02-11,13.55,13.63,13.42,13.61,309597
2011-02-14,13.55,14.04,13.51,14,835632
2011-02-15,14.03,14.44,14.01,14.21,778879
2011-02-16,14.49,14.59,14.3,14.39,643549
2011-02-17,14.5,14.66,14.33,14.63,538519
2011-02-18,NA,NA,NA,14.62,0
2011-02-22,14.53,14.54,14,14.09,698854
2011-02-23,14.04,14.21,13.84,13.99,513430
2011-02-24,14.04,14.16,13.9,14.01,538344
2011-02-25,13.99,14.11,13.9,14.1,307702
2011-02-28,14.22,14.62,14.11,14.33,544108
2011-03-01,14.41,14.48,13.93,13.94,1078727
2011-03-02,13.91,14.29,13.83,14.1,399736
2011-03-03,12.12,12.58,11.86,12.56,4237773
2011-03-04,12.59,12.63,12.41,12.58,848537
2011-03-07,12.6,12.61,12.28,12.39,609040
2011-03-08,12.37,12.47,12.29,12.44,704805
2011-03-09,12.5,12.55,12.36,12.46,381562
2011-03-10,12.36,12.5,12.25,12.3,574744
2011-03-11,12.28,12.49,12.22,12.4,518607
2011-03-14,12.32,12.5,12.22,12.32,459582
2011-03-15,12.14,12.41,12.05,12.34,716810
2011-03-16,12.36,12.44,12.25,12.27,673758
2011-03-17,12.43,12.6,12.24,12.44,777933
2011-03-18,12.5,12.72,12.28,12.48,2462370
2011-03-21,12.52,12.7,12.31,12.36,494463
2011-03-22,12.35,12.5,12.34,12.37,211082
2011-03-23,12.32,12.38,12.04,12.21,366122
2011-03-24,12.24,12.47,12.15,12.4,266920
2011-03-25,12.47,12.49,12.12,12.14,504099
2011-03-28,12.15,12.26,12.07,12.2,357304
2011-03-29,12.13,12.55,12.13,12.55,359507
2011-03-30,12.59,12.9,12.58,12.77,457004
2011-03-31,12.74,13,12.74,12.95,312521
2011-04-01,13.07,13.27,12.97,13.06,404416
2011-04-04,13.14,13.39,13.03,13.29,476632
2011-04-05,13.23,13.55,13.14,13.33,354438
2011-04-06,13.35,13.39,13.16,13.24,372375
2011-04-07,13.27,13.32,13.18,13.23,276986
2011-04-08,13.33,13.44,12.94,13.07,296353
2011-04-11,13.05,13.48,13.05,13.46,423090
2011-04-12,13.31,14,13.28,13.91,787404
2011-04-13,14,14,13.31,13.57,485041
2011-04-14,13.42,13.47,13.24,13.41,545315
2011-04-15,13.56,14.02,13.56,14,672189
2011-04-18,14.21,14.4,13.76,13.9,651435
2011-04-19,13.98,13.99,13.61,13.79,484850
2011-04-20,13.94,13.97,13.59,13.71,380515
2011-04-21,NA,NA,NA,13.9,0
2011-04-25,13.84,13.91,13.65,13.88,225175
2011-04-26,13.93,14.07,13.79,13.9,462241
2011-04-27,13.88,14,13.79,13.97,284273
2011-04-28,13.92,14.45,13.57,14.44,343059
2011-04-29,14.4,14.75,14.22,14.42,938309
2011-05-02,14.43,14.76,14.43,14.57,311324
2011-05-03,14.58,14.7,14.29,14.46,287924
2011-05-04,14.42,14.5,13.8,13.82,690824
2011-05-05,13.71,14.32,13.68,14.11,494049
2011-05-06,14.17,14.71,14.16,14.47,508248
2011-05-09,15.21,15.45,14.42,15.19,4474772
2011-05-10,15.74,16.17,15.25,15.98,2490998
2011-05-11,15.97,16.43,15.78,16.39,1384603
2011-05-12,16.13,17.05,16.13,17.02,2062939
2011-05-13,17.48,18.05,17.4,17.76,2722008
2011-05-16,17.77,18.09,17.67,18.03,1708859
2011-05-17,17.99,18.19,17.84,18.09,1576842
2011-05-18,18.05,18.12,17.71,17.95,1515556
2011-05-19,17.21,18.19,17.06,18.12,2576166
2011-05-20,18.04,18.77,17.97,18.1,1702157
2011-05-23,17.86,18.1,17.73,18.01,1081254
2011-05-24,18.2,18.28,17.75,17.82,888430
2011-05-25,17.8,17.96,17.57,17.91,1129595
2011-05-26,17.96,18.06,17.67,17.98,825771
2011-05-27,NA,NA,NA,18.16,0
2011-05-31,18.16,18.35,18,18.32,1392082
2011-06-01,18.13,18.3,17.87,17.87,1207124
2011-06-02,17.8,18.15,17.76,18.08,767193
2011-06-03,17.84,17.99,17.66,17.67,445368
2011-06-06,17.99,18.03,17.68,17.83,712974
2011-06-07,17.98,18.25,17.81,18.09,845399
2011-06-08,18,18.23,17.8,17.88,595681
2011-06-09,17.88,18.08,17.71,17.91,407698
2011-06-10,17.82,17.9,17.17,17.24,580990
2011-06-13,17.27,17.45,16.93,17.05,745786
2011-06-14,17.19,17.32,16.95,17.01,686145
2011-06-15,16.84,17.16,16.6,16.67,807405
2011-06-16,16.63,16.92,16.44,16.69,661471
2011-06-17,16.76,16.87,16.48,16.61,1140475
2011-06-20,16.57,17.48,16.57,17.04,776487
2011-06-21,17.58,17.7,17.15,17.49,559633
2011-06-22,17.36,17.63,17.22,17.42,679198
2011-06-23,17.37,17.64,17.26,17.57,868554
2011-06-24,17.6,17.75,17.06,17.31,3017860
2011-06-27,17.25,17.81,17.13,17.77,741157
2011-06-28,17.71,18,17.57,17.97,589503
2011-06-29,17.94,17.98,17.62,17.92,617913
2011-06-30,18,18.64,17.9,18.6,1496760
2011-07-01,NA,NA,NA,19.04,0
2011-07-05,18.98,19.05,18.72,18.88,742352
2011-07-06,18.91,18.96,18.46,18.7,412185
2011-07-07,18.84,19.41,18.7,19.23,799757
2011-07-08,19.56,20,19.18,19.52,1622996
2011-07-11,19.42,19.52,18.85,18.96,925309
2011-07-12,18.89,19.59,18.89,19.22,777200
2011-07-13,19.78,19.88,19.15,19.24,1158915
2011-07-14,19.29,19.62,18.9,19.09,549728
2011-07-15,19.08,19.36,19.08,19.27,1394785
2011-07-18,19.14,19.48,18.48,18.92,1565282
2011-07-19,19.04,19.22,18.58,18.97,780630
2011-07-20,18.92,18.95,18.48,18.56,750345
2011-07-21,18.7,19.07,18.69,18.85,596438
2011-07-22,18.8,18.95,18.42,18.57,776250
2011-07-25,18.39,18.5,18.15,18.16,440163
2011-07-26,18.24,18.34,18,18.07,364046
2011-07-27,17.94,18,17.52,17.55,688589
2011-07-28,17.65,17.91,17.32,17.37,492545
2011-07-29,17.29,17.41,17.04,17.24,592462
2011-08-01,17.32,17.39,16.55,16.92,1024689
2011-08-02,16.91,17.56,16.21,16.43,1204269
2011-08-03,15.83,16.59,15.48,16,1436278
2011-08-04,15.92,16.03,14.8,14.82,1644321
2011-08-05,14.9,15.78,14.5,15.58,1454362
2011-08-08,15.16,15.56,14.11,14.12,2145402
2011-08-09,0,0,13.48,14.74,2344437
2011-08-10,14.47,15.81,13.6,13.91,1689116
2011-08-11,14.01,14.66,13.69,14.39,922991
2011-08-12,14.56,14.73,14.04,14.67,697265
2011-08-15,14.81,14.97,14.62,14.85,599430
2011-08-16,14.67,14.85,14.15,14.58,1214044
2011-08-17,14.61,14.97,14.53,14.87,801730
2011-08-18,14.4,14.49,14.13,14.3,1048563
2011-08-19,14.04,14.85,14.04,14.78,1199324
2011-08-22,15.02,15.24,14.45,14.63,1403032
2011-08-23,15.13,15.56,14.75,15.56,1151488
2011-08-24,15.49,15.98,15.26,15.88,967988
2011-08-25,15.92,15.98,15.44,15.47,790449
2011-08-26,15.33,15.96,15.1,15.93,482136
2011-08-29,16.12,16.37,15.9,16.33,667582
2011-08-30,16.4,17.52,16.36,17.37,1531016
2011-08-31,17.48,17.67,17.22,17.34,1026495
2011-09-01,17.7,17.7,16.69,16.97,1104502
2011-09-02,NA,NA,NA,16.56,0
2011-09-06,16.14,16.57,16,16.55,800566
2011-09-07,16.76,17.25,16.57,17.06,545705
2011-09-08,16.97,17.44,16.76,16.86,452182
2011-09-09,16.73,16.73,15.92,16.24,630978
2011-09-12,16.01,16.38,15.75,16.25,578191
2011-09-13,16.25,16.25,15.78,16.08,813458
2011-09-14,16,16.57,15.7,16.18,750845
2011-09-15,16.24,16.56,16.07,16.52,430833
2011-09-16,NA,NA,NA,16.57,0
2011-09-19,NA,NA,NA,16.29,0
2011-09-20,16.5,16.88,16.12,16.18,281804
2011-09-21,16.22,16.47,15.5,15.53,687189
2011-09-22,15.11,15.55,14.89,15.01,905465
2011-09-23,14.99,15.66,14.99,15.55,464620
2011-09-26,15.89,16.23,15.44,15.96,631877
2011-09-27,16.09,16.41,15.79,16.06,641454
2011-09-28,16.1,16.2,15.5,15.55,675005
2011-09-29,15.86,16.01,14.91,15.37,682841
2011-09-30,15.19,15.51,15.09,15.25,672876
2011-10-03,14.83,15.3,13.91,13.98,1812687
2011-10-04,13.78,14.56,13.69,14.51,1652369
2011-10-05,14.52,14.69,14.22,14.6,724566
2011-10-06,14.59,14.96,14.38,14.91,693860
2011-10-07,14.96,14.96,14.53,14.56,801538
2011-10-10,14.82,15.37,14.75,15.36,755932
2011-10-11,15.18,15.46,15,15.27,339895
2011-10-12,15.45,15.7,15.12,15.16,889896
2011-10-13,15.14,15.78,15.11,15.75,761006
2011-10-14,15.92,16.54,15.77,16.45,1345512
2011-10-17,16.21,16.4,15.87,16.13,1212098
2011-10-18,16,16.54,15.78,16.45,812809
2011-10-19,16.44,16.7,16.11,16.31,759676
2011-10-20,16.37,16.72,15.98,16.46,713204
2011-10-21,16.7,17.2,16.39,17.17,695200
2011-10-24,17.19,17.2,16.93,17.16,549066
2011-10-25,17.06,17.17,16.56,16.6,582673
2011-10-26,16.72,17.22,16.42,17.11,780318
2011-10-27,17.52,17.84,17.1,17.64,1068642
2011-10-28,17.72,18.1,17.59,18.03,1119993
2011-10-31,17.86,18.03,17.48,17.49,852255
2011-11-01,17.03,17.29,16.76,16.87,1062225
2011-11-02,17.12,17.52,16.54,17.47,1005181
2011-11-03,17.38,17.38,16.62,16.94,1606855
2011-11-04,16.72,16.73,15.89,16.12,1489658
2011-11-07,16.06,16.06,15.55,15.92,718204
2011-11-08,15.54,16.16,15.45,16.11,1156363
2011-11-09,15.79,16.12,15.5,15.78,1034476
2011-11-10,15.98,16.07,15.34,15.45,549484
2011-11-11,15.62,15.97,15.55,15.93,796302
2011-11-14,15.86,16.05,15.86,16,713781
2011-11-15,16,16.24,15.89,16.07,910874
2011-11-16,15.95,16.02,15.5,15.52,728747
2011-11-17,15.53,15.68,15.07,15.21,602572
2011-11-18,15.22,15.44,14.97,15,462198
2011-11-21,14.76,15.02,14.54,14.89,687005
2011-11-22,14.83,15.13,14.69,14.97,894632
2011-11-23,14.86,14.97,14.32,14.32,818988
2011-11-25,14.31,14.31,13.88,13.88,281149
2011-11-28,14.22,14.55,14.04,14.55,868685
2011-11-29,14.58,14.7,14.31,14.36,845809
2011-11-30,14.86,15.32,14.8,15.29,928129
2011-12-01,15.31,15.59,15.17,15.41,539449
2011-12-02,15.61,15.61,14.82,14.86,617436
2011-12-05,15.5,15.65,15.1,15.65,777369
2011-12-06,15.65,15.98,15.5,15.74,825695
2011-12-07,15.7,15.86,15.39,15.75,696869
2011-12-08,15.62,15.77,15.04,15.06,735241
2011-12-09,15.13,15.93,14.88,15.83,719634
2011-12-12,15.63,15.79,15.28,15.56,508018
2011-12-13,15.69,15.94,15.25,15.37,823584
2011-12-14,15.21,15.44,15.11,15.18,682049
2011-12-15,15.4,15.7,15.25,15.57,571538
2011-12-16,15.73,15.94,15.46,15.68,1274917
2011-12-19,15.78,16.06,15.61,15.74,1289206
2011-12-20,16,16.8,15.54,16.79,1222064
2011-12-21,16.72,17.2,16.5,17.19,1017873
2011-12-22,17.27,17.65,17.13,17.38,769330
2011-12-23,17.42,17.62,17.32,17.54,396951
2011-12-27,17.52,17.92,17.42,17.68,560684
2011-12-28,17.6,17.77,17.17,17.2,529646
2011-12-29,17.33,17.76,17.3,17.44,505477
2011-12-30,17.41,17.58,17.32,17.36,422529
2012-01-03,17.71,17.86,17.28,17.34,660263
2012-01-04,17.32,17.67,17.16,17.2,475049
2012-01-05,17.05,17.27,16.87,16.98,652314
2012-01-06,16.99,17.06,16.72,16.74,334501
2012-01-09,16.7,17.48,16.7,17.4,1263593
2012-01-10,17.67,18.16,17.39,18.08,1424628
2012-01-11,18.12,18.2,17.64,18.14,800913
2012-01-12,18.14,18.4,17.82,18.18,623737
2012-01-13,17.88,18.24,17.74,18.16,541017
2012-01-17,18.31,18.62,18.31,18.48,690773
2012-01-18,18.36,18.69,18.27,18.6,635422
2012-01-19,18.63,18.73,18.08,18.22,1484651
2012-01-20,18.11,18.26,17.8,18.02,519785
2012-01-23,18.04,18.1,17.64,17.69,556548
2012-01-24,17.64,17.95,17.56,17.95,968308
2012-01-25,18.11,19.13,18.03,19.05,3167559
2012-01-26,19.08,19.28,18.87,19.28,1475104
2012-01-27,19.04,19.27,18.86,19.1,721659
2012-01-30,19.79,19.87,18.81,18.86,2444622
2012-01-31,18.91,18.99,18.41,18.81,1328300
2012-02-01,18.99,19.09,18.56,18.73,1415538
2012-02-02,18.99,19.18,18.75,19,1560147
2012-02-03,19.53,19.53,18.89,19.15,1538717
2012-02-06,18.99,19.57,18.81,19.5,1045632
2012-02-07,19.46,19.47,19.08,19.26,774978
2012-02-08,19.2,19.38,18.66,18.88,820030
2012-02-09,18.99,19.05,18.44,18.47,572679
2012-02-10,18.33,18.33,17.9,17.98,801264
2012-02-13,18.14,18.76,18.05,18.76,739739
2012-02-14,18.6,18.69,18.36,18.49,571940
2012-02-15,18.62,18.74,18.25,18.33,582878
2012-02-16,18.38,18.76,18.24,18.57,573595
2012-02-17,18.5,18.57,18.12,18.38,405981
2012-02-21,18.43,18.46,17.66,17.7,543255
2012-02-22,17.61,17.7,17.11,17.28,774638
2012-02-23,17.33,17.7,17.2,17.58,530312
2012-02-24,17.59,17.62,17.09,17.29,591421
2012-02-27,17.16,17.41,16.91,17.17,529860
2012-02-28,17.23,17.72,17.13,17.59,652230
2012-02-29,17.61,17.99,17.38,17.66,1154781
2012-03-01,17.76,17.88,17.26,17.46,598011
2012-03-02,17.42,17.63,17.25,17.27,550167
2012-03-05,17.34,17.34,16.76,17.1,755308
2012-03-06,17.01,17.3,16.94,17.25,715605
2012-03-07,17.27,17.47,16.94,17.3,502346
2012-03-08,16.79,17.61,16.65,17.25,10585645
2012-03-09,17.25,17.49,17,17.21,1600226
2012-03-12,17.29,17.46,16.87,17.09,1046880
2012-03-13,17.24,17.46,17.12,17.31,1047138
2012-03-14,17.24,17.4,16.99,17.08,751450
2012-03-15,17.05,17.15,16.89,16.89,766792
2012-03-16,16.86,17.03,16.5,16.74,1448658
2012-03-19,16.71,16.95,16.64,16.79,615307
2012-03-20,16.69,16.72,16.09,16.14,1954652
2012-03-21,16.21,16.43,16.13,16.19,885216
2012-03-22,16.14,16.59,16.06,16.58,981715
2012-03-23,16.59,16.59,16.16,16.48,840539
2012-03-26,16.6,17.13,16.58,17.02,1020787
2012-03-27,17,17.27,16.79,16.98,741591
2012-03-28,17.76,18.17,17.34,17.91,2867339
2012-03-29,17.72,18.49,17.69,18.39,1984415
2012-03-30,18.41,18.7,18.33,18.55,1674719
2012-04-02,18.38,18.63,18.09,18.62,1532328
2012-04-03,18.52,18.64,18.22,18.41,914653
2012-04-04,18.19,18.53,18.19,18.47,1046605
2012-04-05,18.32,18.84,18.32,18.64,1878250
2012-04-09,18.29,18.45,18.07,18.17,1018001
2012-04-10,18.11,18.19,17.59,17.61,981216
2012-04-11,18.07,18.07,17.61,17.73,757784
2012-04-12,17.79,18.12,17.66,17.99,1023661
2012-04-13,17.9,18.07,17.5,17.56,632799
2012-04-16,17.7,17.7,17.2,17.47,613023
2012-04-17,17.49,18.09,17.48,17.68,874242
2012-04-18,17.57,17.73,17.26,17.31,840895
2012-04-19,17.39,17.7,17.15,17.23,902241
2012-04-20,17.53,17.71,17.2,17.56,753590
2012-04-23,17.47,17.49,17.06,17.34,658035
2012-04-24,17.34,17.79,17.16,17.58,872738
2012-04-25,17.8,17.98,17.55,17.9,771402
2012-04-26,17.91,17.93,17.46,17.65,606057
2012-04-27,17.63,18.01,17.57,17.88,760908
2012-04-30,17.94,17.97,17.19,17.3,1131385
2012-05-01,17.4,17.96,17.27,17.6,1206260
2012-05-02,17.45,18.39,17.44,18.37,1454005
2012-05-03,18.39,18.58,18.01,18.35,1178084
2012-05-04,18.2,18.5,17.93,18.07,1733634
2012-05-07,18,18.48,17.89,18.31,1053588
2012-05-08,18.13,18.29,17.66,17.79,1232123
2012-05-09,17.64,17.85,17.36,17.57,1209794
2012-05-10,17.73,17.97,17.6,17.96,1065602
2012-05-11,17.75,18.3,17.6,18.09,1147238
2012-05-14,17.99,18.23,17.8,17.98,699041
2012-05-15,17.93,18.18,17.92,17.99,748149
2012-05-16,18.01,18.24,17.94,18.22,907884
2012-05-17,18.27,18.44,16.63,16.71,2996215
2012-05-18,16.7,17.24,16.23,16.42,1276637
2012-05-21,16.41,16.68,16.32,16.55,1224357
2012-05-22,16.55,16.64,16.18,16.22,1322451
2012-05-23,16.05,16.15,15.85,15.94,1731334
2012-05-24,16.03,16.14,15.71,15.95,1123789
2012-05-25,15.88,16.21,15.7,16.14,1042883
2012-05-29,16.2,16.74,16.06,16.58,1711655
2012-05-30,16.37,16.39,16.04,16.06,1211530
2012-05-31,16.03,16.22,15.59,15.62,1905405
2012-06-01,15.38,15.52,14.82,15.12,2538337
2012-06-04,15.13,15.45,15.05,15.27,1356615
2012-06-05,15.24,15.46,15.17,15.3,1266168
2012-06-06,15.44,15.66,15.33,15.6,1278629
2012-06-07,15.82,15.91,15.15,15.16,813849
2012-06-08,15.13,15.6,15.02,15.39,930844
2012-06-11,15.58,15.93,15.41,15.75,2408686
2012-06-12,15.89,15.97,15.52,15.89,1053517
2012-06-13,15.82,16.2,15.67,15.88,1262100
2012-06-14,15.81,16.09,15.64,16.01,1053114
2012-06-15,15.99,16.01,15.65,15.68,1761030
2012-06-18,15.57,16.39,15.46,16.27,1410947
2012-06-19,16.4,16.7,16.21,16.64,1436053
2012-06-20,16.56,16.65,16.15,16.15,923990
2012-06-21,16.21,16.38,15.78,15.89,1035517
2012-06-22,16.05,16.34,15.82,16.15,4964043
2012-06-25,16.06,16.28,15.78,16.2,1193066
2012-06-26,16.2,16.29,15.69,15.96,829631
2012-06-27,16,16.61,15.84,16.56,953631
2012-06-28,16.46,16.51,16.04,16.32,726181
2012-06-29,16.64,17,16.57,16.97,917983
2012-07-02,17.14,17.91,17.14,17.56,2407768
2012-07-03,17.62,18.03,17.48,17.88,968545
2012-07-05,17.89,18.13,17.58,17.75,835787
2012-07-06,17.56,17.79,17.43,17.69,923322
2012-07-09,17.7,17.76,17.35,17.48,988578
2012-07-10,17.5,17.75,17.42,17.44,922148
2012-07-11,17.5,17.56,17.09,17.38,1392092
2012-07-12,17.28,17.47,16.97,17.22,1246573
2012-07-13,17.33,17.47,17.18,17.27,569222
2012-07-16,17.3,17.4,17,17.3,659940
2012-07-17,17.31,17.5,17.01,17.49,1155642
2012-07-18,17.84,18.15,17.65,18.13,2429795
2012-07-19,18.24,18.81,18.16,18.78,2719212
2012-07-20,18.5,19.05,18.45,18.85,2017692
2012-07-23,18.49,18.83,18.25,18.72,1377550
2012-07-24,18.71,18.83,18.43,18.55,1041849
2012-07-25,18.76,18.82,18.5,18.79,1290985
2012-07-26,19.25,19.25,18.45,18.79,2570188
2012-07-27,18.77,19.99,18.57,19.53,2449422
2012-07-30,19.5,19.59,19.01,19.03,1177820
2012-07-31,19.28,19.38,18.55,18.59,1185973
2012-08-01,18.58,18.97,18.2,18.21,1021747
2012-08-02,18.15,18.24,17.78,18.2,804980
2012-08-03,18.54,18.74,18.06,18.11,890920
2012-08-06,18.18,18.5,17.91,18.13,920604
2012-08-07,18.18,18.18,17.79,17.99,806050
2012-08-08,17.87,18.02,17.53,17.68,1031236
2012-08-09,17.7,17.78,17.5,17.54,549957
2012-08-10,17.54,17.85,17.45,17.66,520079
2012-08-13,17.6,17.7,17.46,17.68,560460
2012-08-14,17.71,18.13,17.68,17.78,790605
2012-08-15,17.69,18.08,17.67,18.08,554518
2012-08-16,18.03,18.31,17.76,17.83,535127
2012-08-17,17.79,17.87,17.57,17.85,625253
2012-08-20,17.83,18.56,17.62,18.34,1432483
2012-08-21,18.35,18.68,18.11,18.22,995704
2012-08-22,18.13,18.2,17.81,17.93,583212
2012-08-23,17.9,17.97,17.65,17.71,776933
2012-08-24,17.63,18.1,17.63,17.94,439245
2012-08-27,18.02,18.1,17.57,17.8,883041
2012-08-28,17.81,18.35,17.75,18.34,998871
2012-08-29,18.31,18.71,18.18,18.59,1146572
2012-08-30,18.47,18.56,18.23,18.53,806166
2012-08-31,18.65,18.65,18.24,18.35,492453
2012-09-04,18.3,18.5,18.2,18.39,766478
2012-09-05,18.36,18.5,18.26,18.41,723932
2012-09-06,18.48,19.01,18.39,18.99,682198
2012-09-07,19,19.05,18.84,18.99,674302
2012-09-10,18.93,19.2,18.81,18.94,456414
2012-09-11,18.91,18.97,18.67,18.77,369876
2012-09-12,18.8,19.04,18.56,18.73,489501
2012-09-13,18.69,19.03,18.52,18.91,667467
2012-09-14,19,19.25,18.96,19.15,737628
2012-09-17,19.14,19.5,19.02,19.49,657359
2012-09-18,19.59,20,19.38,19.6,1104218
2012-09-19,19.59,19.75,19.46,19.64,1036679
2012-09-20,19.48,20.26,19.47,19.98,1117776
2012-09-21,20.21,20.77,20.1,20.52,2894236
2012-09-24,20.5,21,20.36,20.87,1569598
2012-09-25,21,21.12,20.41,20.44,1469392
2012-09-26,20.88,20.95,20.34,20.54,1328296
2012-09-27,20.68,20.83,20.48,20.66,1320172
2012-09-28,20.53,20.97,20.51,20.75,743547
2012-10-01,20.81,20.98,20.32,20.64,1059001
2012-10-02,20.78,20.88,20.56,20.63,587878
2012-10-03,20.7,20.85,20.44,20.61,673952
2012-10-04,20.61,20.74,20.33,20.51,621705
2012-10-05,20.55,20.96,20.55,20.88,477917
2012-10-08,20.73,20.76,20.43,20.55,310714
2012-10-09,20.58,20.63,19.61,20.01,1332757
2012-10-10,20.01,20.01,19.18,19.3,750742
2012-10-11,19.39,19.55,19.04,19.12,1119634
2012-10-12,19.26,19.38,19.08,19.22,599707
2012-10-15,19.23,19.51,19.1,19.45,781831
2012-10-16,19.57,19.88,19.46,19.88,764467
2012-10-17,19.9,20.08,19.71,19.74,659523
2012-10-18,19.75,20,19.42,19.42,819394
2012-10-19,19.26,19.26,18.52,18.76,1097509
2012-10-22,18.67,18.71,18.19,18.4,778147
2012-10-23,18.28,19.19,18,18.31,536918
2012-10-24,18.37,18.64,18.01,18.08,493447
2012-10-25,18.19,18.47,18.06,18.36,436888
2012-10-26,18.67,19.26,18.57,18.84,889958
2012-10-31,18.8,18.99,18.4,18.52,1070933
2012-11-01,18.84,19.6,18.8,19.5,1360150
2012-11-02,19.62,19.91,19.27,19.28,968730
2012-11-05,19.26,20.05,19.26,20.04,907127
2012-11-06,20.09,20.69,20.03,20.61,1305422
2012-11-07,20.3,20.5,19.85,19.95,1315568
2012-11-08,20.03,20.19,19.63,19.77,684981
2012-11-09,19.64,20.35,19.35,20.24,1206160
2012-11-12,20.25,20.51,20.03,20.28,607230
2012-11-13,19.46,20.36,19.35,20.19,580162
2012-11-14,20.2,20.34,19.4,19.47,731372
2012-11-15,19.46,19.52,18.64,18.96,1062193
2012-11-16,18.94,19.58,18.6,19.49,976943
2012-11-19,19.71,19.96,19.28,19.93,818116
2012-11-20,20.01,20.19,19.78,19.86,1021115
2012-11-21,19.88,20,19.56,19.71,590298
2012-11-23,19.81,19.94,19.52,19.84,329109
2012-11-26,19.85,20.03,19.76,19.97,1033964
2012-11-27,19.89,19.98,19.65,19.66,699197
2012-11-28,19.54,19.8,18.93,19.46,875253
2012-11-29,19.67,19.75,19.42,19.7,675560
2012-11-30,19.71,19.81,19.14,19.31,1386901
2012-12-03,19.57,19.99,19.51,19.6,1371305
2012-12-04,19.68,19.89,19.59,19.6,728126
2012-12-05,19.71,19.76,18.84,18.86,1014671
2012-12-06,18.9,18.99,18.51,18.82,988656
2012-12-07,18.94,18.97,18.6,18.68,614626
2012-12-10,18.67,19,18.67,19,727229
2012-12-11,19.18,19.47,18.95,19.39,636948
2012-12-12,19.4,19.79,19.01,19.07,533657
2012-12-13,19.03,19.03,18.61,18.82,526976
2012-12-14,18.72,19,18.7,18.95,484013
2012-12-17,19.02,19.38,18.95,19.34,489569
2012-12-18,19.36,19.41,19.14,19.29,720895
2012-12-19,19.27,19.39,19.12,19.26,344262
2012-12-20,19.21,19.52,19.19,19.32,490014
2012-12-21,19.17,19.59,19.04,19.27,1374782
2012-12-24,19.23,19.27,18.76,19.22,197880
2012-12-26,19.23,19.29,18.91,19.08,404694
2012-12-27,19.06,19.31,18.47,18.81,466544
2012-12-28,18.66,18.99,18.49,18.52,479183
2012-12-31,18.51,18.55,18.21,18.52,916415
2013-01-02,19,19.3,18.64,19.28,1011973
2013-01-03,19.23,20,19,19.92,993614
2013-01-04,20,20.4,19.9,20.32,934582
2013-01-07,20.2,21.58,20.09,21.2,1966797
2013-01-08,21.11,21.24,20.95,21.13,934817
2013-01-09,21.47,22.07,21.35,21.61,1967000
2013-01-10,22.5,22.5,21.63,21.77,1591792
2013-01-11,21.92,22.19,21.8,21.9,1014425
2013-01-14,21.89,22.3,21.73,22.1,1184385
2013-01-15,22.32,22.65,22.01,22.34,1078310
2013-01-16,22.48,22.48,22.02,22.19,1193242
2013-01-17,22.22,22.23,21.95,22.12,1196221
2013-01-18,22.17,22.45,22.13,22.41,824276
2013-01-22,22.23,22.52,22.12,22.5,983629
2013-01-23,22.31,22.31,21.63,21.68,1065071
2013-01-24,21.72,22.1,21.54,21.8,797256
2013-01-25,21.9,22.08,21.8,22.02,735746
2013-01-28,22.1,22.31,21.83,22.19,817140
2013-01-29,22.11,22.47,22.09,22.44,786240
2013-01-30,22.36,22.55,21.62,21.92,1336003
2013-01-31,22.6,23.36,21.56,23.06,2686779
2013-02-01,21.42,22.07,21.01,21.76,5891241
2013-02-04,21.72,22.05,21.52,21.65,1639347
2013-02-05,21.83,21.94,21.53,21.84,1166309
2013-02-06,21.67,21.8,21.14,21.43,1740044
2013-02-07,21.49,21.79,20.81,21.1,1186193
2013-02-08,21.2,21.27,20.72,21.06,1402602
2013-02-11,21.15,21.39,20.83,21.05,1236645
2013-02-12,21.11,21.19,20.86,21.15,816220
2013-02-13,21.28,21.63,21.23,21.58,1339714
2013-02-14,21.49,21.62,21.16,21.44,669191
2013-02-15,21.63,21.63,21.16,21.19,650124
2013-02-19,21.19,21.28,20.86,21.24,966619
2013-02-20,21.31,21.71,21.01,21.56,1437762
2013-02-21,21.56,21.79,20.49,20.68,1926185
2013-02-22,20.84,20.97,20.68,20.81,801605
2013-02-25,20.77,20.87,20.35,20.36,992358
2013-02-26,20.52,20.7,19.77,20.55,1388069
2013-02-27,20.59,21.36,20.27,21.2,1131024
2013-02-28,21.06,21.93,21.06,21.72,1497584
2013-03-01,21.44,21.94,21.31,21.87,994088
2013-03-04,21.88,22.55,21.8,22.52,1063896
2013-03-05,22.68,22.88,22.26,22.42,1322530
2013-03-06,22.48,22.66,22.35,22.49,1068463
2013-03-07,22.56,22.64,22.28,22.54,547726
2013-03-08,22.22,22.91,22.22,22.87,958456
2013-03-11,22.74,23.21,22.74,23.18,866908
2013-03-12,23.12,23.15,22.78,22.96,716426
2013-03-13,22.93,23,22.66,22.8,751088
2013-03-14,22.77,23.18,22.71,23.17,708486
2013-03-15,23.16,23.22,22.74,22.75,2295835
2013-03-18,22.54,22.9,22.42,22.69,622743
2013-03-19,22.79,23.08,22.45,22.66,575581
2013-03-20,22.73,22.92,22.55,22.83,510826
2013-03-21,22.68,22.92,22.33,22.43,686727
2013-03-22,22.57,22.74,22.41,22.72,675593
2013-03-25,22.81,22.86,22.44,22.61,452908
2013-03-26,22.87,23.5,22.76,23.46,1391593
2013-03-27,23.33,23.86,23.25,23.81,1498285
2013-03-28,23.92,24.02,23.6,23.7,894170
2013-04-01,23.61,23.77,22.86,23.08,1053993
2013-04-02,23.16,24.04,23,23.86,1419543
2013-04-03,23.85,23.86,23.14,23.18,938083
2013-04-04,23.4,23.4,22.41,22.74,1151080
2013-04-05,22.33,22.5,22.17,22.35,777203
2013-04-08,22.45,22.7,22.35,22.67,636367
2013-04-09,22.67,23.16,22.63,22.96,796761
2013-04-10,23.1,23.8,23.1,23.8,1153247
2013-04-11,23.65,24.39,23.65,24.33,1225888
2013-04-12,24.27,25.21,24.16,24.99,1856051
2013-04-15,24.91,25.05,24.26,24.49,1859306
2013-04-16,24.69,25.65,24.42,25.6,1919701
2013-04-17,28.19,30.29,27.48,29.72,7282364
2013-04-18,29.25,30.75,28.44,29.2,3273310
2013-04-19,29.08,31.59,29,31.27,2490677
2013-04-22,30.38,31.39,30.35,31,2551208
2013-04-23,31.24,32.3,31,31.71,1872342
2013-04-24,31.78,32.01,31.25,31.27,1315271
2013-04-25,31.46,32.32,31.32,31.92,988467
2013-04-26,31.1,31.78,30.75,31.4,1586719
2013-04-29,31.48,31.75,30.98,31.16,1062049
2013-04-30,31.05,31.11,30.34,30.61,1399610
2013-05-01,30.42,30.73,29.43,29.49,2571278
2013-05-02,29.73,30.24,29.51,29.89,1255985
2013-05-03,30.32,30.59,29.83,29.87,710806
2013-05-06,29.82,29.99,29.27,29.85,629427
2013-05-07,29.83,30.05,29.5,29.78,972743
2013-05-08,29.7,30.11,29.37,29.85,1015140
2013-05-09,29.83,30.19,29.71,29.91,1464805
2013-05-10,29.99,31.35,29.78,31.2,1196278
2013-05-13,31.13,31.77,31.06,31.47,1241519
2013-05-14,31.42,31.77,31.29,31.35,940722
2013-05-15,31.35,31.48,30.92,31.13,675693
2013-05-16,31.13,31.19,30.19,30.33,932098
2013-05-17,30.31,31.78,29.86,31.69,1388390
2013-05-20,31.59,33.04,31,31.04,2245005
2013-05-21,30.56,32.34,30.38,31.98,1294347
2013-05-22,31.95,32.95,31.41,31.75,1550166
2013-05-23,30.1,33.17,28.59,33,2452706
2013-05-24,32.25,34.3,32,32.84,2174934
2013-05-28,33.34,33.97,32.93,33.72,1264530
2013-05-29,33.9,34.23,32.45,33.02,1266447
2013-05-30,33.06,33.61,33.05,33.59,934236
2013-05-31,34,34.18,31.24,31.25,2136255
2013-06-03,30.47,31.49,29.54,31.02,2067757
2013-06-04,30.97,31.16,29.4,29.54,1410654
2013-06-05,29.55,30.42,29.21,29.32,1303264
2013-06-06,29.34,31.28,29.15,31.2,1289693
2013-06-07,31.45,31.62,30.37,31.05,1126816
2013-06-10,31.05,31.05,30.23,30.54,612409
2013-06-11,30.28,30.84,29.89,30.34,717357
2013-06-12,30.57,30.82,29.47,29.5,1039857
2013-06-13,29.36,29.77,27.72,29.49,1735094
2013-06-14,29.53,30.19,28.62,29.4,1783784
2013-06-17,29.76,30.22,28.74,28.77,1178802
2013-06-18,28.96,30.2,28.77,29.91,1198194
2013-06-19,29.82,30.04,28.8,28.91,814139
2013-06-20,28.49,28.6,26.83,27,1443710
2013-06-21,27.16,27.49,26.74,27.21,2535118
2013-06-24,26.56,27.34,26.47,27.09,1247446
2013-06-25,27.44,27.78,26.92,27.36,1198562
2013-06-26,27.68,29.07,27.39,28.72,1447057
2013-06-27,28.97,29.08,28.46,28.97,1153532
2013-06-28,28.81,29.62,28.66,28.68,15155045
2013-07-01,28.96,30.28,28.7,29.5,1691917
2013-07-02,29.54,30.14,29.22,29.36,1125065
2013-07-03,29.03,29.88,28.65,29.21,2130049
2013-07-05,29.37,29.44,28.62,29.2,934329
2013-07-08,29.32,29.37,27.72,28.66,1485260
2013-07-09,28.84,29.68,28.68,29.6,1013950
2013-07-10,29.71,29.83,29.28,29.63,725532
2013-07-11,30.17,30.32,29.8,30.09,704042
2013-07-12,29.93,30.75,29.63,30.57,696769
2013-07-15,30.55,30.88,30.05,30.63,964204
2013-07-16,30.49,30.97,29.54,29.63,869301
2013-07-17,29.78,31.25,29.71,31.07,1756371
2013-07-18,31.05,31.58,30.28,30.31,1327108
2013-07-19,29.99,31.39,29.89,31.18,865611
2013-07-22,31.37,31.38,30.85,31.05,677046
2013-07-23,31.02,31.12,29.14,29.51,1289114
2013-07-24,29.41,29.5,28.86,29.17,915736
2013-07-25,29.24,31,29,30.77,1531892
2013-07-26,30.49,32.97,30.49,32.93,1584511
2013-07-29,32.93,34.74,32.82,33.63,3222606
2013-07-30,33.19,34.62,30.59,33.95,1732350
2013-07-31,33.99,34.27,33.07,33.58,986243
2013-08-01,33.75,33.92,33.27,33.68,910855
2013-08-02,33.73,33.73,33.26,33.63,858241
2013-08-05,33.85,35.58,33.63,34.66,1598392
2013-08-06,34.7,35.04,33.93,34.33,1026771
2013-08-07,33.96,34.48,33.39,33.98,908191
2013-08-08,34.24,34.41,33.72,34.28,824401
2013-08-09,34.14,34.5,33.92,34.04,693132
2013-08-12,33.89,34,32.91,33.79,769168
2013-08-13,33.93,34.12,33.3,33.59,440501
2013-08-14,33.33,33.88,33.08,33.36,685200
2013-08-15,32.99,33,32.02,32.18,553412
2013-08-16,32.18,32.96,32.02,32.21,905130
2013-08-19,32.16,32.82,32.06,32.08,625843
2013-08-20,32.08,32.69,31.88,32.57,562610
2013-08-21,32.54,33.36,32.34,32.83,640438
2013-08-22,32.99,33.27,32.62,33.15,340125
2013-08-23,33.28,33.48,32.41,32.71,565576
2013-08-26,32.74,33.27,32.6,32.86,819798
2013-08-27,32.65,32.8,31.32,31.34,1056702
2013-08-28,31.35,31.65,31.01,31.43,1573788
2013-08-29,32.08,32.24,31.14,32.11,482150
2013-08-30,32.14,32.28,31.59,31.75,570923
2013-09-03,32.01,33,32.01,32.95,632604
2013-09-04,32.9,33.71,32.81,33.55,829812
2013-09-05,33.64,33.86,33.16,33.43,654088
2013-09-06,33.62,33.84,32.45,32.91,527808
2013-09-09,33.07,34.4,33,34.27,769018
2013-09-10,34.43,34.89,33.73,34.85,765133
2013-09-11,34.6,34.99,34.23,34.82,467176
2013-09-12,34.76,35.25,34.37,34.41,442066
2013-09-13,34.4,34.73,33.88,34.28,912883
2013-09-16,34.92,35.72,34.28,35.35,762440
2013-09-17,35.35,35.37,34.52,34.75,404540
2013-09-18,34.69,35.37,34.55,35.21,514010
2013-09-19,35.24,35.49,34.8,35.19,432168
2013-09-20,34.66,35.7,34.66,35.09,1491456
2013-09-23,35.07,35.07,33.51,33.58,640378
2013-09-24,33.7,33.99,33.46,33.67,508148
2013-09-25,33.56,34.02,33.4,33.67,681047
2013-09-26,33.9,34.1,33.73,33.93,359541
2013-09-27,33.73,34.11,33.47,33.64,337293
2013-09-30,33.24,33.8,33.01,33.62,834982
2013-10-01,32.92,33.41,32.29,33.07,1109088
2013-10-02,31.96,33.01,31.96,32.62,995593
2013-10-03,32.61,32.95,32.02,32.24,1294682
2013-10-04,32.43,32.94,32.15,32.32,629551
2013-10-07,32.08,32.48,31.64,31.69,624813
2013-10-08,31.75,31.83,30.2,30.29,1133519
2013-10-09,31.8,32.01,29.36,30.17,1328509
2013-10-10,31.09,31.93,30.84,31.84,1539758
2013-10-11,31.82,32.19,31.31,31.59,854631
2013-10-14,31.17,31.89,30.82,31.84,411541
2013-10-15,31.76,31.85,30.75,30.85,1042650
2013-10-16,31.17,32.63,31.17,32.62,899137
2013-10-17,32.66,35.39,32.66,35.38,1809716
2013-10-18,35.37,35.65,34.39,35.02,1072659
2013-10-21,35.01,35.19,34.21,34.5,565592
2013-10-22,34.57,35.09,34.47,34.95,1055909
2013-10-23,34.83,34.86,34.43,34.72,574885
2013-10-24,34.92,35.13,34.58,34.74,553823
2013-10-25,34.73,36.32,34.48,36.15,1668467
2013-10-28,36.17,36.4,35.68,36.11,914642
2013-10-29,36.27,36.72,35.92,36.39,856884
2013-10-30,36.09,36.33,35.26,35.63,1041175
2013-10-31,34.69,35.59,34.28,35.2,1222313
2013-11-01,35.26,35.98,35.06,35.62,1018046
2013-11-04,35.83,35.9,35.24,35.52,708734
2013-11-05,35.1,35.88,34.95,35.82,485467
2013-11-06,36.05,36.15,35,35.15,809468
2013-11-07,35.15,36.13,34.82,35.1,1423105
2013-11-08,35.2,36.66,35.08,36.12,973049
2013-11-11,36.37,37.09,36.33,36.76,1264863
2013-11-12,36.65,37.42,36.46,37.23,900508
2013-11-13,36.8,37.58,36.57,37.55,442592
2013-11-14,37.54,37.6,36.09,37.4,625045
2013-11-15,37.54,38.29,37.54,37.97,627617
2013-11-18,37.92,38.36,36.64,36.89,885062
2013-11-19,36.95,37.59,36.51,37.34,551519
2013-11-20,37.44,37.74,36.96,37.08,612001
2013-11-21,37.29,38.93,37.29,38.73,894366
2013-11-22,38.94,39.83,38.68,39.79,936794
2013-11-25,39.91,41,39.8,40.58,1060066
2013-11-26,40.62,40.98,39.24,39.78,823011
2013-11-27,39.84,40.05,39.41,39.8,850610
2013-11-29,39.89,40.43,39.69,40.38,319141
2013-12-02,40.32,41.1,40.26,41.06,789463
2013-12-03,40.85,41.47,40.82,41.12,834588
2013-12-04,40.71,41.15,40.63,41,785583
2013-12-05,39.69,40.28,39.45,39.86,1113736
2013-12-06,40.23,40.34,38.72,39.85,1621191
2013-12-09,40.25,40.25,39.67,39.94,1153222
2013-12-10,39.78,40.42,39.74,40.01,1043110
2013-12-11,40.03,40.15,38.52,39.05,1140580
2013-12-12,39.41,40.1,38.87,39.83,919980
2013-12-13,39.97,40.05,38.89,39.5,846824
2013-12-16,40.01,40.16,38.26,38.99,1671706
2013-12-17,38.99,39.21,38.62,38.8,943279
2013-12-18,38.88,39.6,38.76,39.58,979382
2013-12-19,39.42,39.98,38.98,39.14,763321
2013-12-20,39.18,40.28,39.15,40.15,1817908
2013-12-23,40.52,41.27,40.37,40.97,506915
2013-12-24,40.82,41.13,40.59,40.94,156140
2013-12-26,41,41.45,40.66,41.09,424048
2013-12-27,41.17,41.26,40.53,40.8,275051
2013-12-30,41.07,41.18,40.4,40.58,427347
2013-12-31,40.59,40.9,40.12,40.66,552734
2014-01-02,40.44,40.66,39.68,40.24,657287
2014-01-03,40.22,40.4,39.99,40.07,707778
2014-01-06,40.56,40.95,40.24,40.7,823032
2014-01-07,40.95,41.07,39.98,40.46,944001
2014-01-08,40.6,43.2,40.52,42.81,1303312
2014-01-09,43,43.65,42.53,43.05,1279885
2014-01-10,43.07,45.17,42.77,45.13,1170095
2014-01-13,44.96,46.66,44.05,46.38,1852616
2014-01-14,46.45,47.99,45.68,47.99,1125959
2014-01-15,48.17,48.42,47.16,47.63,1003454
2014-01-16,47.56,48.12,46.76,48.1,1105994
2014-01-17,48.08,48.4,47.6,48.23,827976
2014-01-21,48.52,49.62,48.09,49.53,936928
2014-01-22,49.59,50.95,49.58,50.52,1624214
2014-01-23,50.42,50.97,49.95,50.5,1147359
2014-01-24,50.88,50.88,48.67,49,1339178
2014-01-27,49.5,49.69,46.34,47.21,1955441
2014-01-28,47.87,49.13,47.31,48.54,1014646
2014-01-29,48,48.69,46.66,47.93,975945
2014-01-30,48.4,49.95,48.36,49.68,795851
2014-01-31,49,49.56,48.26,48.68,1428158
2014-02-03,48.53,49,47.16,47.83,1332681
2014-02-04,48.39,48.69,47.87,48.4,784246
2014-02-05,48.43,48.82,47.34,48.45,1074944
2014-02-06,48.6,49.06,47.5,47.57,502796
2014-02-07,47.78,50.19,47.72,50.14,697142
2014-02-10,50.8,52.32,49.79,50.81,805947
2014-02-11,50.69,52,50.41,51.99,744515
2014-02-12,52,52.62,51.59,51.81,904108
2014-02-13,51.25,52.16,51.13,52.13,867124
2014-02-14,52.23,52.6,50.82,51.32,642199
2014-02-18,52.24,52.99,52.1,52.96,1022208
2014-02-19,52.33,52.55,51.32,51.6,691908
2014-02-20,51.6,53.17,50.84,52.96,1119689
2014-02-21,53.02,53.78,52.44,53.15,674477
2014-02-24,53.38,54.23,53.01,53.28,654207
2014-02-25,53.64,54.25,53.13,53.82,627295
2014-02-26,53.44,53.93,52.49,52.71,872361
2014-02-27,53.06,54.21,50.79,51.78,1420653
2014-02-28,51.97,52.41,47.87,48.67,1814320
2014-03-03,47.89,48.33,46.71,47.16,2252477
2014-03-04,47.68,48.59,47.5,47.88,1123264
2014-03-05,47.97,48.52,47.35,47.36,915753
2014-03-06,47.19,48.2,46.46,46.51,1275760
2014-03-07,46.78,46.78,45.04,46.32,1107019
2014-03-10,46.27,46.71,45.5,46,1299961
2014-03-11,45.99,47.56,45.85,46.24,990906
2014-03-12,45.79,47.14,45.24,46.82,1111626
2014-03-13,46.94,46.94,44.95,45.26,928325
2014-03-14,45.25,46.26,45.15,45.48,847814
2014-03-17,45.91,47.04,45.62,45.84,679456
2014-03-18,45.97,46.73,45.97,46.7,686182
2014-03-19,46.72,47.26,46.59,46.88,1168689
2014-03-20,46.74,47.97,46.57,47.51,1264374
2014-03-21,47.95,47.95,45.2,46.47,3538133
2014-03-24,46.32,46.64,43.02,43.9,3298550
2014-03-25,44.23,45.03,43.11,43.71,908472
2014-03-26,43.86,45,43.25,43.26,931823
2014-03-27,43.09,43.7,41.75,43.19,1226429
2014-03-28,43.27,43.84,41.53,41.97,1460020
2014-03-31,42.28,44.14,42.21,44.09,1544897
2014-04-01,44.14,45.75,44.09,45.23,1915791
2014-04-02,46.32,47.24,45.7,46.8,2345211
2014-04-03,46.39,46.54,43.62,44.43,2627556
2014-04-04,44.68,44.79,40.62,41.53,2141443
2014-04-07,41.41,42.49,40.3,41.1,1870749
2014-04-08,44.21,45.48,41.82,42.08,5165200
2014-04-09,43.04,45.26,42.3,45.25,1638787
2014-04-10,46.22,46.32,42.39,43.09,2101008
2014-04-11,42.66,43.77,41.61,41.89,1554961
2014-04-14,42.09,42.82,40.57,41.29,1630766
2014-04-15,41.42,43.24,40.97,42.83,2119414
2014-04-16,43.09,45.18,42.59,45.03,1654995
2014-04-17,44.78,45.72,44.03,44.12,1068231
2014-04-21,44.35,45.93,44,45.78,837617
2014-04-22,45.4,48.59,45.33,47.06,1495897
2014-04-23,47.23,47.45,45.85,46.77,738736
2014-04-24,47.32,47.66,45,46.28,1334049
2014-04-25,45.87,46.3,44.48,44.65,1621075
2014-04-28,45.24,47.45,44.4,45.45,1830155
2014-04-29,44.1,46.8,44.1,46.11,1930094
2014-04-30,45,46.8,45,46.26,1344110
2014-05-01,45.9,47.88,45.24,47.57,915116
2014-05-02,47.57,47.68,46.29,47.46,788243
2014-05-05,46.72,47.89,46.2,47.75,697580
2014-05-06,47.54,47.95,46.58,46.7,712331
2014-05-07,46.91,47.14,45.06,45.91,963576
2014-05-08,45.47,46.98,44.72,44.86,647183
2014-05-09,44.99,45.26,43,44.13,1827172
2014-05-12,44.53,45.59,44.09,45.26,1305609
2014-05-13,45.43,45.87,44.48,44.52,574642
2014-05-14,44.52,45.64,43.76,45.01,509752
2014-05-15,44.75,45.2,43.13,44.02,935009
2014-05-16,44.97,44.97,43.16,43.59,544307
2014-05-19,43.23,45.04,43.23,44.69,659545
2014-05-20,44.27,44.6,43.63,43.98,478087
2014-05-21,43.75,44.74,43.62,44.48,797389
2014-05-22,44.17,45.78,44.06,45.21,538469
2014-05-23,45.08,45.87,45.01,45.59,374500
2014-05-27,45.66,47.5,45.65,46.75,743153
2014-05-28,46.56,46.75,45.37,45.74,708249
2014-05-29,46.05,46.46,45.79,46.08,424658
2014-05-30,45.87,46.66,45.17,45.81,917839
2014-06-02,45.18,46.58,44.92,46.56,496132
2014-06-03,45.97,47.14,45.59,47.07,449473
2014-06-04,46.77,47.63,46.26,47.28,390490
2014-06-05,47.46,47.68,46.72,47.54,353513
2014-06-06,47.57,48.9,47.17,48.38,833169
2014-06-09,48.4,48.52,47.65,48.32,679791
2014-06-10,48.33,48.84,47.78,48.37,450765
2014-06-11,47.87,48.28,46.73,47.79,861796
2014-06-12,47.26,47.29,46.46,46.65,647490
2014-06-13,46.65,46.88,45.73,46.38,730899
2014-06-16,46.4,47.72,46.13,47.31,598914
2014-06-17,47.34,47.72,46.8,47,486615
2014-06-18,47.66,48,46.27,47.23,662874
2014-06-19,47.36,48.23,46.65,48.13,818718
2014-06-20,48.25,51.78,48.17,50.88,2464335
2014-06-23,51.03,51.81,50.39,50.5,674753
2014-06-24,50.07,51.39,50.02,50.54,746056
2014-06-25,50.05,50.84,49.6,50.42,821590
2014-06-26,50.21,50.58,49.56,50.1,270005
2014-06-27,50.04,50.95,49.15,50.94,1985789
2014-06-30,50.54,50.75,49.72,50.33,684644
2014-07-01,50.57,51.83,50.45,51.75,539629
2014-07-02,51.86,52.5,51.01,51.52,713950
2014-07-03,51.69,51.83,50.69,50.97,472538
2014-07-07,50.51,50.96,48.88,49.15,567514
2014-07-08,49.21,49.21,47.34,47.94,605254
2014-07-09,48.47,48.85,46.77,48.71,655521
2014-07-10,47.74,48.69,47.49,47.8,519521
2014-07-11,47.77,48.45,47.26,48.38,374217
2014-07-14,48.69,49.02,47.94,48.4,511917
2014-07-15,48.61,48.61,46.54,46.8,689290
2014-07-16,46.85,47.23,45.11,45.25,894232
2014-07-17,45.03,45.36,44.16,44.39,926843
2014-07-18,44.45,46.25,44.18,46.15,757724
2014-07-21,45.88,46.04,45,45.91,384940
2014-07-22,46.16,46.5,45.09,45.42,541707
2014-07-23,45.62,46.44,45.41,46.21,527399
2014-07-24,46.07,46.09,44.98,45.71,630191
2014-07-25,45.19,45.89,44.76,44.94,399288
2014-07-28,45.12,45.4,43.83,44.11,579457
2014-07-29,44.35,45.2,44.12,44.69,586358
2014-07-30,45.29,46.47,44.99,46.32,1212893
2014-07-31,43.02,44.7,42.3,42.76,2298051
2014-08-01,42.53,43.83,42.39,42.97,1259816
2014-08-04,43,43.41,42.27,42.81,915160
2014-08-05,42.72,43.73,42.68,43.25,920154
2014-08-06,42.39,42.98,41.7,41.99,1158939
2014-08-07,42.31,42.41,41.54,41.81,626386
2014-08-08,42.02,42.11,41.5,41.91,519542
2014-08-11,42.19,42.19,41.41,41.78,681747
2014-08-12,41.71,42.13,41.26,41.54,718384
2014-08-13,41.71,42.32,41.02,42.31,798732
2014-08-14,42.21,43.95,42,43.41,1169808
2014-08-15,43.53,43.8,42.24,42.95,857876
2014-08-18,43.59,44.4,43.13,43.99,836213
2014-08-19,44.06,46.08,43.81,44.04,562668
2014-08-20,43.78,44.36,43.57,44.12,450057
2014-08-21,44.29,44.29,42.8,43.14,622953
2014-08-22,43.08,43.34,42.54,43.24,507782
2014-08-25,43.49,44.63,43.35,44.22,399128
2014-08-26,44.47,45.65,44.46,45.07,723810
2014-08-27,45,45.5,44.96,45.37,490336
2014-08-28,45.04,45.54,44.43,44.48,323768
2014-08-29,44.74,45.07,44.36,44.73,374852
2014-09-02,45.12,45.24,43.88,44.07,779476
2014-09-03,44.73,44.83,43.87,44,517116
2014-09-04,44.49,44.72,42.65,42.81,1044632
2014-09-05,42.72,42.76,41.33,42.49,747114
2014-09-08,42.37,42.82,42.11,42.67,682132
2014-09-09,42.49,43.11,42.34,42.67,838222
2014-09-10,42.87,44.23,42.65,44.15,731494
2014-09-11,44.09,44.61,43.8,44.59,992308
2014-09-12,44.5,44.77,44.1,44.35,602180
2014-09-15,44.4,44.5,43.5,43.68,758366
2014-09-16,43.66,44.56,43.39,44.45,535737
2014-09-17,44.64,45.41,44.51,45.18,955947
2014-09-18,45.41,46.2,45.24,46.1,807307
2014-09-19,46.4,46.86,46.21,46.73,1374997
2014-09-22,46.56,46.56,44.52,45.33,916241
2014-09-23,44.52,45.66,44.39,45.22,917986
2014-09-24,45.44,45.76,44.86,45.22,1870263
2014-09-25,45.18,45.61,42.75,42.81,1210915
2014-09-26,42.97,43.73,42.16,43.23,705759
2014-09-29,42.75,44.31,42.26,43.75,658946
2014-09-30,43.76,43.85,42.61,42.87,715485
2014-10-01,42.59,42.86,41.01,41.47,845965
2014-10-02,41.24,41.46,39.8,41.08,1125222
2014-10-03,41.52,42.08,41.08,42,1634567
2014-10-06,42.13,42.41,41.53,41.91,597367
2014-10-07,41.64,41.81,40.9,41.08,628879
2014-10-08,41.08,42.48,40.74,42.42,652678
2014-10-09,42.43,42.64,41.32,41.52,508721
2014-10-10,41.34,42,40.22,40.23,681366
2014-10-13,40.13,40.61,38.49,40.25,1211730
2014-10-14,40.59,42.5,39.5,42.5,1765346
2014-10-15,41.57,41.81,39.49,41.13,1094788
2014-10-16,40.15,42.73,40.12,41.95,1132668
2014-10-17,42.68,43.8,42.03,43.08,2413979
2014-10-20,42.88,43.94,42.83,43.17,596323
2014-10-21,43.78,44.18,43.14,43.8,758914
2014-10-22,44.28,44.79,43.38,44.66,725526
2014-10-23,45,45.95,44.86,45.28,910666
2014-10-24,45.57,46.39,45.27,45.91,760917
2014-10-27,45.51,46.57,45.1,46.52,575064
2014-10-28,46.98,48.19,46.84,47.62,1151410
2014-10-29,47.14,49.63,46.05,49.61,1742339
2014-10-30,49.4,51.44,48.15,51.29,1077650
2014-10-31,51.48,52.5,50.47,50.55,925693
2014-11-03,50.05,51.07,49.89,50.88,668237
2014-11-04,50.47,51.33,50.18,50.36,631440
2014-11-05,51.03,51.46,49.61,49.86,750458
2014-11-06,49.75,51.66,49.68,51.03,531744
2014-11-07,50.9,51.21,49.52,51,677784
2014-11-10,50.81,53,50.41,52.64,939802
2014-11-11,52.36,53.6,52.07,52.87,1287482
2014-11-12,52.67,53.12,52.29,53,612009
2014-11-13,53.06,53.38,52.39,53.22,833638
2014-11-14,53.11,53.11,51.01,51.47,571061
2014-11-17,51.42,52.7,51.12,51.64,422698
2014-11-18,51.51,53.44,51.51,52.94,800334
2014-11-19,53.53,55.65,53.32,54.26,1134851
2014-11-20,54.33,55.4,53.69,55.24,674676
2014-11-21,55.62,56.42,55.44,56.4,689358
2014-11-24,56.4,56.59,55.81,55.9,823841
2014-11-25,56.25,56.25,53.36,54.17,1186078
2014-11-26,53.96,55.22,53.9,55.01,1086448
2014-11-28,55.02,56.08,54.68,55.02,387987
2014-12-01,54.64,55.15,53.74,54.95,814448
2014-12-02,55.15,56.17,54.8,56.05,784566
2014-12-03,56.09,57.13,55.24,57.04,478207
2014-12-04,57.17,57.29,56.33,56.71,681254
2014-12-05,57.07,58.13,56.64,57.51,417816
2014-12-08,58.28,59.69,57.77,58.5,602075
2014-12-09,57.4,57.56,56.4,56.64,1146913
2014-12-10,56.63,56.79,55.3,55.41,664304
2014-12-11,55.62,57.05,55.52,55.63,581376
2014-12-12,55.11,55.8,54.38,54.41,532619
2014-12-15,54.45,55.43,52.51,53.42,590267
2014-12-16,53.07,54.51,52.29,52.34,575961
2014-12-17,53.13,55.94,53.13,55.91,674468
2014-12-18,56.93,57.71,56.17,57.68,536466
2014-12-19,57.78,59,56.82,58.88,1722870
2014-12-22,58.33,59.25,57.49,58.8,669226
2014-12-23,58.7,58.7,54.14,55.14,1416632
2014-12-24,55.21,56.46,54.09,56.16,231039
2014-12-26,56.21,57.79,56.17,57.72,330806
2014-12-29,57.87,58.64,57.56,58.45,391374
2014-12-30,58.33,58.7,57.66,58.08,459742
2014-12-31,58.38,59.05,58.21,58.56,1268295
2015-01-02,58.57,59.36,57.31,58.24,764113
2015-01-05,58.38,60.24,57.81,59.38,868070
2015-01-06,61.75,62.85,59.4,60.93,4678217
2015-01-07,63.01,68.05,62.11,66.75,5826792
2015-01-08,66.9,67.39,64.01,65.23,2585231
2015-01-09,65.62,65.92,64.3,65.14,1041016
2015-01-12,65.47,68.73,65.15,68.61,1866307
