"Index","AMGN.Open","AMGN.High","AMGN.Low","AMGN.Close","AMGN.Volume"
2007-01-03,68.42,69.48,67.85,68.4,12941647
2007-01-04,69.48,71.87,68.97,71.33,16026139
2007-01-05,71.34,72.08,71.01,71.5,10509198
2007-01-08,71.63,71.89,70.79,70.93,6750081
2007-01-09,71.17,71.68,70.67,71.27,7181376
2007-01-10,70.9,71.24,70.7,71.04,5780633
2007-01-11,71.16,72.21,70.74,71.91,6873034
2007-01-12,72.02,73.57,72,73.27,10114934
2007-01-16,73.4,73.58,72.77,73.5,5465480
2007-01-17,73.5,74.08,73.2,73.93,6535315
2007-01-18,74.1,74.35,73.36,73.69,7544688
2007-01-19,73.94,74.56,73.75,74.25,6791772
2007-01-22,75.75,76.95,75.51,75.85,16810620
2007-01-23,75.24,75.85,74.35,74.6,11221753
2007-01-24,74.45,75.14,74,75.14,7199292
2007-01-25,74.83,75.01,74.32,74.85,11016495
2007-01-26,71.69,71.89,70.92,71.5,30316296
2007-01-29,71.2,71.3,69.86,69.97,13847399
2007-01-30,70.68,71.13,70.23,70.33,11686982
2007-01-31,70.4,70.57,69.9,70.37,8539102
2007-02-01,70.19,70.25,69.02,69.49,13781108
2007-02-02,69.68,70.01,69.4,69.45,10115453
2007-02-05,69.44,70.21,69.05,69.84,9181336
2007-02-06,70.33,70.49,69.23,69.66,9688616
2007-02-07,69.3,70.25,69.3,70,7881544
2007-02-08,69.59,70.39,69.55,69.78,8879904
2007-02-09,69.95,70.09,69,69.05,10375753
2007-02-12,69.41,69.53,68.42,68.49,6832479
2007-02-13,68.73,68.98,68.5,68.8,6593240
2007-02-14,68.72,69.11,68.68,68.8,10553508
2007-02-15,68.7,68.92,67.91,68.28,11572159
2007-02-16,68.22,68.49,65.94,66.73,30261309
2007-02-20,66.65,67.18,66.25,66.35,17507280
2007-02-21,66.01,67.62,65.72,67.41,16662798
2007-02-22,66.84,67.41,66.62,66.74,14406581
2007-02-23,66.5,67.5,65.96,66.23,19437123
2007-02-26,66.15,66.5,65.96,66.2,10845584
2007-02-27,65.35,65.52,63.86,64.25,22773681
2007-02-28,65,65.22,64.15,64.26,16484557
2007-03-01,62.4,62.89,61.41,61.7,38353301
2007-03-02,62.11,62.45,61.4,61.75,21136520
2007-03-05,61.62,63.15,61.1,62.16,17490266
2007-03-06,62.28,62.66,61.7,62.3,12497850
2007-03-07,62.08,62.55,61.72,62.02,13250947
2007-03-08,62.21,62.41,61.63,62.17,11069040
2007-03-09,62.24,62.32,60.05,60.86,24677856
2007-03-12,59.83,60.72,59.03,60.68,28153072
2007-03-13,60.04,61.62,60.01,60.39,21773967
2007-03-14,60.36,60.69,59.64,60.69,14261564
2007-03-15,60.55,60.94,59.79,60.01,11289485
2007-03-16,60.02,60.46,59.21,59.3,14397920
2007-03-19,59.75,59.75,59,59.14,12355343
2007-03-20,59.04,59.73,59.03,59.43,11744264
2007-03-21,59.52,60.64,59.23,60.6,12966572
2007-03-22,60.6,60.9,60.31,60.47,9960164
2007-03-23,58.2,58.48,57.11,58.02,35319663
2007-03-26,58.31,58.34,57.04,57.14,16085999
2007-03-27,57.18,57.41,56.21,56.21,20012782
2007-03-28,56.08,56.23,55.52,55.72,19066024
2007-03-29,56.06,56.4,55.13,55.83,16790661
2007-03-30,56,56.11,55.3,55.88,10749860
2007-04-02,56.19,56.55,55.45,55.55,11103425
2007-04-03,55.83,56.25,55.59,55.73,10570656
2007-04-04,55.85,57,55.75,56.68,12828210
2007-04-05,56.94,58.81,56.85,58.33,19431456
2007-04-09,58.38,58.5,57.15,57.19,10967172
2007-04-10,57.36,57.67,56.66,57.12,11953972
2007-04-11,56.98,57.17,56.3,56.34,17404673
2007-04-12,56.49,57.79,56.49,57.64,17439633
2007-04-13,58.12,59.62,58.03,59.03,21311326
2007-04-16,59.83,60.23,59.49,59.65,18794992
2007-04-17,60.1,60.15,59.66,60.1,12306609
2007-04-18,59.89,60.45,59.81,60.01,11365570
2007-04-19,63.53,64.4,62.14,62.32,48875462
2007-04-20,62.64,62.86,61.56,61.97,14752343
2007-04-23,62.23,63,61.85,62.19,19031353
2007-04-24,62.05,62.33,60.61,61.22,18778885
2007-04-25,61.61,62.36,60.65,61.69,16095108
2007-04-26,62.05,62.73,61.99,62.55,13934644
2007-04-27,62.78,63.33,62.32,63.27,14448678
2007-04-30,63.59,64.33,63.36,64.14,19825901
2007-05-01,64.4,65.21,64.17,65.1,17333467
2007-05-02,65.62,66.06,64.99,65.07,19108618
2007-05-03,65.57,65.65,63.75,63.91,13167334
2007-05-04,63.76,63.8,63.08,63.74,11431320
2007-05-07,64,64.34,63.7,63.76,6510326
2007-05-08,63.55,63.59,62.65,62.66,14060673
2007-05-09,62.25,63.22,62.21,63.1,9582909
2007-05-10,62.1,62.72,57.18,57.33,45957947
2007-05-11,54.25,56.32,53.55,56.3,51896249
2007-05-14,56.15,56.96,55.59,56.07,19259773
2007-05-15,52.36,54.02,52.36,54.01,68032724
2007-05-16,54.18,55.37,54.11,54.33,17919856
2007-05-17,54.16,54.45,53.37,53.68,14200532
2007-05-18,53.52,54.5,53.5,54.04,14849330
2007-05-21,55.05,55.15,54.04,54.18,13642628
2007-05-22,54.29,54.48,53.69,53.96,11416926
2007-05-23,54.63,55.11,54.29,54.74,17198830
2007-05-24,55.08,55.19,54.3,54.57,14442161
2007-05-25,54.05,54.56,54.02,54.55,11472047
2007-05-29,54.75,54.75,54.2,54.61,7618727
2007-05-30,54.53,55.35,54.5,55.26,12636155
2007-05-31,55.17,56.92,55.06,56.45,18951839
2007-06-01,56.52,57.33,56.5,56.94,12117123
2007-06-04,56.56,57.04,56.25,56.91,11565523
2007-06-05,56.86,57.8,56.6,57.61,13704093
2007-06-06,57.4,57.53,56.76,57.29,10355356
2007-06-07,57,57.29,56.58,56.64,17637316
2007-06-08,56.26,57.52,56.22,57.37,10809763
2007-06-11,57,57.88,56.86,57.41,8273262
2007-06-12,57.28,57.73,57.1,57.46,12180546
2007-06-13,57.37,58.2,57.28,58.14,11596899
2007-06-14,58.28,58.53,58.14,58.23,13010830
2007-06-15,58.64,59.31,58.57,59.03,14404056
2007-06-18,58.8,58.81,57.85,58.61,11451322
2007-06-19,58.61,58.69,57.82,58.13,11552992
2007-06-20,58.1,58.7,57.58,57.7,12025500
2007-06-21,57.58,58.2,56.98,57.27,14105550
2007-06-22,56.71,57.15,55.96,55.96,20176895
2007-06-25,55.41,56.18,55.4,55.86,12444734
2007-06-26,55.81,55.91,54.95,55.1,18836168
2007-06-27,54.83,55.56,54.62,55.5,12004564
2007-06-28,55.23,56.04,55.08,55.31,8280739
2007-06-29,55.71,55.79,54.82,55.29,9598186
2007-07-02,55.4,55.83,54.78,55.24,10830009
2007-07-03,55.21,55.47,54.98,55.19,4463476
2007-07-05,54.8,55.04,54.65,54.86,11122877
2007-07-06,54.71,54.9,54.49,54.82,5841376
2007-07-09,54.58,55.06,54.42,54.55,6938940
2007-07-10,54.5,54.89,54.29,54.29,14175870
2007-07-11,54.53,55.22,54.34,55.13,12221960
2007-07-12,55.08,55.96,54.99,55.95,9264825
2007-07-13,56.99,57.67,56.75,56.93,13244742
2007-07-16,56.79,57.25,55.86,56.03,9155913
2007-07-17,55.33,55.74,55.12,55.59,12039616
2007-07-18,55.44,56.07,55.39,55.8,9028923
2007-07-19,55.82,56.16,54.73,55.57,7498845
2007-07-20,55.67,56.73,55.23,56.18,13928281
2007-07-23,56.93,57.25,56.65,56.8,10328512
2007-07-24,56.65,57.55,56.25,56.44,10918704
2007-07-25,56.68,57.73,56.2,57.16,11604175
2007-07-26,56.51,57.28,55.76,56.16,16838697
2007-07-27,56.8,56.83,55.23,55.62,13137292
2007-07-30,55.41,56.6,55.4,56.19,8030130
2007-07-31,55.75,55.92,53.68,53.74,28078662
2007-08-01,52.46,52.67,50.3,52.09,27714546
2007-08-02,52.09,52.53,51.28,51.44,11068091
2007-08-03,51.26,51.62,50.83,50.9,10746933
2007-08-06,50.9,51.99,50.9,51.77,10255543
2007-08-07,51.2,51.99,50.96,51.39,11815173
2007-08-08,51.53,52,50.75,52,10734661
2007-08-09,51.6,52.5,50.98,50.99,11271498
2007-08-10,50.37,50.92,49.71,50.08,14413604
2007-08-13,51.05,51.98,50.89,51.26,10331369
2007-08-14,51.26,51.95,51.15,51.32,8339152
2007-08-15,50.91,51.65,50.49,50.59,21215707
2007-08-16,49.49,50.01,48.54,49.41,17406207
2007-08-17,49.59,50.1,48.3,50.08,17597910
2007-08-20,49.81,50.51,49,49.79,9450553
2007-08-21,49.25,49.98,49.09,49.24,8210231
2007-08-22,49.56,49.59,48.8,49.3,10814291
2007-08-23,49.16,51,49.16,50.25,11250609
2007-08-24,50.38,50.47,50,50.27,8330054
2007-08-27,49.81,50.78,49.5,49.92,5361212
2007-08-28,49.59,49.92,49.01,49.01,9517550
2007-08-29,49.88,50.26,49.06,50.19,14028853
2007-08-30,49.5,50.48,49.5,50.08,8693266
2007-08-31,50.09,50.5,50,50.11,8929207
2007-09-04,50.27,51.46,50.11,51.34,9014401
2007-09-05,53.23,53.39,52.11,52.32,20417402
2007-09-06,52.65,52.79,51.8,52.01,10949872
2007-09-07,51.17,52.2,50.67,50.9,13801935
2007-09-10,50.85,51.76,50.85,51.04,6786049
2007-09-11,51.08,54.38,51,53.88,22310911
2007-09-12,55.22,56.82,54.65,55.64,27972405
2007-09-13,55.8,57.27,55.75,57.12,18557903
2007-09-14,56.88,56.88,55.89,56.32,8891235
2007-09-17,55.65,55.99,54.51,55.46,10126214
2007-09-18,55.41,56.07,54.38,56.01,11515083
2007-09-19,56,56.59,55.5,55.8,9915416
2007-09-20,55.28,55.71,55.12,55.31,6959580
2007-09-21,55.45,55.98,55.31,55.42,9385375
2007-09-24,54.95,55.75,54.77,55.29,8193512
2007-09-25,55.08,55.53,54.55,54.88,8120363
2007-09-26,55.12,56.77,55.08,56.08,10346438
2007-09-27,56.52,56.9,56.04,56.56,7090688
2007-09-28,56.96,57.74,55.58,56.57,11708833
2007-10-01,56.38,56.72,56.12,56.41,5830160
2007-10-02,56.34,56.42,55.55,56.04,5143225
2007-10-03,55.92,56.38,55.18,55.52,8808114
2007-10-04,55.44,55.7,55.06,55.39,7712211
2007-10-05,55.85,57.21,55.8,56.84,9800423
2007-10-08,56.42,57,56.25,56.58,4984238
2007-10-09,56.53,57.17,56.3,57.08,8560644
2007-10-10,57.04,57.9,57,57.62,9335182
2007-10-11,57.84,58.31,57.63,57.83,8960265
2007-10-12,57.9,58.88,57.29,58.17,8097359
2007-10-15,58.95,59.08,57.45,57.67,10386481
2007-10-16,57.48,57.81,56.66,56.78,9029090
2007-10-17,57.31,57.31,55.27,56.41,8264467
2007-10-18,56.28,56.96,56.02,56.71,6639325
2007-10-19,56.62,56.82,55.78,55.95,10966901
2007-10-22,55.74,56.3,55.5,56.12,6664593
2007-10-23,56.17,57.99,55.57,57.7,18268111
2007-10-24,57.8,58.57,56.99,58.13,14128213
2007-10-25,58.21,58.83,56.71,57.31,10747732
2007-10-26,57.44,58.09,56.57,57.18,7456532
2007-10-29,56.8,57.34,55.86,56.79,9183935
2007-10-30,56.33,57.12,56.25,57.06,8641736
2007-10-31,56.85,58.18,56.78,58.11,10153758
2007-11-01,57.89,58.48,56.96,57.24,10237702
2007-11-02,57.5,57.5,56.22,56.62,13717981
2007-11-05,56.26,57.57,55.69,57.46,9852971
2007-11-06,56.98,57.9,56.98,57.89,7081345
2007-11-07,57.22,57.85,56.15,56.2,9819257
2007-11-08,56.96,57.07,55.98,56.03,11773566
2007-11-09,55.9,55.95,54.01,54.28,11780023
2007-11-12,53.98,55.32,53.78,54.5,8577858
2007-11-13,54.12,54.5,53.09,54.44,11023844
2007-11-14,53.68,54.25,53.26,53.63,9375491
2007-11-15,54.33,55.19,54.05,54.79,12253955
2007-11-16,55.08,55.97,54.5,55.49,16627624
2007-11-19,55.2,55.78,54.52,54.66,7917673
2007-11-20,54.59,55.4,53.27,54.13,9059656
2007-11-21,53.5,53.94,52.59,52.84,8839140
2007-11-23,52.93,53.8,52.92,53.76,3096207
2007-11-26,53.27,53.94,52.66,52.68,6115762
2007-11-27,52.76,54.02,52.57,54.02,8013573
2007-11-28,53.46,54.76,53.13,54.71,9516333
2007-11-29,54.8,55.58,54.37,55.46,7075055
2007-11-30,55.65,56.13,55.22,55.25,9849626
2007-12-03,53.7,55.2,53.67,55.09,9557886
2007-12-04,54.8,55.53,54.6,54.91,7437473
2007-12-05,54.91,55.26,54.29,54.89,9950199
2007-12-06,54.63,55.19,53.95,55.15,6103925
2007-12-07,54.13,54.18,52.02,52.1,19205956
2007-12-10,50.8,50.99,49.62,50.99,19067852
2007-12-11,50.92,50.92,49.6,49.78,11574747
2007-12-12,50.32,50.76,49.52,49.99,9223507
2007-12-13,49.65,49.93,49.1,49.42,8698288
2007-12-14,49.15,49.37,48.25,48.4,11493126
2007-12-17,48.02,48.13,46.71,46.78,15010123
2007-12-18,46.82,47.69,46.8,47.29,10876255
2007-12-19,46.97,47.3,46.84,47.19,12847581
2007-12-20,47.27,47.73,47.03,47.56,12259839
2007-12-21,47.83,48.15,47.57,48.02,15787505
2007-12-24,47.45,48.24,47.04,48.16,6696745
2007-12-26,47.54,47.86,47.09,47.5,6797030
2007-12-27,47.23,47.75,47.11,47.36,6344166
2007-12-28,47.24,47.36,46.9,47.06,5453508
2007-12-31,46.84,46.88,46.21,46.44,7225915
2008-01-02,46.6,47.04,46.26,46.6,7934464
2008-01-03,46.43,47.1,45.25,45.69,11976249
2008-01-04,46.29,46.29,44.6,44.8,10310346
2008-01-07,44.71,45.76,44.55,45.39,8529190
2008-01-08,45.72,47.95,45.35,46.33,20975573
2008-01-09,46.6,48,46.25,47.65,12053350
2008-01-10,47.44,47.78,47.09,47.56,8821144
2008-01-11,47.31,48,47.26,47.62,9080806
2008-01-14,47.61,48.35,47.38,47.93,7262607
2008-01-15,47.65,48.45,47.33,47.38,8801508
2008-01-16,47.56,48.25,47.35,47.49,11853717
2008-01-17,47.34,48.32,47.06,47.42,10171621
2008-01-18,46.93,48.02,46.93,47.45,14817583
2008-01-22,45.32,46.67,45.3,45.45,16315461
2008-01-23,44.53,45.4,43.93,44.75,18873634
2008-01-24,44.15,46.13,44,46.12,17014463
2008-01-25,47.73,48.91,47.49,48.14,24854415
2008-01-28,47.72,48.34,47.51,47.86,15075577
2008-01-29,47.99,48.21,47.51,48,9559738
2008-01-30,47.9,48.02,47.24,47.28,9047667
2008-01-31,47.04,47.09,46.29,46.59,14666727
2008-02-01,46.31,47.46,46.16,47.36,10087859
2008-02-04,47.4,47.74,47.14,47.18,6929668
2008-02-05,46.43,47.03,46.21,46.31,9218062
2008-02-06,46.95,47.17,46.31,46.53,7858884
2008-02-07,46.34,47.05,46.1,46.73,9152843
2008-02-08,46.27,47.18,46.23,46.56,12304472
2008-02-11,46.03,46.68,46,46.38,8998848
2008-02-12,46.45,47.21,46.4,46.54,7679427
2008-02-13,46.5,47.25,46.31,47.06,8936166
2008-02-14,47.42,47.5,46.71,46.77,6882262
2008-02-15,46.5,46.72,46.25,46.64,8805559
2008-02-19,47.17,47.64,46.84,46.86,8743624
2008-02-20,46.7,47.6,46.58,47.35,10057386
2008-02-21,47.58,47.58,46.52,46.74,11603900
2008-02-22,47.48,47.48,46.01,46.43,7689703
2008-02-25,46.63,47.02,46.06,46.75,7117046
2008-02-26,46.88,48.2,46.53,47.82,8497791
2008-02-27,46.9,47.15,46.52,46.6,11314110
2008-02-28,46.32,46.5,45.5,45.53,10249381
2008-02-29,45,45.7,43.72,45.52,17399384
2008-03-03,45.59,46.69,45.01,45.51,10884019
2008-03-04,45.03,45.89,45.01,45.64,6661443
2008-03-05,45.65,46.31,44.84,45.25,8637498
2008-03-06,45,45.43,44.16,44.24,8970274
2008-03-07,44.13,44.74,43.5,44.18,10738557
2008-03-10,44.43,45.04,43.5,44.68,13907400
2008-03-11,43.26,44.73,43.14,44.62,16296278
2008-03-12,44.37,45.89,44.37,44.99,12875445
2008-03-13,44.85,48.55,43.83,47.18,31330426
2008-03-14,46.51,46.95,44.18,44.46,20226483
2008-03-17,44.4,44.68,43.02,43.08,18970956
2008-03-18,42.95,43.02,40.35,41.21,21296610
2008-03-19,40.92,41.77,39.83,39.97,17440406
2008-03-20,40.16,40.22,39.16,40.11,17844369
2008-03-24,40.03,41.2,39.9,40.98,10920680
2008-03-25,41.23,41.49,40.59,40.84,10013874
2008-03-26,40.6,42.09,40.58,42,13604842
2008-03-27,42.09,42.09,41.41,41.49,8553172
2008-03-28,41.77,41.87,41.37,41.45,8477611
2008-03-31,41.56,41.88,41.34,41.78,9899296
2008-04-01,42.11,42.23,41.28,42.16,8516200
2008-04-02,42.09,42.48,41.76,42.45,6493491
2008-04-03,41.38,41.91,41.32,41.57,9462889
2008-04-04,41.93,42.36,41.5,41.53,7004827
2008-04-07,42,42,41.2,41.49,9762136
2008-04-08,41.25,41.94,41.23,41.49,7975289
2008-04-09,41.69,41.9,41.26,41.59,7392046
2008-04-10,43.46,44.74,43.26,43.98,14297624
2008-04-11,43.84,43.9,42.85,43.01,7495200
2008-04-14,42.98,43.37,42.81,42.95,5926457
2008-04-15,43.19,43.47,42.68,43.36,6944453
2008-04-16,43.31,43.43,43.05,43.41,8071292
2008-04-17,43.72,43.73,42.49,42.63,7537255
2008-04-18,43.34,43.39,42.73,43.07,7902164
2008-04-21,42.72,43.16,42.35,42.61,5850909
2008-04-22,42.29,42.71,41.55,42.1,5623163
2008-04-23,41.94,42.85,41.93,42.69,4690519
2008-04-24,42.81,42.97,41.96,42.4,7909870
2008-04-25,42.37,42.43,41.55,42.25,11555978
2008-04-28,42.25,42.64,41.83,41.85,7016868
2008-04-29,41.94,42.33,41.65,42.13,5144006
2008-04-30,42.03,42.47,41.78,41.87,6475419
2008-05-01,42.19,43.24,41.77,43.23,6403885
2008-05-02,43.41,43.45,42.45,42.93,7238298
2008-05-05,42.93,43.1,42.27,42.79,4436434
2008-05-06,42.6,43.14,42.32,43,5092876
2008-05-07,42.97,42.97,41.9,42.2,7587513
2008-05-08,42.08,42.56,41.9,42.02,6348723
2008-05-09,41.67,42.31,41.58,42.05,4046498
2008-05-12,41.86,43.05,41.86,42.95,6059620
2008-05-13,42.88,42.99,42.25,42.5,5979113
2008-05-14,42.44,42.82,42.06,42.2,8027893
2008-05-15,42.1,42.26,41.72,42.05,7277053
2008-05-16,42.17,42.17,41.63,42.03,8236278
2008-05-19,42.02,42.63,41.75,42.34,6457554
2008-05-20,42.4,42.92,42.4,42.45,6404600
2008-05-21,42.74,42.91,41.99,42.1,7786406
2008-05-22,42.19,43.04,42.1,42.77,7823534
2008-05-23,42.51,43.08,42.33,42.38,6486229
2008-05-27,42.3,43.25,42.26,43.04,9409859
2008-05-28,42.51,42.88,42.47,42.82,7617077
2008-05-29,42.88,43.88,42.8,43.42,8830447
2008-05-30,43.29,44.16,43.23,44.03,8505538
2008-06-02,43.92,44.36,43.53,44.22,8459992
2008-06-03,44.47,44.5,43.63,44.15,7979935
2008-06-04,44,44.58,43.78,44.5,7160995
2008-06-05,44.55,45.06,44.3,44.93,8024672
2008-06-06,44.75,45.08,44.21,44.24,7835179
2008-06-09,44.18,44.59,43.78,44.3,7028697
2008-06-10,44.06,44.25,43.69,43.82,7242883
2008-06-11,43.36,43.64,42.9,42.95,9339401
2008-06-12,43.36,43.66,42.95,43.22,7448810
2008-06-13,43.53,44.21,43.34,43.97,5768772
2008-06-16,43.44,44.54,43.44,43.99,5844031
2008-06-17,43.86,44.72,43.76,44.39,7447171
2008-06-18,44.62,44.72,43.92,44.22,7416323
2008-06-19,44.41,45.17,44.25,44.86,8685394
2008-06-20,44.76,45.22,44.29,45.17,13889104
2008-06-23,45.06,46.11,44.97,45.89,12405083
2008-06-24,45.71,46.68,45.68,46.36,9384157
2008-06-25,46.31,47.25,46.2,46.82,9391015
2008-06-26,46.49,46.89,46.25,46.36,10497121
2008-06-27,46.29,47.17,46.12,46.37,25531702
2008-06-30,46.62,47.41,46.47,47.16,10093098
2008-07-01,46.86,48.67,46.85,48.64,14785544
2008-07-02,48.5,49.26,48.28,48.84,14298931
2008-07-03,49.32,51,49.16,50.84,11581277
2008-07-07,50.6,51.27,49.92,50.27,13700071
2008-07-08,50.01,50.7,49.74,50.38,16239736
2008-07-09,50.51,51.78,50.51,50.85,11801139
2008-07-10,51.34,51.84,50.99,51.69,11756844
2008-07-11,51.44,51.95,50.91,51.02,12890436
2008-07-14,51.57,51.88,50.74,50.99,10425599
2008-07-15,51.32,52.9,51.16,52.66,16566187
2008-07-16,52.2,53.24,52.07,52.43,11756304
2008-07-17,52.64,53.39,52.49,53.19,10202231
2008-07-18,53.17,53.2,52.3,52.56,12501878
2008-07-21,53.49,54.31,53.08,53.16,9863040
2008-07-22,53.71,54.66,53.41,54.6,12308734
2008-07-23,54.57,54.64,53.45,53.92,9478415
2008-07-24,53.05,54.5,52.92,53.84,8910789
2008-07-25,53.85,54.24,53.38,53.92,9770821
2008-07-28,62.07,62.5,59.53,60.48,62533078
2008-07-29,63.09,64,61.75,62.28,32980313
2008-07-30,61.96,63.07,61.16,62.3,15344624
2008-07-31,61.93,63.47,61.84,62.63,12345919
2008-08-01,62.31,63.35,62.16,62.78,8618417
2008-08-04,63.17,63.99,62.81,63.67,10280968
2008-08-05,63.79,63.99,62.81,63.69,10284413
2008-08-06,62.88,63.71,62.66,63.49,11568850
2008-08-07,63.33,64.23,61.72,62.04,11157845
2008-08-08,62.38,63.8,62.18,63.8,7995194
2008-08-11,63.02,64.18,62.94,64.01,7245654
2008-08-12,63.79,64.04,63.12,63.55,7037841
2008-08-13,63.12,64.08,63.05,63.49,7366171
2008-08-14,63.82,65.02,63.36,64.21,14714902
2008-08-15,64.14,65.6,64.14,65.06,13131906
2008-08-18,64.96,65.1,64.16,64.5,9382303
2008-08-19,64,64.44,63.77,63.94,7925883
2008-08-20,64.05,64.29,63.4,63.57,9584098
2008-08-21,63.01,63.91,62.78,63.81,6915225
2008-08-22,64.2,64.23,63.5,64.01,6768620
2008-08-25,63.43,64.22,63.14,63.96,8369556
2008-08-26,63.88,64.5,63.55,63.93,6949342
2008-08-27,63.94,64,62.24,63.71,8351446
2008-08-28,63.44,64.17,63.44,64.08,10522287
2008-08-29,63.66,64.16,62.83,62.85,6727492
2008-09-02,63.46,64.22,62.42,62.51,7657717
2008-09-03,62.67,63.23,62.06,63.1,7207077
2008-09-04,62.98,63.53,60.88,60.88,8933866
2008-09-05,60.49,61.22,59.63,60.41,9757454
2008-09-08,60.51,60.92,59.24,59.78,12198306
2008-09-09,59.68,61.24,59.53,60.51,13646364
2008-09-10,60.85,62.71,60.38,62.1,11077170
2008-09-11,61.71,63.45,61.5,63.39,12082117
2008-09-12,63.06,63.45,62.31,62.87,9507184
2008-09-15,61.83,63.43,61.3,62.19,14707225
2008-09-16,61.79,66.51,61.25,65.89,39118755
2008-09-17,64.3,65,61.54,61.73,19793083
2008-09-18,62.02,63.14,58.16,59.99,23900690
2008-09-19,61.82,63,27,59.97,20283677
2008-09-22,59.4,59.99,57.48,57.56,10244346
2008-09-23,57.76,59.48,57.57,57.57,7784160
2008-09-24,57.72,58.99,57.33,58.38,8469800
2008-09-25,58.72,60,58.14,59.93,11733210
2008-09-26,58.8,61.37,58.75,60.67,12358444
2008-09-29,60.02,60.88,55.5,55.5,13089785
2008-09-30,57.25,59.49,57.04,59.27,14371155
2008-10-01,58.89,59.6,57.96,59.18,8422788
2008-10-02,59.2,60,58.29,58.59,11199148
2008-10-03,59.26,60.75,58.72,58.89,14535659
2008-10-06,57.64,59.44,53.55,54.98,20658752
2008-10-07,55.01,56.07,51.69,51.69,16581030
2008-10-08,50.51,53.99,50.05,52.12,15876151
2008-10-09,51.98,53.5,49.57,50.26,14721993
2008-10-10,48.25,49.69,45,48.58,20168095
2008-10-13,50.33,53.98,49.54,53.8,14757565
2008-10-14,53.47,54.33,51.55,51.61,11100918
2008-10-15,51.97,52.27,47.25,47.76,12997471
2008-10-16,47.91,50.89,46.63,50.8,15247664
2008-10-17,49.1,53.87,49,50.19,13615353
2008-10-20,50.55,53.45,50.33,53.35,10236598
2008-10-21,52.44,54.79,51.95,52.33,8633651
2008-10-22,51.38,52.21,49.4,49.7,10422541
2008-10-23,53.15,57.85,51.59,55.55,22943907
2008-10-24,52.64,58.45,52.55,57.17,15758407
2008-10-27,56.08,57.61,54.45,54.74,11595513
2008-10-28,55.98,60,55.65,60,17302642
2008-10-29,59.82,60.99,58.57,58.88,14686392
2008-10-30,60.47,60.98,59.36,60.53,9014094
2008-10-31,60.61,61.56,59.17,59.89,11081936
2008-11-03,60.47,61.84,60.21,61.55,10330689
2008-11-04,62.26,62.46,59.62,60.57,11460297
2008-11-05,59.77,60.57,59.34,59.42,10646702
2008-11-06,59.09,60.47,56.44,56.56,16849195
2008-11-07,57.49,58.88,56.4,58.87,10006903
2008-11-10,60.74,60.9,57.55,58.78,7910917
2008-11-11,58.22,59.31,57.61,58.43,8429692
2008-11-12,57.53,58.15,55.2,55.47,9322810
2008-11-13,55.44,59.62,55.31,59.6,13623186
2008-11-14,59.01,60,57.89,58.23,12293730
2008-11-17,57.14,58.38,55.9,56.09,9900680
2008-11-18,55.93,56.77,53.45,56.34,12197056
2008-11-19,56.38,56.82,53.55,53.64,9805084
2008-11-20,53.63,54.73,50.09,50.13,14174231
2008-11-21,51.55,55.08,51.1,54.9,19385457
2008-11-24,55.64,56.49,54.99,55.99,15059533
2008-11-25,57.58,57.6,54.12,54.93,12542809
2008-11-26,54.13,55.9,54.12,55.9,6790767
2008-11-28,55.41,55.99,55.1,55.54,2580979
2008-12-01,54.94,56.58,54.42,54.77,10682020
2008-12-02,54.86,55.8,53.66,54.64,10799169
2008-12-03,53.6,57.74,53.5,57.47,9872472
2008-12-04,56.8,57.59,56,56.34,8211367
2008-12-05,56.03,57.94,55.42,57.4,9278798
2008-12-08,57.94,58.64,56.84,58.17,11039614
2008-12-09,57.95,58.25,56.97,57.96,10162485
2008-12-10,58.13,58.25,57,58.05,9103351
2008-12-11,58.01,58.83,56.9,57.25,9415086
2008-12-12,56.06,58.34,56.05,58.13,7305623
2008-12-15,57.78,58.49,57.44,57.71,5548056
2008-12-16,57.89,59.5,57.84,59.38,8885590
2008-12-17,58.99,59.52,58.41,58.42,6035617
2008-12-18,58.6,60,57.53,58.02,11512824
2008-12-19,58.11,59.27,57.52,57.83,12852924
2008-12-22,58.17,58.52,56.48,57.13,5917827
2008-12-23,57.56,58.66,57.15,57.37,4882220
2008-12-24,57.38,57.89,56.88,57.16,1821323
2008-12-26,57.25,57.8,56.91,57.36,1544848
2008-12-29,57.36,57.56,56.27,56.87,5300304
2008-12-30,57,57.66,56.82,57.59,4300762
2008-12-31,57.11,58.22,57.06,57.75,6287189
2009-01-02,58.59,59.08,57.75,58.99,6552242
2009-01-05,59.22,59.65,58,59.65,10946599
2009-01-06,60.04,60.15,57.75,58.34,8982436
2009-01-07,57.83,58.75,57.74,58.2,5725316
2009-01-08,58.06,59.28,58.02,59.26,5576563
2009-01-09,59.1,59.79,57.62,57.78,6175720
2009-01-12,57.58,57.72,56.34,57.06,7703511
2009-01-13,57.16,58.03,57.05,57.71,7466571
2009-01-14,56.75,57.26,55.75,56.08,6644517
2009-01-15,55.76,57.29,55.22,57.16,8349798
2009-01-16,57.62,57.76,56.72,57.52,7020258
2009-01-20,56.99,57.79,54.92,55,8660126
2009-01-21,55.49,55.7,54.05,55.53,9451234
2009-01-22,54.84,55.57,54.2,55.23,6315257
2009-01-23,54.48,54.98,53,53.19,9870386
2009-01-26,53.3,54.72,52.55,54.41,10078586
2009-01-27,53.4,53.77,52.45,53.09,12636263
2009-01-28,53.67,55.23,53.24,54.75,9199053
2009-01-29,54.15,55.27,54.15,54.82,7668303
2009-01-30,54.59,55.81,54.51,54.85,8037550
2009-02-02,54.43,55.71,54.3,55.36,7061328
2009-02-03,55.77,56.91,55.45,56.66,7668844
2009-02-04,56.79,57.85,56.17,56.77,7420440
2009-02-05,56.08,57.2,55.49,57.11,6880302
2009-02-06,57.1,58.13,56.82,58.03,7888594
2009-02-09,58,58.89,57.85,58.74,7402036
2009-02-10,58.24,58.84,57.25,57.41,9289338
2009-02-11,57.44,58.2,57.15,58.01,7494923
2009-02-12,57.51,58.46,57.1,58.41,8706946
2009-02-13,58.26,58.77,57.8,57.9,5358750
2009-02-17,56.9,57.36,56.25,56.41,8469837
2009-02-18,56.39,57.75,56.3,57.39,8625961
2009-02-19,57.73,57.97,56.98,57.08,6497793
2009-02-20,56.82,57.55,55.99,56.69,10282556
2009-02-23,56.86,57.12,56,56.13,8372103
2009-02-24,56.83,56.99,56.22,56.8,9778724
2009-02-25,56.63,57.7,55.99,56.56,9290326
2009-02-26,56.56,56.6,51.2,51.23,18572030
2009-02-27,50.08,51.01,48.78,48.93,19943231
2009-03-02,48.33,48.74,47.65,47.88,14196158
2009-03-03,48,48.89,47.45,47.71,10687894
2009-03-04,48.07,49.45,47.73,48.59,8986083
2009-03-05,47.71,47.95,47.1,47.2,11002490
2009-03-06,47.03,47.64,45.73,46.38,14071189
2009-03-09,45.82,46.58,45.8,46.27,9403845
2009-03-10,46.91,48.36,46.4,48.34,11271938
2009-03-11,48.58,49.42,47.14,47.27,11208052
2009-03-12,47.51,50.64,47.17,50.27,10489865
2009-03-13,50.61,51.42,49.9,51.25,8629455
2009-03-16,51.75,52.1,50.74,50.78,9588055
2009-03-17,51.24,52,50.5,51.75,7856132
2009-03-18,51.39,51.52,50.08,50.51,9019143
2009-03-19,51.09,51.1,48.43,48.85,9555468
2009-03-20,49.47,49.87,48.52,48.62,13092424
2009-03-23,49.54,50.94,48.84,50.91,7843315
2009-03-24,50.58,50.97,48.78,49,9213876
2009-03-25,49.48,50.43,48.75,49.82,8718739
2009-03-26,50.06,51.64,49.96,51.47,8548614
2009-03-27,52.79,52.82,51.5,51.65,8849138
2009-03-30,51.5,51.98,49.71,50.52,9432832
2009-03-31,50.74,50.8,49.26,49.52,12006590
2009-04-01,48.78,48.93,47.1,48.33,10857297
2009-04-02,49.14,49.26,46.6,47.29,13491741
2009-04-03,47.87,47.97,46.08,46.57,8484790
2009-04-06,46.46,48.06,46.37,47.84,10580143
2009-04-07,47.48,47.94,46.89,47.38,6687933
2009-04-08,47.7,47.99,46.57,47.97,6235517
2009-04-09,48.12,48.74,47.26,47.84,6723472
2009-04-13,47.47,47.94,47.29,47.55,7180525
2009-04-14,47.18,48.42,46.8,48.08,9814888
2009-04-15,47.51,48,47.13,47.62,8372911
2009-04-16,47.63,47.87,46.2,47.18,7799959
2009-04-17,47.45,47.93,46.7,47.07,9763454
2009-04-20,46.62,46.92,45.18,45.74,10157809
2009-04-21,46.2,46.56,45.05,46.09,7820788
2009-04-22,46.28,46.32,44.96,45.11,9316197
2009-04-23,45.1,47.1,45,46.82,10650688
2009-04-24,48.07,50.02,47.69,49.83,16121841
2009-04-27,49.41,50.55,49.33,50.18,8519036
2009-04-28,49.93,51.07,49.85,50.44,6461732
2009-04-29,50.68,51.76,50.32,51.03,5549058
2009-04-30,51.33,51.33,48.25,48.47,12256648
2009-05-01,48.48,49.1,48.07,48.61,6103049
2009-05-04,49.12,49.19,48.08,48.51,5993773
2009-05-05,48.53,48.88,47.52,47.99,6704493
2009-05-06,48.42,48.49,46.95,47.63,8116568
2009-05-07,47.84,48.4,46.55,47.08,11711231
2009-05-08,47.24,47.81,46.46,47.2,8619353
2009-05-11,46.8,48.18,46.5,47.92,8427897
2009-05-12,47.86,49,47.5,48.22,9026179
2009-05-13,48.27,49.06,48,48.05,7690718
2009-05-14,48.37,49.01,48,48.18,6813558
2009-05-15,48.36,48.56,47.5,48.16,7823553
2009-05-18,48.66,49.46,47.84,49.34,7479158
2009-05-19,49.29,50.08,49.07,49.94,7658426
2009-05-20,50.07,51,49.91,50.59,7602608
2009-05-21,50,50.53,48.8,49.49,6371789
2009-05-22,49.7,49.89,49.01,49.3,3070364
2009-05-26,48.36,50.43,48.2,50.33,6679214
2009-05-27,50.17,50.81,49.43,49.75,6339139
2009-05-28,49.75,50.46,49.44,50.08,4785650
2009-05-29,50,50.33,49.1,49.94,7013715
2009-06-01,50.45,50.63,49.87,50.1,5228414
2009-06-02,50.6,51.38,50.34,50.73,7060531
2009-06-03,50.76,52.12,49.99,51.92,7903215
2009-06-04,51.94,52.35,50.54,51.01,6458479
2009-06-05,51.5,51.72,50.15,50.89,5375183
2009-06-08,50.42,51.47,50.27,50.92,5366351
2009-06-09,51.28,51.3,50.41,50.75,5276298
2009-06-10,50.45,51.94,49.6,50.11,9289273
2009-06-11,50,50.58,49.3,49.88,8025951
2009-06-12,49.61,50.7,49.34,50.4,6803490
2009-06-15,49.98,50.25,49.21,49.44,7046597
2009-06-16,50.21,51.63,49.98,51.21,10943960
2009-06-17,51.4,53.14,51.31,52.81,11275024
2009-06-18,53.07,53.28,52.22,53.03,9186175
2009-06-19,53.3,53.85,52.06,52.34,19999654
2009-06-22,51.54,51.79,50.92,50.99,9793303
2009-06-23,51.05,51.52,50.92,51.14,8049768
2009-06-24,51.04,51.39,50.66,51.01,8024599
2009-06-25,50.99,52.15,50.65,51.92,8177520
2009-06-26,51.44,52.95,51.01,52.8,31114142
2009-06-29,52.56,53.25,52.04,53.11,12455213
2009-06-30,52.91,53.39,52.25,52.94,10806988
2009-07-01,53.5,53.5,52.67,52.76,8365465
2009-07-02,52.5,52.69,51.46,51.47,7573563
2009-07-06,51.19,52.18,50.65,52.05,7246192
2009-07-07,51.91,52.96,51.61,52.23,10105683
2009-07-08,60.25,60.95,59.38,59.5,50041987
2009-07-09,59.03,59.29,57.54,58.13,16209775
2009-07-10,57.62,58.76,57.38,57.81,8610415
2009-07-13,58.03,58.22,57.15,58.01,11954816
2009-07-14,57.9,58.78,57.83,58.1,8520549
2009-07-15,58.36,58.38,57.24,57.87,10237367
2009-07-16,57.91,59.82,57.51,58.47,12188368
2009-07-17,58.8,59,58,58.79,7929011
2009-07-20,58.58,58.9,57.79,58.27,7191345
2009-07-21,58.67,58.93,58.11,58.63,6782559
2009-07-22,58.6,59.11,58.02,58.37,5492806
2009-07-23,58.44,59.97,58.04,59.84,10015248
2009-07-24,59.2,61,59.2,60.92,6774420
2009-07-27,61.01,61.5,59.78,60.77,10946730
2009-07-28,62.71,62.84,61.42,62.42,18802096
2009-07-29,62.62,63.5,62.36,63.23,11814372
2009-07-30,63.67,64.5,62.99,63.11,9858649
2009-07-31,63.04,63.61,62,62.31,6361271
2009-08-03,62.42,62.98,61.71,62.88,7142668
2009-08-04,62.14,64.43,62.12,64.41,11739216
2009-08-05,63.66,63.83,62.01,62.31,7095325
2009-08-06,62.42,62.46,60.64,60.69,8896020
2009-08-07,61.55,61.59,59.97,60.49,8677340
2009-08-10,60.47,61.33,59.79,61.24,6725680
2009-08-11,61.02,62.98,60.46,62.81,15446562
2009-08-12,62.71,62.8,61.77,62.16,9858608
2009-08-13,62.26,64.76,60.61,60.86,20757814
2009-08-14,61.13,61.58,59.99,60.85,12952167
2009-08-17,60.48,60.65,59.73,59.84,8360572
2009-08-18,59.95,60.31,59.23,59.76,6326455
2009-08-19,59.5,60.3,59.15,60.14,6346922
2009-08-20,59.95,60.72,59.6,60.29,4589707
2009-08-21,60.83,61.01,59.7,60.64,6605238
2009-08-24,60.75,60.84,60.03,60.38,5300344
2009-08-25,60.17,60.98,60.12,60.36,6150806
2009-08-26,60.45,61.79,60.02,61.24,6176792
2009-08-27,60.85,61.18,60,60.25,6098883
2009-08-28,60.28,60.79,59.16,59.61,5162034
2009-08-31,59.15,60.16,59.15,59.78,6981019
2009-09-01,59.61,60.66,58.65,58.98,6599612
2009-09-02,58.83,59.34,58.56,59.1,5188673
2009-09-03,58.81,58.81,57.64,58.47,6966799
2009-09-04,58.28,59.02,58.12,58.95,4668205
2009-09-08,59,59.63,58.82,59.16,6046402
2009-09-09,58.95,59.57,58.78,59.18,4763868
2009-09-10,59.43,59.45,58.64,59.03,5739986
2009-09-11,58.95,59.02,58.42,58.54,4800720
2009-09-14,58.5,59.52,58.5,59.21,5112179
2009-09-15,59.05,59.08,58.1,58.48,7118044
2009-09-16,58.6,59.77,58.46,59.69,6510975
2009-09-17,59.85,60.56,59.62,60.52,7710333
2009-09-18,60.8,61.3,60.43,60.8,9661608
2009-09-21,62.22,62.37,61.17,62.31,8262574
2009-09-22,62.41,62.52,60.58,60.83,9152063
2009-09-23,60.99,61,60.27,60.55,7590042
2009-09-24,60.49,61.22,60.34,60.78,6095365
2009-09-25,60.69,61.17,60.22,60.27,5079805
2009-09-28,60.33,61.48,60.33,60.45,4644357
2009-09-29,60.74,61.25,60.16,60.46,5599139
2009-09-30,60.5,60.67,59.6,60.23,5991805
2009-10-01,60.15,60.44,58.98,59,6999558
2009-10-02,58.99,59.26,58.36,58.58,4520189
2009-10-05,58.64,58.8,58.01,58.31,5196591
2009-10-06,58.28,59.37,58.17,58.86,5389152
2009-10-07,58.67,58.87,58.3,58.54,4616140
2009-10-08,58.97,59.44,58.71,58.89,5364667
2009-10-09,59.02,59.76,58.97,59.42,4776233
2009-10-12,60.03,60.4,59.35,59.51,5484498
2009-10-13,59.38,59.57,58.95,59.27,5469024
2009-10-14,59.35,60.77,59.35,60.57,6693050
2009-10-15,60.57,61.85,60.35,61.83,7894251
2009-10-16,61.46,61.73,60.69,61.32,6565142
2009-10-19,59.76,61.2,59.5,60.24,10702154
2009-10-20,59.65,59.84,58.03,58.14,10859020
2009-10-21,58.68,59.99,58.2,59.4,13341916
2009-10-22,57.71,57.74,56.04,56.85,20593259
2009-10-23,56.78,56.82,55.75,56.17,9602479
2009-10-26,56.19,56.62,54.07,54.33,12607272
2009-10-27,54,54.85,53.8,54.41,8858480
2009-10-28,54.35,54.79,53.69,53.71,6697906
2009-10-29,53.93,54.63,53.93,54.29,7091700
2009-10-30,54.11,54.84,52.91,53.62,12033970
2009-11-02,52.86,53.83,52.17,52.43,10767347
2009-11-03,52.28,52.87,52,52.54,7073899
2009-11-04,52.48,52.87,51.72,52.12,8535969
2009-11-05,53.08,54.32,52.77,54.05,8533165
2009-11-06,53.87,54.94,53.87,54.69,5495396
2009-11-09,54.71,55.13,54.51,54.91,6329705
2009-11-10,54.84,54.96,53.8,54.1,8895798
2009-11-11,54.17,54.85,54.16,54.78,4911057
2009-11-12,55.24,55.81,54.82,55.22,8231576
2009-11-13,55.19,55.64,55.18,55.41,5140016
2009-11-16,55.55,56.35,55.33,56.14,6176676
2009-11-17,56,56.35,55.82,56.28,4139125
2009-11-18,55.97,56.47,55.8,56.14,5948787
2009-11-19,55.88,56.24,55.5,56.06,4980317
2009-11-20,55.79,55.79,55.12,55.38,9493251
2009-11-23,55.82,56.59,55.75,56.25,5033553
2009-11-24,56.45,56.8,56.18,56.8,5177927
2009-11-25,56.85,57.73,56.71,57.08,4672920
2009-11-27,55.76,56.98,55.58,56.5,2977023
2009-11-30,56.67,57,56.25,56.35,5740369
2009-12-01,56.38,57.25,56.34,57.08,4941541
2009-12-02,57.08,57.88,57.03,57.5,4675406
2009-12-03,57.41,57.57,56.29,56.55,7289265
2009-12-04,57.08,57.45,56.54,56.85,5108815
2009-12-07,57.32,57.45,56.33,56.48,6061254
2009-12-08,56,56.21,55.72,55.93,4881605
2009-12-09,55.76,56.21,55.38,56.08,4969302
2009-12-10,56.04,56.85,56,56.2,6486173
2009-12-11,56.29,56.68,56.04,56.31,4428367
2009-12-14,56.48,57.1,56.4,56.86,4178678
2009-12-15,56.59,56.79,55.55,55.75,5332544
2009-12-16,55.88,56.14,55.04,55.07,6880699
2009-12-17,55.04,55.04,54.12,54.58,6136342
2009-12-18,55.23,56.01,54.9,55.8,11947946
2009-12-21,56.07,57.12,56,56.73,5680564
2009-12-22,57.27,57.56,57.07,57.22,4219820
2009-12-23,57.49,57.67,57.05,57.35,4291998
2009-12-24,57.16,57.45,56.9,57.42,1283631
2009-12-28,57.48,57.73,57.23,57.66,2741090
2009-12-29,57.77,57.92,57.17,57.52,3091862
2009-12-30,57.51,57.8,57.3,57.54,2485401
2009-12-31,57.47,57.5,56.57,56.57,4027837
2010-01-04,56.63,57.87,56.56,57.72,5277348
2010-01-05,57.33,57.69,56.27,57.22,7882733
2010-01-06,56.94,57.39,56.5,56.79,6015293
2010-01-07,56.41,56.53,54.65,56.27,10377133
2010-01-08,56.07,56.83,55.64,56.77,6576197
2010-01-11,56.93,57.36,56.62,57.02,4062611
2010-01-12,57.14,57.42,54.82,56.03,11268491
2010-01-13,56.35,56.75,55.96,56.53,5056153
2010-01-14,56.35,56.53,55.91,56.16,4668852
2010-01-15,56.03,56.51,55.65,56.25,7239998
2010-01-19,56.41,57.75,56.24,57.55,8570067
2010-01-20,57.62,57.62,56.41,57.2,6626880
2010-01-21,57.43,57.56,56.31,56.63,5835261
2010-01-22,56.67,57.3,56.53,56.6,5967541
2010-01-25,56.72,56.79,55.55,55.71,6725406
2010-01-26,56.2,56.87,55.7,56.58,14880834
2010-01-27,56.35,57.88,56.35,57.74,9696514
2010-01-28,57.87,58.78,57.56,58.08,11638635
2010-01-29,58.27,58.93,58.16,58.48,9465684
2010-02-01,58.52,58.84,58.37,58.72,7081652
2010-02-02,58.6,59.3,58.41,59.23,7670798
2010-02-03,58.9,59.42,58.86,59.07,7082575
2010-02-04,58.9,59.06,57.33,57.53,9534487
2010-02-05,57.54,58.03,56.64,57.68,8415902
2010-02-08,57.54,57.92,56.7,57.46,5951722
2010-02-09,58.24,58.4,56.7,57.21,18732186
2010-02-10,57.09,57.29,56.37,56.84,6022303
2010-02-11,56.56,57,56.23,56.5,8491024
2010-02-12,56.22,56.72,56.02,56.48,8008629
2010-02-16,56.62,57,56.2,56.99,5245895
2010-02-17,56.93,57.57,56.75,57.2,6831870
2010-02-18,57.3,57.44,57.1,57.27,8120443
2010-02-19,57.05,57.71,56.95,57.38,7131581
2010-02-22,57.36,57.44,56.8,57.1,7183911
2010-02-23,56.96,57.22,56.35,56.38,7702955
2010-02-24,56.66,56.98,56.35,56.74,4887605
2010-02-25,56.3,56.48,55.78,56.25,6592161
2010-02-26,56.25,57.03,56.1,56.61,6351636
2010-03-01,56.74,57.09,56.72,56.9,5638744
2010-03-02,56.91,57.02,56.47,56.87,7219097
2010-03-03,56.87,57.17,56.67,56.9,5655596
2010-03-04,57.01,57.08,56.37,56.77,6126984
2010-03-05,56.75,57.26,56.21,57.24,6529035
2010-03-08,57.25,58.1,57.2,57.61,4409256
2010-03-09,57.27,57.93,57.26,57.76,5095370
2010-03-10,57.98,57.99,57.5,57.78,4620621
2010-03-11,57.43,57.74,57.08,57.49,4346884
2010-03-12,57.72,57.75,57.16,57.43,3604355
2010-03-15,57.27,57.75,56.53,56.89,7051795
2010-03-16,57.29,57.54,56.71,57.42,6256491
2010-03-17,57.36,57.43,56.9,57.43,5348587
2010-03-18,57.41,58.44,57.16,58.31,6442830
2010-03-19,58.92,60.13,57.65,60,18906780
2010-03-22,59.61,60.39,59.5,60.09,8838945
2010-03-23,59.91,60.08,59.61,60.06,5024837
2010-03-24,59.79,60,58.96,59.07,9374934
2010-03-25,59.4,59.79,59,59.26,8862936
2010-03-26,59.34,59.92,59,59.41,5627031
2010-03-29,59.7,60.15,59.61,59.91,4268699
2010-03-30,59.81,60.27,59.56,60.09,4360362
2010-03-31,60,60.22,59.69,59.84,4975094
2010-04-05,60.74,60.89,60.27,60.42,3679789
2010-04-06,60.25,60.48,59.84,60.29,3947180
2010-04-07,60.29,60.76,60.08,60.35,4573424
2010-04-08,60.41,60.83,59.87,60.52,4367676
2010-04-09,60.26,60.92,60.26,60.9,3585532
2010-04-12,60.66,60.9,60.16,60.37,5588569
2010-04-13,59.93,60.9,59.93,60.68,4710472
2010-04-14,60.42,61.2,60.38,61.14,5183965
2010-04-15,60.87,61.07,60.45,60.64,4636687
2010-04-16,60.68,61.06,60.04,60.72,7315786
2010-04-19,60.59,61.26,60.16,61.07,4270265
2010-04-20,61.1,61.1,59.9,60.18,7220028
2010-04-21,59.85,60,58.11,58.71,13766003
2010-04-22,57.81,58.73,57.03,58.16,10398886
2010-04-23,58.09,59,57.76,58.88,7107572
2010-04-26,58.98,59.2,58.41,58.43,6157359
2010-04-27,58.2,58.92,57.78,57.84,6178824
2010-04-28,57.92,58.56,57.78,58.18,6236071
2010-04-29,58.38,59.05,58.07,58.59,4342663
2010-04-30,58.88,59.03,57.29,57.31,8193841
2010-05-03,57.45,57.95,57.13,57.59,5912492
2010-05-04,57.11,57.23,55.91,56.83,7686340
2010-05-05,56.94,57.35,56.3,56.6,5994725
2010-05-06,56.43,56.49,52.8,54.75,9745930
2010-05-07,54.53,55.28,53.52,54.46,10580822
2010-05-10,55.3,56.95,55.16,55.58,8395789
2010-05-11,55.29,56.74,55,55.93,5909980
2010-05-12,55.92,56.84,55.52,56.6,5446736
2010-05-13,56.36,56.51,55.78,55.88,4747694
2010-05-14,55.7,55.88,54.21,54.69,5717023
2010-05-17,55.38,55.38,53.88,54.81,5904160
2010-05-18,54.93,55.35,54.56,54.67,4389392
2010-05-19,54.5,55.76,54.34,55.26,5817090
2010-05-20,54.18,54.74,52.84,52.94,7301699
2010-05-21,52.19,53.49,51.82,52.44,10539494
2010-05-24,52.01,53.15,51.63,52.66,7194525
2010-05-25,51.95,52.66,51.17,52.55,8788031
2010-05-26,52.44,52.44,50.32,50.36,11039834
2010-05-27,51.03,51.45,50.66,51.43,7325612
2010-05-28,51.75,52.23,51.46,51.78,11169797
2010-06-01,51.72,52.39,50.75,50.76,7269514
2010-06-02,53.55,56.32,53.31,56.09,26218614
2010-06-03,55.89,56.03,54.94,55.64,10172809
2010-06-04,54.82,55.36,54.15,54.34,10356178
2010-06-07,54.17,54.21,53.2,53.51,9963789
2010-06-08,53.52,53.89,52.96,53.82,7986033
2010-06-09,53.8,54.06,52.94,53.15,6275285
2010-06-10,53.61,54.28,53.28,54.01,6195203
2010-06-11,53.63,54.46,53.53,54.1,4252949
2010-06-14,54.21,54.82,54.03,54.07,4265348
2010-06-15,54.16,55.16,54.08,55.12,4855593
2010-06-16,54.88,55.52,54.7,55.22,4742634
2010-06-17,55.19,55.45,54.51,55.44,5730498
2010-06-18,55.44,55.82,54.6,55.2,10856606
2010-06-21,56.86,58.32,56.31,56.52,10297001
2010-06-22,56.34,57.2,56.04,56.12,5819754
2010-06-23,55.76,56.64,55.37,56.2,5859152
2010-06-24,55.91,56.78,55.72,56.15,9048005
2010-06-25,56.61,57.08,55.5,56.26,33298229
2010-06-28,56.05,56.09,55,55.41,6206504
2010-06-29,54.83,54.96,53.83,54.12,8307265
2010-06-30,53.87,54.49,52.6,52.6,8538641
2010-07-01,52.59,52.59,51,52.02,9754610
2010-07-02,52.01,52.5,51.41,51.7,5238018
2010-07-06,52.04,52.24,50.75,51.3,6092944
2010-07-07,51.76,51.9,50.56,51.4,7575277
2010-07-08,51.51,52.26,51.02,52.23,6758569
2010-07-09,52.35,52.61,51.9,52.56,4810805
2010-07-12,52.24,52.56,51.9,52.44,4254872
2010-07-13,52.66,53.29,52.54,52.76,3907322
2010-07-14,52.3,53,52.28,52.62,4082971
2010-07-15,52.54,53.22,52.29,52.92,4685232
2010-07-16,52.91,53.13,51.92,52.17,8027479
2010-07-19,52.46,53.61,52.31,53.6,7830223
2010-07-20,52.96,53.2,52.08,53.2,5630395
2010-07-21,53.1,53.31,52.09,52.25,6026995
2010-07-22,52.62,53.83,52.62,53.31,5049263
2010-07-23,53.02,53.18,51.61,52.75,8760615
2010-07-26,52.58,53.89,52.58,53.67,4091249
2010-07-27,53.92,55.06,53.78,54.51,7667665
2010-07-28,54.6,54.68,52.76,53.76,4946613
2010-07-29,54.14,54.4,52.83,53.37,5908306
2010-07-30,53.21,55.04,52.43,54.53,7289281
2010-08-02,55.25,55.34,54.68,54.87,5549245
2010-08-03,54.52,55.28,54.49,54.71,3964658
2010-08-04,55.01,55.96,54.68,55.76,4815655
2010-08-05,55.38,55.61,55.17,55.32,3072836
2010-08-06,54.71,56,54.52,55.94,3474186
2010-08-09,55.97,56,55.42,55.66,3318018
2010-08-10,55.37,56.14,54.83,55.72,4152500
2010-08-11,54.75,54.9,53.5,53.69,5466249
2010-08-12,53.63,54.98,53.04,54.75,6241870
2010-08-13,54.39,55.36,54.18,55.02,5514700
2010-08-16,54.38,54.6,53.57,54.08,5648086
2010-08-17,53.89,54.38,53.69,53.96,5000268
2010-08-18,53.69,54.3,53.15,54.14,5550251
2010-08-19,53.91,53.99,52.29,52.72,4895580
2010-08-20,52.55,52.67,52.07,52.34,4386164
2010-08-23,52.47,52.97,51.93,51.95,3466059
2010-08-24,51.7,51.7,50.91,51.06,5937586
2010-08-25,50.88,52.02,50.71,51.84,5125900
2010-08-26,51.96,52.07,50.73,50.93,5272718
2010-08-27,51,52.41,50.26,52.08,7091339
2010-08-30,51.72,52.58,51.63,51.63,4689403
2010-08-31,51.39,51.66,50.85,51.04,6635927
2010-09-01,51.61,52.75,51.28,52.59,4780952
2010-09-02,52.59,52.66,52.18,52.51,3273684
2010-09-03,52.57,53.07,52.57,52.91,5360930
2010-09-07,52.65,52.87,52.31,52.51,2761055
2010-09-08,52.47,53.14,52.26,52.94,4900804
2010-09-09,53.33,53.9,53.18,53.79,5581750
2010-09-10,53.86,54.62,53.7,54.35,4862714
2010-09-13,54.74,54.75,54.1,54.4,6324234
2010-09-14,54.2,54.97,54.12,54.52,6375367
2010-09-15,54.22,55.41,54.07,55.3,5081571
2010-09-16,55.2,55.22,54.77,55.1,4063794
2010-09-17,55.19,55.43,55,55.22,6502133
2010-09-20,55.19,56.08,54.97,55.94,6312466
2010-09-21,55.88,56,55.34,55.75,5149158
2010-09-22,55.51,56.84,55.51,56.27,5071165
2010-09-23,55.89,56.44,55.66,55.72,4592475
2010-09-24,55.78,56.37,55.3,56.32,5293220
2010-09-27,55.94,56.43,55.64,55.69,4416703
2010-09-28,55.9,56.5,55.18,56,4610892
2010-09-29,55.97,55.99,54.07,54.94,8490942
2010-09-30,55.02,55.57,54.65,55.11,6268952
2010-10-01,55.57,55.73,54.86,55.51,4592069
2010-10-04,55.32,55.61,54.68,55.05,4851798
2010-10-05,55.24,56.25,55.2,56.12,5601892
2010-10-06,55.88,56.11,55.32,55.83,4666267
2010-10-07,55.97,56.27,54.16,55.96,5914367
2010-10-08,56.1,56.66,55.89,56.39,4490174
2010-10-11,56.28,56.35,55.86,56.1,4352293
2010-10-12,55.77,56.12,55.48,55.94,6273870
2010-10-13,55.89,56.1,55.44,55.49,8058963
2010-10-14,55.11,55.5,54.6,54.86,9065395
2010-10-15,55.26,56.81,55.02,56.71,11232373
2010-10-18,56.37,57.96,56.21,57.96,10202350
2010-10-19,57.67,58.74,56.85,57.33,8720022
2010-10-20,57.83,58.36,57.17,57.73,6176648
2010-10-21,57.81,57.99,56.95,57.62,4702838
2010-10-22,57.59,57.79,57.25,57.55,3727977
2010-10-25,57.98,58.42,57.72,57.95,5186348
2010-10-26,57.11,57.5,56.6,57.26,7057418
2010-10-27,56.75,57.18,56.46,57.03,5673050
2010-10-28,57.36,57.63,56.91,57.27,4181266
2010-10-29,56.95,57.46,56.8,57.19,3383919
2010-11-01,57.02,57.95,56.91,57.43,4081602
2010-11-02,57.61,57.85,57.21,57.34,4076542
2010-11-03,57.26,57.72,57.07,57.3,4426998
2010-11-04,56.99,57.4,55.65,56.01,9590067
2010-11-05,56.02,56.09,54.88,55.42,6902386
2010-11-08,55.13,55.43,54.99,55.29,4527821
2010-11-09,55.18,55.44,54.75,54.93,7682616
2010-11-10,54.76,54.94,53.97,54.7,6180515
2010-11-11,54.28,54.82,54.09,54.62,5385807
2010-11-12,54.28,54.7,54.23,54.47,5017151
2010-11-15,54.32,54.82,54.23,54.51,3929675
2010-11-16,54.08,54.57,53.76,54.03,6811338
2010-11-17,53.75,54.06,53.44,53.87,5872444
2010-11-18,54,55.43,53.91,55.14,8362645
2010-11-19,55.53,55.58,54.72,55,9153987
2010-11-22,54.99,55.08,54.06,54.74,5289742
2010-11-23,54.28,54.33,53.51,53.6,7067679
2010-11-24,53.75,54.25,53.72,53.83,4304052
2010-11-26,53.53,53.9,53.37,53.56,1755467
2010-11-29,53.08,53.58,52.19,53.32,6368465
2010-11-30,52.61,53.03,52.42,52.69,6033242
2010-12-01,53.32,53.77,53,53.52,5730721
2010-12-02,53.35,53.92,53.19,53.84,3971498
2010-12-03,54,54.25,53.46,53.73,7130247
2010-12-06,53.4,53.64,53.15,53.4,4074937
2010-12-07,53.62,53.72,52.98,53.13,5843308
2010-12-08,53.04,53.55,53,53.28,4667927
2010-12-09,53.31,53.58,53.1,53.4,4701251
2010-12-10,53.32,54,53.29,53.89,6567702
2010-12-13,53.94,54.34,53.85,54.11,5523037
2010-12-14,56.45,57.22,55.24,56.76,23625188
2010-12-15,56.53,56.95,55.35,55.67,14254322
2010-12-16,55.7,56.8,55.64,56.63,12950729
2010-12-17,57,57.9,56.58,57.42,21618887
2010-12-20,57.56,57.98,57.44,57.65,6987576
2010-12-21,57.57,57.7,57.17,57.39,5601058
2010-12-22,57.2,57.37,56.63,56.95,4411779
2010-12-23,56.7,57.07,56.46,56.71,4077701
2010-12-27,56.53,56.67,56.01,56.44,2758310
2010-12-28,56.38,56.56,55.94,55.96,4025113
2010-12-29,56.15,56.37,55.87,55.87,3607636
2010-12-30,55.69,56.17,55.46,55.53,3413996
2010-12-31,55.47,55.61,54.76,54.9,3997997
2011-01-03,55.2,56.28,55.18,55.55,5453230
2011-01-04,55.77,57.24,55.69,56.75,8429422
2011-01-05,56.46,57.16,56.4,56.73,4551982
2011-01-06,56.68,57.18,56.07,56.55,3561395
2011-01-07,56.5,57.19,56.46,56.98,4680745
2011-01-10,56.47,56.95,56.21,56.44,4765433
2011-01-11,56.55,56.88,56.09,56.19,5864144
2011-01-12,56.3,56.92,56.05,56.85,4566355
2011-01-13,56.72,57,56.23,56.32,4660294
2011-01-14,56.05,57.28,56.05,56.5,5893725
2011-01-18,56.4,57.34,56.35,57.29,10611829
2011-01-19,57.21,57.43,56.6,56.98,5772902
2011-01-20,56.78,57.65,56.68,57.31,6320232
2011-01-21,57.41,57.41,56.74,56.97,6032807
2011-01-24,57.06,57.87,56.81,57.29,5654250
2011-01-25,56.91,58.19,56.74,57.16,8943998
2011-01-26,57.27,57.47,56.32,56.48,6836645
2011-01-27,56.46,56.87,56.06,56.48,4686010
2011-01-28,56.61,56.61,55.11,55.29,6928237
2011-01-31,55.22,55.46,54.85,55.08,6021397
2011-02-01,55.23,55.88,55.11,55.71,5619495
2011-02-02,55.14,55.65,54.78,55.63,5353571
2011-02-03,55.27,55.64,55,55.45,4232521
2011-02-04,55.62,55.62,54.74,55.2,4578722
2011-02-07,55.23,55.33,54.76,54.88,3863135
2011-02-08,54.76,55.16,54.63,54.94,3402549
2011-02-09,54.73,55,54.31,54.42,4504785
2011-02-10,54.33,54.8,54,54.27,4523528
2011-02-11,54.11,54.11,53.55,53.74,6902989
2011-02-14,53.61,54.08,53.34,53.86,5414769
2011-02-15,53.63,53.94,53.31,53.84,5142945
2011-02-16,53.34,53.43,52.36,52.95,11465140
2011-02-17,52.69,53.19,52.37,52.41,8918578
2011-02-18,52.26,52.73,52.02,52.24,9878310
2011-02-22,51.97,52.54,51.62,51.88,6474138
2011-02-23,51.89,52.18,51.07,51.07,8138869
2011-02-24,51.07,51.24,50.61,50.95,8616011
2011-02-25,51.18,52.37,51.05,52.26,7796698
2011-02-28,52.38,52.67,51.31,51.33,8056529
2011-03-01,52.17,52.49,51.74,51.91,6668425
2011-03-02,51.74,51.91,51.34,51.39,5437310
2011-03-03,51.64,52.54,51.46,52.37,6533224
2011-03-04,52.11,52.53,51.96,52.32,5795618
2011-03-07,52.53,52.57,51.68,51.74,6334128
2011-03-08,51.79,52.67,51.4,52.52,4298319
2011-03-09,52.75,52.8,52.08,52.48,4049154
2011-03-10,51.86,52.21,51.42,51.84,5682968
2011-03-11,51.86,53.87,51.78,53.53,11642075
2011-03-14,53.18,53.88,53.09,53.52,7016104
2011-03-15,52.51,53.39,52.18,53,6005122
2011-03-16,52.55,53.55,52.43,52.69,9968094
2011-03-17,54,54.7,53.32,53.56,10654926
2011-03-18,53.73,53.92,52.75,52.94,12833944
2011-03-21,53.75,53.94,53.05,53.09,4286225
2011-03-22,53.03,53.28,52.66,52.78,5564236
2011-03-23,52.71,52.93,52.23,52.69,4528243
2011-03-24,52.89,53.5,52.43,53.27,5093552
2011-03-25,53.41,53.79,53,53.15,5589839
2011-03-28,53.09,53.23,52.61,52.65,3809275
2011-03-29,52.7,53.45,52.66,53.43,3572956
2011-03-30,53.66,54.36,53.43,53.9,4562326
2011-03-31,53.73,54.05,53.45,53.45,4503977
2011-04-01,53.94,53.98,52.76,53.08,7942584
2011-04-04,53.31,54.3,53.21,54.03,5510254
2011-04-05,53.95,54.37,53.91,54.07,4638579
2011-04-06,54.26,54.56,53.99,54.03,4576423
2011-04-07,53.9,54.39,53.5,53.97,4413022
2011-04-08,53.97,54.32,53.58,53.9,4423051
2011-04-11,53.91,54.45,53.48,54.31,6326952
2011-04-12,54.05,54.75,54.01,54.62,6681853
2011-04-13,54.69,55.3,54.64,54.94,7582070
2011-04-14,54.75,55.01,54.28,54.83,7188932
2011-04-15,55.03,55.99,54.94,55.51,8002612
2011-04-18,54.95,55.56,54.78,55.22,6936299
2011-04-19,55.07,55.3,54.65,55.18,5954516
2011-04-20,56,56.44,55.62,56.18,7337860
2011-04-21,55.26,55.39,53.22,53.69,17491696
2011-04-25,53.51,54.76,53.16,54.69,10650802
2011-04-26,55.01,56.31,54.98,56.22,12811638
2011-04-27,56.3,56.96,56.09,56.82,8362385
2011-04-28,56.9,57.29,56.67,57.14,6301038
2011-04-29,56.91,57,55.87,56.85,19892805
2011-05-02,56.98,57.45,56.67,57.38,8552121
2011-05-03,57.12,57.8,57.07,57.5,6515522
2011-05-04,57.26,57.9,54.48,57.68,7241543
2011-05-05,57.57,57.85,57.28,57.42,7204275
2011-05-06,57.8,58.07,57.34,57.63,4535245
2011-05-09,57.38,57.94,52.85,57.69,3624811
2011-05-10,57.95,58.41,57.61,58.3,4717060
2011-05-11,58.5,59.2,58.05,58.86,7158204
2011-05-12,58.69,59.75,58.34,59.66,5492926
2011-05-13,59.86,61.08,59.75,60.47,9402696
2011-05-16,59.98,60.24,59.41,59.86,10045095
2011-05-17,59.89,61.18,58.83,60.89,11794954
2011-05-18,60.67,61.37,60.46,61.17,5184489
2011-05-19,61.44,61.53,60.69,61.04,3361946
2011-05-20,60.96,61.23,60.34,60.86,5276661
2011-05-23,60.05,60.61,59.9,60.46,4249797
2011-05-24,60.53,60.53,59.75,59.92,4162559
2011-05-25,59.99,60.02,59.53,59.84,3929055
2011-05-26,59.52,59.88,59.19,59.76,3771199
2011-05-27,59.47,59.9,59.12,59.35,3657465
2011-05-31,59.68,60.74,59.64,60.54,7629014
2011-06-01,60.55,60.79,59.66,59.7,4968412
2011-06-02,59.57,59.86,59.08,59.25,4053689
2011-06-03,58.88,59.11,58.58,58.69,4636124
2011-06-06,58.8,59.1,58.32,58.6,4144417
2011-06-07,58.7,59.54,58.54,58.83,3828685
2011-06-08,58.87,59.11,58.45,58.95,3715946
2011-06-09,59,59.61,58.56,58.88,5362224
2011-06-10,58.6,58.89,57.97,57.99,4780161
2011-06-13,58.02,58.79,57.87,58.39,5297923
2011-06-14,58.64,58.79,58.31,58.53,5146633
2011-06-15,58.04,58.68,57.86,57.89,5104460
2011-06-16,58.08,58.44,57.74,58.34,5551113
2011-06-17,58.82,58.9,57.78,58.01,6615864
2011-06-20,57.99,58.68,57.9,58.45,3851092
2011-06-21,58.58,58.59,57.88,58.17,4347874
2011-06-22,58.04,58.5,57.93,58.16,4014964
2011-06-23,57.55,57.99,56.96,57.93,4587974
2011-06-24,57.84,57.98,56.73,57.04,11908462
2011-06-27,56.82,57.99,56.82,57.88,5289264
2011-06-28,57.89,58.87,57.61,58.65,4073118
2011-06-29,58.67,58.75,57.68,57.78,7531446
2011-06-30,58.1,58.4,57.99,58.35,5069819
2011-07-01,58.44,58.44,57.89,58.28,5357972
2011-07-05,58.18,58.25,57.68,57.92,4633862
2011-07-06,57.99,58.14,57.53,57.7,5102859
2011-07-07,58.08,58.3,57.54,57.91,6116165
2011-07-08,57.76,58.3,57.36,57.64,4037823
2011-07-11,57.21,57.5,56.66,56.9,4186263
2011-07-12,57.15,57.29,56.84,56.9,3964679
2011-07-13,56.98,57.23,56.35,56.61,4514122
2011-07-14,56.56,56.6,55.49,55.68,7201306
2011-07-15,55.37,55.42,54.74,55.05,9209168
2011-07-18,55.12,55.26,54.31,54.66,6241741
2011-07-19,55.01,55.51,54.87,55.27,4976968
2011-07-20,55.28,55.42,54.93,54.99,4151297
2011-07-21,55.33,55.92,55.02,55.48,5539538
2011-07-22,55.35,55.46,55.01,55.22,3098385
2011-07-25,55.22,55.36,54.71,54.9,3174051
2011-07-26,54.77,55.07,54.42,54.7,4428145
2011-07-27,54.5,54.95,53.61,53.8,6503189
2011-07-28,53.64,54.65,53.33,53.43,6587551
2011-07-29,54.73,55.2,53.05,54.7,10641331
2011-08-01,55.02,55.28,53.05,53.77,8875411
2011-08-02,53.39,53.43,52.35,52.84,10331684
2011-08-03,52.83,53.43,52.35,53.32,7145699
2011-08-04,52.6,53.15,51.54,51.56,9918467
2011-08-05,51.82,52.97,51.23,52.12,9914153
2011-08-08,51.66,52.44,49.88,49.88,13911449
2011-08-09,50.01,50.79,48.5,50.55,16124310
2011-08-10,49.58,49.94,48.08,48.27,12558670
2011-08-11,48.12,50.1,47.66,49.64,14860492
2011-08-12,49.72,50.67,49.55,50,7919666
2011-08-15,50.48,51.68,50.18,51.6,7665653
2011-08-16,51.25,51.7,50.85,51.27,6633911
2011-08-17,51.3,51.8,51.29,51.72,8150073
2011-08-18,50.65,51.68,50.63,51.44,10138381
2011-08-19,50.79,52.42,50.74,51.98,9436952
2011-08-22,52.42,53,52.2,52.31,9289966
2011-08-23,52.36,53.62,52.22,53.62,7806549
2011-08-24,53.32,54.29,53.16,54.25,5350050
2011-08-25,54.44,54.59,52.97,53.46,8777351
2011-08-26,53.19,54.31,52.65,54.08,6936524
2011-08-29,54.32,55.14,54.04,54.79,4852044
2011-08-30,54.74,55.53,54.4,55.24,5380551
2011-08-31,55.32,55.61,55.08,55.4,5416996
2011-09-01,55.83,55.83,54.89,55.02,5492123
2011-09-02,54.42,55.2,54.07,54.1,6219176
2011-09-06,52.51,54.64,52.5,54.52,6889409
2011-09-07,54.92,55.48,54.49,55.38,6463530
2011-09-08,55.2,55.59,55.04,55.31,4503016
2011-09-09,53.39,55.09,53.39,54.04,7617265
2011-09-12,53.29,54.16,53.26,54.06,5406666
2011-09-13,54.37,55.07,53.98,54.91,4950347
2011-09-14,54.93,55.77,54.4,55.26,6070323
2011-09-15,55.77,56.46,55.55,56.26,5876095
2011-09-16,56.4,56.75,55.59,56.71,7635057
2011-09-19,56.12,56.91,55.91,56.53,4541363
2011-09-20,56.87,57.84,56.71,57.37,5168878
2011-09-21,57.19,57.36,56,56.04,5159982
2011-09-22,54.94,55.45,54.28,55.04,8969096
2011-09-23,54.61,55.24,53.86,55.1,5431114
2011-09-26,55.24,55.5,54.66,55.43,5903732
2011-09-27,55.97,56.81,55.63,56.52,5868668
2011-09-28,56.83,57.04,55.63,55.67,5663556
2011-09-29,56.34,56.77,54.99,55.78,5152610
2011-09-30,55.18,56.06,54.93,54.96,6430404
2011-10-03,54.66,55.34,53.87,53.9,7462831
2011-10-04,53.37,54.47,52.85,54.35,8517206
2011-10-05,54.61,56.04,53.95,55.93,7484178
2011-10-06,55.92,56.85,55.26,56.83,4827905
2011-10-07,56.85,56.85,55.95,56.27,4418118
2011-10-10,56.98,57.84,56.83,57.37,3346852
2011-10-11,57.27,57.62,56.95,57.09,4641464
2011-10-12,57.42,57.47,56.49,56.64,4798038
2011-10-13,56.48,57.3,56.4,56.98,5464607
2011-10-14,57.36,57.51,56.82,57.49,3268388
2011-10-17,57.26,57.57,56.21,56.44,3108364
2011-10-18,56.5,57.57,56.03,57.28,6280708
2011-10-19,57.4,58,57.14,57.32,4470510
2011-10-20,57.49,57.8,56.43,57.27,4085973
2011-10-21,57.7,58.63,57.5,58.59,6345092
2011-10-24,58.47,59.05,58.25,58.95,4414983
2011-10-25,58.46,58.7,56.35,56.47,7676678
2011-10-26,56.85,57.21,55.99,56.95,6687791
2011-10-27,57.5,58.39,57.33,58.06,5936577
2011-10-28,57.75,58.1,56.99,57.24,6023476
2011-10-31,56.92,57.56,56.63,57.27,8792428
2011-11-01,56.42,56.66,55.37,55.54,7996541
2011-11-02,55.57,55.95,54.62,54.8,6826811
2011-11-03,54.92,55.8,54.92,55.7,4797349
2011-11-04,55.63,55.77,54.8,55.17,3565088
2011-11-07,57.85,58.59,57.49,58.43,20318506
2011-11-08,58.52,58.61,57.55,58,8870142
2011-11-09,57.7,58.19,57.37,57.51,9588094
2011-11-10,57.57,58.05,57.34,57.96,7661843
2011-11-11,58.25,58.49,57.8,57.86,5420671
2011-11-14,57.52,57.8,57.21,57.33,6204822
2011-11-15,56.96,57.15,56.56,56.59,8218702
2011-11-16,56.03,56.54,55.78,56.01,20134966
2011-11-17,55.9,56.56,55.68,55.91,9742619
2011-11-18,55.72,56.1,55.49,55.57,5523181
2011-11-21,55.3,55.46,54.91,54.97,7973712
2011-11-22,54.8,55.71,54.63,55.66,9558993
2011-11-23,55.6,55.68,54.92,54.94,6026421
2011-11-25,54.59,55.13,54.59,54.65,2816603
2011-11-28,55.58,55.97,55.03,55.9,6852695
2011-11-29,55.88,56.38,55.46,56.14,8167606
2011-11-30,56.5,57.94,56.48,57.91,10993529
2011-12-01,57.7,58.06,57.41,58,10556028
2011-12-02,58.3,58.42,57.72,58.1,7834315
2011-12-05,58.38,58.4,57.21,57.5,12342012
2011-12-06,57.68,58.07,57.38,57.89,15749972
2011-12-07,57.85,58.52,57.73,58.34,18663679
2011-12-08,58.6,59.43,56,58.4,41563637
2011-12-09,58.48,58.95,58.18,58.59,7073322
2011-12-12,58.3,58.41,57.15,57.16,10176127
2011-12-13,57.7,58.38,57.31,57.43,6843550
2011-12-14,57.14,58.17,57.14,57.62,6727198
2011-12-15,58,59.06,57.8,58.62,8683772
2011-12-16,59.75,61,59.65,60.05,21390798
2011-12-19,60.32,61.12,59.97,60.16,8013172
2011-12-20,60.8,61.24,60.68,61.16,7285012
2011-12-21,61,63.27,61,63.14,10636686
2011-12-22,62.61,63.6,62.6,63.34,5383768
2011-12-23,63.02,63.85,63,63.69,4134449
2011-12-27,63.38,64.64,63.37,64.42,4260500
2011-12-28,64.19,64.39,63.81,64,3925752
2011-12-29,64.21,64.78,63.84,64.74,3525286
2011-12-30,64.35,65,64.21,64.21,5115018
2012-01-03,64.95,65.19,63.45,64.11,10216749
2012-01-04,64.1,64.13,63.4,63.76,7096318
2012-01-05,63.82,64.92,63.58,64.41,6261475
2012-01-06,64.24,64.87,64,64.76,4587803
2012-01-09,64.62,64.64,63.3,64.2,7540442
2012-01-10,64.55,65.7,64.21,65.67,6150462
2012-01-11,65.26,66.45,65.15,66.4,4960567
2012-01-12,66.28,67.78,66.28,67.54,7190965
2012-01-13,67.13,67.67,66.77,67.6,5996342
2012-01-17,67.9,68.47,67.74,68.07,6924704
2012-01-18,67.74,69.39,67.63,69.22,7158985
2012-01-19,69.14,69.49,68.7,69.14,5700008
2012-01-20,69.1,69.63,68.84,69.57,6839058
2012-01-23,68.81,69,67.56,67.78,7258992
2012-01-24,67.31,68.59,67.18,68.19,5212543
2012-01-25,67.56,69.39,67.45,69.21,6436345
2012-01-26,69.19,69.19,67.61,68.08,7036935
2012-01-27,67.03,69.18,66.71,68.34,10338048
2012-01-30,67.99,68.39,67.23,68.33,6228601
2012-01-31,68.43,68.71,67.77,67.93,10023968
2012-02-01,68.46,69.95,68.09,69.84,7410028
2012-02-02,69.69,70,69.26,69.62,5379646
2012-02-03,69.61,69.87,69.01,69.28,6595401
2012-02-06,68.65,69.15,67.28,69.12,11863241
2012-02-07,68.71,69.24,68.15,69.17,6870447
2012-02-08,69.01,69.01,67.7,68.06,10922599
2012-02-09,68.01,68.06,66.67,66.84,9140127
2012-02-10,66.9,67.37,66.8,67.36,5262973
2012-02-13,67.38,68.43,67.36,68.2,4403934
2012-02-14,67.84,68.02,67.5,67.84,4272292
2012-02-15,67.96,68.12,67.5,67.9,4045812
2012-02-16,68.07,69.2,67.98,68.89,5452037
2012-02-17,68.64,68.66,67.77,67.78,4968701
2012-02-21,67.45,67.78,66.65,66.69,5912874
2012-02-22,66.65,67.24,66.35,66.79,4292904
2012-02-23,66.79,67.55,66.59,67.34,3881234
2012-02-24,67.57,68.12,67.26,67.73,3231006
2012-02-27,67.21,67.71,66.73,67.44,3170440
2012-02-28,67.05,68.4,67.02,68.15,3838989
2012-02-29,68.06,68.58,67.9,68.01,4155246
2012-03-01,68.21,68.21,67.4,67.59,4770341
2012-03-02,67.69,67.88,67.16,67.73,3079141
2012-03-05,67.62,67.7,67.12,67.23,3952062
2012-03-06,65.94,67.26,65.8,66.54,6155482
2012-03-07,66.68,67.2,66.36,66.95,3281637
2012-03-08,67.29,68.17,67.12,67.8,3867849
2012-03-09,67.84,68.25,67.54,68.01,3167036
2012-03-12,68,68.37,67.81,68.03,3177314
2012-03-13,68.45,68.93,68.18,68.91,2798495
2012-03-14,68.8,68.88,68.07,68.26,3484177
2012-03-15,68.24,68.3,67.78,68.26,3891140
2012-03-16,68.09,68.49,67.35,67.38,8288747
2012-03-19,67.2,68.3,67,68.05,2938647
2012-03-20,67.83,68.56,67.55,67.58,3316310
2012-03-21,67.71,67.71,67.02,67.05,4316816
2012-03-22,66.74,66.85,66.31,66.62,6084983
2012-03-23,66.59,67.03,66.42,66.66,3665646
2012-03-26,67.28,67.72,67.2,67.52,5048477
2012-03-27,67.71,68.34,67.64,67.81,5209874
2012-03-28,67.55,67.97,67.29,67.68,3431652
2012-03-29,67.36,67.7,66.96,67.32,3091986
2012-03-30,67.66,68,67.25,67.97,3861338
2012-04-02,67.57,68.2,67.12,68.11,4508484
2012-04-03,68.07,68.27,67.47,67.93,4790069
2012-04-04,67.66,68.15,67.39,67.85,3602368
2012-04-05,67.77,68.14,67.49,68.02,3858095
2012-04-09,67.32,67.71,67.02,67.02,2769597
2012-04-10,66.7,66.99,65.99,66.19,3961841
2012-04-11,66.75,67.03,66.29,66.73,3132647
2012-04-12,66.96,67.23,66.71,66.92,2721215
2012-04-13,66.67,66.67,65.55,65.59,4543250
2012-04-16,65.59,66.33,65.37,66.26,3032956
2012-04-17,66.62,67.56,66.51,67.35,3820631
2012-04-18,67.35,68.01,67.14,67.15,2797458
2012-04-19,67.26,67.91,66.92,67.13,3407857
2012-04-20,67.25,68.59,67.23,68.47,5086201
2012-04-23,68.23,68.35,67.89,68.29,3544394
2012-04-24,68.42,69.1,68.36,68.63,4906468
2012-04-25,69.12,70.25,69.07,70.19,5861049
2012-04-26,69.79,71.1,69.75,70.79,5374281
2012-04-27,70.75,72,70.75,71.64,4433637
2012-04-30,71.11,71.8,70.84,71.11,4045855
2012-05-01,70.83,71.25,70.61,70.69,3626491
2012-05-02,70.31,71.25,70.13,71.17,3569227
2012-05-03,71,71.16,70.51,70.91,3092938
2012-05-04,70.47,70.58,69.77,69.77,4214527
2012-05-07,69.33,70,69.27,69.61,4184473
2012-05-08,69.34,70.78,69.25,70.7,5063331
2012-05-09,70.26,70.56,69.57,69.62,4001643
2012-05-10,70.05,70.24,69.69,70.09,3491570
2012-05-11,70.14,71.13,69.92,70.78,4666883
2012-05-14,69.95,70.71,69.58,70.2,4067659
2012-05-15,70.02,70.77,70,70.68,3779866
2012-05-16,71,71.18,70.52,70.98,3410911
2012-05-17,71.07,71.18,70.49,70.54,5584164
2012-05-18,70.7,70.7,68.53,69.15,5800429
2012-05-21,69.11,69.51,69.05,69.32,4248885
2012-05-22,69.31,69.72,68.84,68.91,5430099
2012-05-23,68.82,69.21,67.99,68.38,4558691
2012-05-24,68.53,69.14,68.31,69.1,3261881
2012-05-25,69.14,69.2,68.8,69.05,2959663
2012-05-29,69.27,69.38,68.75,69.28,4151838
2012-05-30,68.93,70.03,68.84,69.59,3535519
2012-05-31,69.52,70,69,69.52,5876230
2012-06-01,69.01,69.55,67.61,67.75,4177455
2012-06-04,67.77,68.93,67.77,68.7,4606566
2012-06-05,68.41,68.62,67.8,68.44,3199615
2012-06-06,68.82,70.08,68.61,69.98,3612847
2012-06-07,70.48,70.87,69.1,69.1,4457020
2012-06-08,68.63,69.59,68.57,68.87,4561042
2012-06-11,69.05,69.17,67.75,67.79,4872313
2012-06-12,67.87,68.69,67.64,68.62,3929456
2012-06-13,68.73,69.31,68.51,68.82,3946331
2012-06-14,68.88,70.67,68.7,70.42,4387237
2012-06-15,70.77,71.4,70.52,71.29,8430952
2012-06-18,71.24,72.14,71.08,72.02,4015529
2012-06-19,72.02,73.28,71.82,73.02,4557251
2012-06-20,73.02,73.75,72.53,72.79,4139668
2012-06-21,73.06,73.5,71.57,71.65,6063192
2012-06-22,71.6,72.5,71.29,72.46,18867185
2012-06-25,71.87,72.19,71.36,71.38,3871861
2012-06-26,71.43,72.34,71.31,71.46,3680920
2012-06-27,71.84,72.54,71.83,72.37,3492411
2012-06-28,72.12,72.31,70.88,71.42,4475671
2012-06-29,72.73,73.04,72.11,72.91,4926637
2012-07-02,73.03,74.38,72.95,74.36,4750925
2012-07-03,74.04,75.17,73.92,75.16,3050913
2012-07-05,74.06,74.88,73.61,74.33,3230981
2012-07-06,74.27,74.62,73.74,73.85,3103083
2012-07-09,74.08,74.81,73.78,74.8,3323788
2012-07-10,74.85,75.5,74.73,74.93,5896108
2012-07-11,74.78,76.17,74.59,76.09,7093573
2012-07-12,75.08,76.24,74.45,75.81,4817731
2012-07-13,75.76,77,75.74,76.96,3234964
2012-07-16,76.56,77.73,76.51,77.26,3175777
2012-07-17,77.62,78.9,77.62,78.76,4568609
2012-07-18,78.59,79.9,78.17,79.62,4587555
2012-07-19,79.4,80.25,78.88,79.64,4895284
2012-07-20,79.62,79.62,77.56,77.77,6772286
2012-07-23,76.87,77.7,75.7,77.53,4755356
2012-07-24,77.91,77.91,76.18,76.38,4162746
2012-07-25,77.79,78.73,76.6,77.96,4913641
2012-07-26,79,80,78.5,79.3,5867767
2012-07-27,80.51,83.98,80.48,83.92,12360439
2012-07-30,83.17,84.39,83.04,83.46,5817785
2012-07-31,83.13,83.44,82.6,82.6,4537748
2012-08-01,83.42,83.61,81.75,81.82,4045507
2012-08-02,80.73,82.72,80.34,81.04,4648293
2012-08-03,82.54,83,81.98,82.21,4121399
2012-08-06,82.18,82.89,81.73,82.43,3819974
2012-08-07,83,83,81.5,81.57,3845981
2012-08-08,81.16,81.93,81.12,81.37,3371956
2012-08-09,81,82.13,80.96,81.97,3387430
2012-08-10,81.93,82.78,81.7,82.73,2832262
2012-08-13,82.37,82.47,81.86,82.23,3696929
2012-08-14,82.25,83.62,82.02,83.54,3614547
2012-08-15,83.28,83.88,83.21,83.65,2940160
2012-08-16,83.61,83.84,82.77,83.1,3610095
2012-08-17,83.46,83.57,82.27,83.38,4058685
2012-08-20,83.28,83.38,82.65,83.24,2295005
2012-08-21,83.01,83.92,82.92,83.11,3679897
2012-08-22,83.18,84.19,82.85,83.87,3696169
2012-08-23,83.55,84.03,83.31,83.66,3047930
2012-08-24,83.49,84.65,83.4,84.59,3118570
2012-08-27,84.36,85.28,84.02,84.43,3633542
2012-08-28,84.12,84.52,84,84.01,3467865
2012-08-29,83.68,84.13,83.58,83.72,2870870
2012-08-30,83.24,83.39,82.59,83.15,3212940
2012-08-31,83.81,84.42,83.53,83.92,4116116
2012-09-04,83.8,84.6,83.37,84.33,3719131
2012-09-05,84.38,84.73,83.96,84.08,4264154
2012-09-06,84.52,84.94,84.44,84.8,5789850
2012-09-07,85,85.28,83.77,83.96,4806076
2012-09-10,84.75,84.8,83.91,84.05,5113191
2012-09-11,83.85,84.23,83.78,83.94,4185087
2012-09-12,83,83.98,82.93,83.15,3276110
2012-09-13,82.91,83.71,82.15,83.32,4315250
2012-09-14,83.59,83.59,81.08,81.36,7435932
2012-09-17,81.08,82.09,80.6,82.09,6972010
2012-09-18,82.25,82.79,81.53,82.04,4608174
2012-09-19,82.23,82.34,81.53,81.71,3968135
2012-09-20,81.47,82.33,81.4,82.3,3979176
2012-09-21,82.47,82.79,81.5,82.03,6789153
2012-09-24,82.07,83.07,81.98,82.91,3261522
2012-09-25,83.01,84.76,82.99,83.81,6532027
2012-09-26,84.09,84.92,83.16,83.46,5420558
2012-09-27,83.54,84.56,83.07,84.24,3570753
2012-09-28,83.99,84.53,83.61,84.29,3629717
2012-10-01,84.5,85.34,84.36,85.08,4146112
2012-10-02,85.47,86.59,85.14,86.35,3758472
2012-10-03,86.14,86.83,86.14,86.8,4388656
2012-10-04,86.98,87.45,86.29,86.39,2787212
2012-10-05,86.85,87.32,86.64,86.94,3230731
2012-10-08,86.62,86.99,85.83,86.04,2107793
2012-10-09,85.69,86.04,85.15,85.43,3131857
2012-10-10,85.3,85.43,84.32,84.65,3141560
2012-10-11,85.22,85.54,84.61,84.61,2074498
2012-10-12,84.87,85.21,83.98,84,3150237
2012-10-15,84.5,86.38,84.25,86.22,3413845
2012-10-16,86.58,88.19,86.3,88.04,3566916
2012-10-17,87.99,89.64,87.74,89.2,4383162
2012-10-18,89.04,89.95,88.54,89.79,6010762
2012-10-19,89.82,89.82,86.7,87.16,5489529
2012-10-22,86.94,89.9,86.43,87.8,4656301
2012-10-23,87.18,88.1,86.12,87.32,4263998
2012-10-24,88.53,89.14,87.48,87.5,6540523
2012-10-25,88.06,88.49,87.75,88.05,5483061
2012-10-26,87.53,88.16,87.16,87.63,4187901
2012-10-31,87.71,88.2,86.18,86.49,3800388
2012-11-01,86.97,87.85,86.48,87.21,4154010
2012-11-02,87.36,87.63,86.26,86.45,3238023
2012-11-05,86.22,87.83,85.26,86.35,5033257
2012-11-06,86.81,87.89,86.55,87.29,3586091
2012-11-07,86.75,86.9,84.16,85.34,7163857
2012-11-08,85.06,85.52,84.58,84.74,4603088
2012-11-09,84.32,85.81,84.26,85.17,4030528
2012-11-12,85.38,86.14,84.76,85.52,3207749
2012-11-13,84.97,86.11,84.68,85.77,4890091
2012-11-14,85.71,85.96,83.68,84.02,4280753
2012-11-15,83.86,84.34,82.92,84.15,3572358
2012-11-16,84.28,84.99,83.45,84.54,6370744
2012-11-19,85.48,85.67,84.6,85.4,3796311
2012-11-20,85.22,86.57,85.1,86.57,4215303
2012-11-21,86.62,86.82,86.05,86.65,2623968
2012-11-23,87,87.64,86.55,87.6,2267122
2012-11-26,87.19,87.4,86.72,87.28,4925236
2012-11-27,87.4,87.52,86.88,86.98,3568658
2012-11-28,86.77,87.22,85.46,87.04,4704862
2012-11-29,87.45,88.87,87.17,88.61,4389428
2012-11-30,88.88,89.08,88.45,88.8,4407940
2012-12-03,88.92,89.59,88.11,88.4,3712028
2012-12-04,88.66,88.86,88.12,88.33,2745407
2012-12-05,88.55,89.42,87.77,89.01,3425335
2012-12-06,89.05,89.14,88.2,88.54,3975540
2012-12-07,88.78,88.8,87.63,88.32,3526327
2012-12-10,87.96,89.81,87.73,89.74,4493079
2012-12-11,89.88,90.25,89.62,89.95,4286270
2012-12-12,90,90.81,89.7,90.17,3571618
2012-12-13,90.06,90.35,88.7,89.15,2713451
2012-12-14,89.05,90.13,88.91,89.2,3398417
2012-12-17,89.25,89.64,89.03,89.5,3049784
2012-12-18,89.99,90,88.99,89.29,5514125
2012-12-19,89.51,89.58,88.37,88.49,4916478
2012-12-20,88.49,88.82,88,88.41,2887771
2012-12-21,87.97,87.97,86.34,87.16,7246955
2012-12-24,86.98,87.62,86.91,87.4,1596877
2012-12-26,87.3,87.52,86.1,86.89,2720343
2012-12-27,86.7,87.55,85.26,86.15,3122521
2012-12-28,85.6,86.14,85.17,85.24,2418684
2012-12-31,85,86.8,84.56,86.2,3896671
2013-01-02,87.36,89.24,87.29,89.15,5772750
2013-01-03,89.53,89.58,88.34,88.59,3871262
2013-01-04,88.59,89.28,88.42,88.98,3280405
2013-01-07,88.49,88.8,87.76,88.53,2573296
2013-01-08,88.44,88.68,87.44,88.15,5170641
2013-01-09,88.34,88.92,88.21,88.67,3372493
2013-01-10,88.32,89,87.27,87.81,5861338
2013-01-11,87.95,88.05,86.87,86.96,4681634
2013-01-14,87.17,87.25,86.5,86.92,4400937
2013-01-15,86.56,86.86,85,85.08,6277842
2013-01-16,85.03,85.34,84.27,84.32,7754478
2013-01-17,84.1,84.47,83.88,83.94,6272771
2013-01-18,83.81,83.87,81.58,82.08,14408666
2013-01-22,82,83.41,81.56,83.29,9394819
2013-01-23,83.06,84.49,82.87,83.07,7670715
2013-01-24,83.34,83.92,82.12,82.62,8071324
2013-01-25,82.73,83.43,82.09,83.42,7235187
2013-01-28,83.21,86.1,82.82,85.59,9426803
2013-01-29,85,87.89,85,86.59,21502809
2013-01-30,86.6,86.82,85.2,85.38,4963106
2013-01-31,85.09,86.12,85.04,85.46,4269620
2013-02-01,86.17,86.93,85.25,86.3,3379491
2013-02-04,85.44,86.24,85.44,85.74,3907409
2013-02-05,86.08,86.59,85.42,86.53,4577878
2013-02-06,86.46,87.47,86,86.59,5549031
2013-02-07,87,87,85.04,85.22,7639750
2013-02-08,85.61,87.16,85.39,86.77,8354836
2013-02-11,85.48,85.98,84.59,84.92,7538344
2013-02-12,85,85.23,84.28,84.54,4655977
2013-02-13,84.96,85.13,84.45,84.94,7943132
2013-02-14,86,86.4,84.61,84.72,6189105
2013-02-15,84.24,84.72,83.32,83.61,5622197
2013-02-19,83.51,84.27,82.92,84.13,5944265
2013-02-20,84.37,85.34,84.24,84.65,6388286
2013-02-21,84.59,85.32,84.15,85.13,4094108
2013-02-22,85.07,86.88,85.07,86.82,4920383
2013-02-25,89.3,91.25,89.3,89.55,11422587
2013-02-26,89.63,90.21,88.66,89.47,4805195
2013-02-27,89.15,91.3,89.06,91.03,3549796
2013-02-28,91,93.42,90.87,91.55,6528557
2013-03-01,91.16,92.76,90.51,92.58,4317624
2013-03-04,92.11,92.75,91.5,92.73,3186645
2013-03-05,93.11,93.76,92.56,93.44,3570108
2013-03-06,93.82,94.29,93.09,93.27,3716274
2013-03-07,93.43,93.88,92.82,92.95,2980007
2013-03-08,93.43,93.88,92.85,93,3084803
2013-03-11,92.66,93.36,90.87,91.44,5699666
2013-03-12,91.58,91.81,91.04,91.75,4997477
2013-03-13,91.6,91.79,90.67,91.54,2606015
2013-03-14,91.65,92.29,91.15,92.18,3436757
2013-03-15,91.84,92.16,91.26,91.81,10172673
2013-03-18,91.27,91.36,90.35,90.39,3605821
2013-03-19,90.68,92.52,90.54,92.4,4011446
2013-03-20,92.92,94.89,92.88,94.05,4157701
2013-03-21,93.65,94.31,93.47,94.31,3673992
2013-03-22,94.69,96.6,94.1,96.56,4724610
2013-03-25,96.92,97.52,96.01,96.81,5042237
2013-03-26,97.29,98.76,97.07,98.66,3126921
2013-03-27,98.06,100.32,98.02,100.15,3478212
2013-03-28,99.84,102.62,99.79,102.51,5508739
2013-04-01,102.62,103.9,101.7,102.31,4099647
2013-04-02,102.39,106.61,102.39,106.4,4970676
2013-04-03,106.68,106.79,103.93,104.81,5306631
2013-04-04,105.19,106.54,104.74,105.88,2850248
2013-04-05,104.21,104.62,103.47,104.04,4015816
2013-04-08,104.09,105.14,103.02,105.1,3133256
2013-04-09,105.48,105.48,103.78,104.3,2881692
2013-04-10,104.53,108.27,104.5,108.26,4641436
2013-04-11,108.57,109.36,107.62,108.22,4272994
2013-04-12,108.5,112.1,108.17,111.57,5726712
2013-04-15,111.31,111.44,108.2,108.48,4459120
2013-04-16,109.32,110.94,108.71,110.85,4627615
2013-04-17,109.94,110.39,107.65,109.44,3546530
2013-04-18,109.63,109.9,106.3,107.46,3889740
2013-04-19,107.17,111.61,107.17,111.38,6032412
2013-04-22,112.01,113.97,110.83,113.42,4305948
2013-04-23,113.71,114.95,112,112.76,4800467
2013-04-24,106.67,108.37,104.02,104.93,7490837
2013-04-25,105.49,109.24,105.21,108.66,8119938
2013-04-26,109.04,109.69,106.9,108.38,2933600
2013-04-29,108.15,108.38,106.33,106.67,4293874
2013-04-30,106.66,106.66,103.85,104.21,5477146
2013-05-01,105.05,106.88,104.31,104.54,3744614
2013-05-02,105.15,106.92,104.4,105.59,2919770
2013-05-03,106.7,107.58,106.14,106.48,2620497
2013-05-06,106.08,106.13,104.68,104.83,2624076
2013-05-07,105,105.56,104.18,104.46,2957394
2013-05-08,104.64,105.51,104.22,105.07,3224191
2013-05-09,104.81,105.76,104.13,104.56,2460747
2013-05-10,104.56,106.75,104.4,106.72,2905295
2013-05-13,106.18,107.59,105.62,106.89,2547648
2013-05-14,106.52,109.56,106.52,107.94,3756335
2013-05-15,108.08,109.16,106.45,107.42,2561889
2013-05-16,107.03,107.03,103.6,104.97,3915388
2013-05-17,105.89,106.05,104.33,105.63,3037993
2013-05-20,105.33,105.5,101.26,102.18,3904902
2013-05-21,102.45,104.68,102.45,104.24,3490307
2013-05-22,104.26,107.4,103.62,104.53,3535198
2013-05-23,103.1,106.33,103,105.62,3169432
2013-05-24,105.1,106.16,104.37,105.91,2410950
2013-05-28,106.76,108.03,105.45,106.2,3164395
2013-05-29,105.81,105.95,104.15,104.39,2909869
2013-05-30,104.49,105.84,104.19,105.22,2351668
2013-05-31,104.4,105.03,100.39,100.53,6097236
2013-06-03,99.35,101.25,97.22,99.13,5010062
2013-06-04,99.03,100.36,97.12,97.29,3164657
2013-06-05,97,98.33,94.57,94.6,4995197
2013-06-06,95.01,97.53,94.15,97.49,4670757
2013-06-07,98.77,100.26,98.32,98.81,3576348
2013-06-10,98.95,99.44,97.87,98.31,2901293
2013-06-11,97.26,99.01,96.62,97.93,2063856
2013-06-12,98.97,99.5,95.97,96.37,2579573
2013-06-13,96.38,98.7,95.94,98.51,2958023
2013-06-14,98.23,98.9,96.92,97.42,2822285
2013-06-17,98.72,100.09,98.5,99.08,3082696
2013-06-18,99.12,102.29,99.07,101.5,3328943
2013-06-19,101.69,102,99.15,99.18,3825420
2013-06-20,98.52,98.58,95.91,96.28,3875168
2013-06-21,97.08,99.12,95.06,98.28,6937989
2013-06-24,96.73,97.23,95.41,96.14,3745353
2013-06-25,97.64,98.75,95.64,96.38,3068812
2013-06-26,97.33,100.17,97.25,99.6,2975846
2013-06-27,100.48,100.62,98.35,98.99,2998145
2013-06-28,98.74,99.88,97.78,98.66,5270112
2013-07-01,100.2,101.72,97.28,97.49,4899733
2013-07-02,96.79,97.28,95.4,96.06,4006034
2013-07-03,95.21,96.5,95.05,95.81,2137655
2013-07-05,96.92,97.9,96.78,97.64,2233477
2013-07-08,98.46,99.22,97.9,98.18,2464263
2013-07-09,98.89,99.68,98.07,98.33,2085595
2013-07-10,98.16,102.33,98.02,102.06,4175493
2013-07-11,103.64,103.65,101.17,103.26,3567033
2013-07-12,103.56,104.27,102.24,104.27,3710478
2013-07-15,104.25,104.65,102.93,104.45,2532851
2013-07-16,104.27,104.9,103.54,104.05,1895640
2013-07-17,104.5,104.95,103.89,104.31,2184200
2013-07-18,104.55,106,104.27,104.77,2296611
2013-07-19,105.26,109.68,104.07,109.39,5448605
2013-07-22,108.25,109.1,107.82,108.95,2857078
2013-07-23,109.21,109.21,106.44,106.62,2562303
2013-07-24,107.44,107.49,105.88,106.6,1860133
2013-07-25,106.51,109.68,105.36,109.51,3355484
2013-07-26,109.02,109.88,108.41,109.6,2516489
2013-07-29,109.58,109.8,108.42,109.37,2028198
2013-07-30,109.92,111.3,109.4,111.2,3986086
2013-07-31,107.88,109.55,106.44,108.29,4432434
2013-08-01,109.6,109.88,108.42,109.39,2396111
2013-08-02,109.93,109.99,108.2,109.06,2106197
2013-08-05,108.9,108.97,107.26,107.43,1839747
2013-08-06,107,107.4,104.57,105.22,3633431
2013-08-07,104.59,113.3,103.31,112.4,9917154
2013-08-08,111.74,111.9,109.35,110.38,4758696
2013-08-09,108.93,111.38,108.36,109.63,2825311
2013-08-12,108.78,109.42,108.15,108.21,1854205
2013-08-13,108.63,108.92,107.03,107.86,2683285
2013-08-14,107.03,108.22,106.52,106.64,2180485
2013-08-15,105.94,108.52,104.59,105.76,3267758
2013-08-16,105.76,106.8,104.84,104.91,2525379
2013-08-19,105.11,106.19,104.35,104.47,1723026
2013-08-20,104.12,106.22,104.12,105.6,1855499
2013-08-21,105.54,106.18,103.88,104.65,2345282
2013-08-22,106,107.36,104.83,106.29,2115884
2013-08-23,106.18,106.5,104.85,105.6,1572216
2013-08-26,110.77,116.25,110.75,113.75,11554656
2013-08-27,111.7,112.64,108.58,109.13,5315280
2013-08-28,108.6,110.1,108.3,109.2,3043238
2013-08-29,108.75,111.5,108.5,108.86,2739601
2013-08-30,109.23,109.82,108.02,108.94,2655006
2013-09-03,110.53,111.98,110.01,111.01,3309803
2013-09-04,111.32,113.19,110.2,113.02,2956714
2013-09-05,112.89,113.28,111.81,112.93,2710427
2013-09-06,113.04,113.04,109.99,111.01,3028396
2013-09-09,111.34,111.96,110.46,111.67,2827842
2013-09-10,112.32,112.6,110.42,111.16,3139680
2013-09-11,112.23,112.89,111.38,111.97,3195600
2013-09-12,112.22,113.68,111.96,113.46,2685761
2013-09-13,113.97,115.22,113.27,115.06,3297107
2013-09-16,116.21,117.18,115.41,117.18,4776853
2013-09-17,117.3,117.3,115.33,115.73,3146011
2013-09-18,115.59,117.91,115.01,117.52,2609615
2013-09-19,117.85,117.85,115.66,117.18,3030514
2013-09-20,117.15,117.61,116.07,116.85,5328215
2013-09-23,115.89,116.5,115.03,115.05,2518765
2013-09-24,115.19,116.48,114.59,114.78,2225619
2013-09-25,114.8,114.8,112.4,112.48,3658725
2013-09-26,113.63,114.08,112.55,112.85,3534573
2013-09-27,112.43,114.27,112.17,113.19,1940152
2013-09-30,112.08,113.27,111.5,111.92,3043788
2013-10-01,111.99,114.61,111.74,114.58,2823315
2013-10-02,113.88,113.88,112.4,113.06,2473334
2013-10-03,112.99,113.06,110.07,111.12,3058836
2013-10-04,110.74,113.48,110.11,112.91,3087999
2013-10-07,111.47,111.71,110.08,110.22,2662899
2013-10-08,110.17,110.8,106.91,107.76,4244665
2013-10-09,108.13,108.42,105.76,106.28,5440677
2013-10-10,107.17,109.99,106.99,109.92,3096572
2013-10-11,110,111.51,109.66,110.89,2431336
2013-10-14,110.02,111.69,109.59,111.58,2211075
2013-10-15,111.62,112.12,110.89,111.44,1968930
2013-10-16,112.42,114.85,112.35,114.28,3541553
2013-10-17,113.67,115.97,113.64,115.85,2656420
2013-10-18,115.95,116,113.78,114.92,2694022
2013-10-21,114.96,115.47,112.76,113.64,2683437
2013-10-22,114.38,116.64,113.4,116.21,3665672
2013-10-23,114.94,116.15,114.1,115.67,3365234
2013-10-24,116.28,117.53,115.75,116.2,3234182
2013-10-25,116.62,116.65,115.17,116.32,2005042
2013-10-28,115.99,118.96,115.8,118.33,3322003
2013-10-29,118.3,118.38,116.7,118.27,2655560
2013-10-30,118.32,118.5,116.57,116.88,2527902
2013-10-31,117.11,117.64,115.89,116.14,2648578
2013-11-01,117.07,118.74,116.56,118.69,2632299
2013-11-04,118.73,119.7,116.89,117.28,2248741
2013-11-05,116.33,116.87,114.85,115.14,3299323
2013-11-06,116.25,116.29,113.09,113.32,3494241
2013-11-07,114.16,115.25,110.65,111.03,3827369
2013-11-08,111.41,113.97,111.27,113.21,3060040
2013-11-11,113,113.98,111.67,113.17,2294762
2013-11-12,112.17,112.95,111.45,112.71,2413459
2013-11-13,111.55,113.97,110.85,113.53,3221837
2013-11-14,114.02,116.76,113.62,115.41,4040823
2013-11-15,115,115.63,113.7,114.98,2910548
2013-11-18,116.5,117.72,115.75,116.03,2879834
2013-11-19,115.71,116.17,114.65,115.46,2152241
2013-11-20,115.36,116.7,114.89,115.56,2269296
2013-11-21,115.81,116.38,110.75,112.25,7457362
2013-11-22,113.01,113.5,112.23,113.03,4520431
2013-11-25,113.35,114.04,112.46,113.96,3304962
2013-11-26,114.07,114.73,113.54,113.67,2737683
2013-11-27,114.46,114.88,112.82,113.82,2848202
2013-11-29,114.19,114.45,113.68,114.08,1828333
2013-12-02,114.29,114.86,113.78,114.47,2185545
2013-12-03,114.44,114.47,112.96,113.45,2582337
2013-12-04,112.74,113.54,112.04,113.07,2433489
2013-12-05,112.84,113.51,112.1,113.35,3638342
2013-12-06,115.07,115.07,113.19,114.12,3243946
2013-12-09,114.2,114.32,113.51,113.98,2452562
2013-12-10,113.12,114.25,113.12,114.1,3462568
2013-12-11,114.45,114.45,112.99,113.05,3660360
2013-12-12,112.9,113.86,112.34,112.57,3327537
2013-12-13,113,113.3,111.31,112.16,2645650
2013-12-16,112.88,114.04,112.07,112.12,2079299
2013-12-17,112.8,112.92,109.94,111,3987576
2013-12-18,111.3,112.75,109.71,112.73,4045732
2013-12-19,112.55,112.69,110.92,112.6,2802585
2013-12-20,112.4,114.98,112.02,114.03,5286097
2013-12-23,114.67,114.72,112.52,113.2,2159599
2013-12-24,113.34,113.41,112.2,112.25,1013453
2013-12-26,112.62,114.48,112.45,114.36,1558500
2013-12-27,114.89,115.49,114.36,115.12,2038676
2013-12-30,115.36,115.52,114.39,115.49,1533955
2013-12-31,115.91,115.95,113.67,114.08,2362823
2014-01-02,114.36,116.19,114.06,115.8,2529728
2014-01-03,115.7,115.97,114.06,114.47,2075841
2014-01-06,114.47,114.92,113.12,113.48,2838138
2014-01-07,113.5,116.79,113.27,116.43,3635257
2014-01-08,116.64,116.9,115.35,115.88,2482018
2014-01-09,116.54,118.96,116.22,118.89,3401883
2014-01-10,119,119,116.2,117.99,3054735
2014-01-13,118.32,118.73,115.94,116.4,3703890
2014-01-14,116.84,117.94,116.22,117.72,2541192
2014-01-15,118.42,118.95,117.4,118.51,3065536
2014-01-16,118.82,119.69,118.21,119.03,2553509
2014-01-17,118.91,119.55,118.31,119.15,4013110
2014-01-21,119.96,120,118.57,119.25,3072710
2014-01-22,119.83,124.46,119.58,124.37,5091693
2014-01-23,123,124.22,121.6,123.6,3534823
2014-01-24,122.61,122.61,118.99,119.29,5060130
2014-01-27,119.25,119.83,117.42,118.52,4128057
2014-01-28,118.39,121.87,118.31,120.7,4352416
2014-01-29,117,121.16,117,119.17,5730423
2014-01-30,120.07,121.98,119.55,120.89,3324539
2014-01-31,118.55,120.21,118.1,118.95,4936860
2014-02-03,119.68,120.5,116.47,116.75,5046431
2014-02-04,117.69,117.73,115.71,115.78,5093107
2014-02-05,115.43,116.94,114.57,115.07,4332194
2014-02-06,115.62,116.82,115.08,116.07,2737271
2014-02-07,116.44,119.04,115.81,118.9,2839710
2014-02-10,119.68,120.36,117.9,120.3,3352513
2014-02-11,120,121.25,118.85,121.24,2502769
2014-02-12,120.93,122.54,120.87,122.21,2187545
2014-02-13,121.65,124.16,121.22,124.15,2530134
2014-02-14,123.54,124.3,122.52,123.84,2681557
2014-02-18,124.84,126.32,124.57,124.94,3082110
2014-02-19,124.85,124.9,123.13,123.35,2783059
2014-02-20,123.35,124.31,122.9,123.49,3019980
2014-02-21,123.75,125.5,123.26,123.85,3394951
2014-02-24,124.38,126.59,124.2,125.79,2772570
2014-02-25,125.34,126.22,124.02,124.36,2429830
2014-02-26,123.9,124.23,121.74,121.86,3895729
2014-02-27,121.99,123.9,121.77,123.08,3775396
2014-02-28,124.26,126.95,123.17,124.02,4853628
2014-03-03,122.89,124.18,122.52,123.69,2503868
2014-03-04,125.32,126.06,124.51,126,2561520
2014-03-05,126.18,127.15,125.39,126.19,2478251
2014-03-06,126.69,127.42,124.12,124.19,3067544
2014-03-07,125.31,125.9,120.26,122.26,7124965
2014-03-10,122.26,126.1,122.25,125.4,3788733
2014-03-11,125.45,125.6,123.74,124.27,2655286
2014-03-12,122.98,126,122.98,125.98,2761051
2014-03-13,126.17,126.35,123.31,123.96,2436808
2014-03-14,123.4,124.91,122.36,122.54,2215788
2014-03-17,123.12,125.31,122.55,123.86,2576030
2014-03-18,124.5,127.48,124.31,127.47,3255625
2014-03-19,127.99,127.99,125.72,126.58,2599484
2014-03-20,126.16,127.1,125.24,127.05,2311155
2014-03-21,127.05,128.96,122.47,122.93,7101208
2014-03-24,123.27,123.5,118.56,121.28,4448092
2014-03-25,121.74,123.95,119.66,120.63,3863785
2014-03-26,121.23,122.89,120.05,120.11,3843835
2014-03-27,121.31,123.98,120.5,122.29,4553405
2014-03-28,122.27,124.12,120.38,120.55,3245971
2014-03-31,122.5,124.53,122.19,123.34,4761382
2014-04-01,123.67,126.23,123.51,126.07,3163815
2014-04-02,126.02,127.09,125.02,125.98,2892876
2014-04-03,126.16,127.25,123.13,124.13,3036339
2014-04-04,125.07,125.38,118.99,119.11,5020559
2014-04-07,118.19,119.74,116.56,118.82,4813124
2014-04-08,120.17,120.47,117.67,117.98,4181303
2014-04-09,117.94,120.19,117.5,120,3442150
2014-04-10,119.87,119.95,113.4,114.11,6202378
2014-04-11,113.27,116.09,111.9,111.94,7262698
2014-04-14,113,114.88,111.39,113.32,5428544
2014-04-15,113.9,115.99,111.4,115,4750481
2014-04-16,116.15,116.24,113.73,115.54,3451016
2014-04-17,115.61,117.19,115.02,115.46,3237732
2014-04-21,116.46,117.09,114.64,117.02,2658265
2014-04-22,117.24,119.71,117.05,119.3,4280936
2014-04-23,116.06,116.45,111.51,113.32,10966595
2014-04-24,114.11,114.5,111.79,113.72,6112321
2014-04-25,113.62,113.62,111.3,111.41,4513442
2014-04-28,111.78,112.34,108.2,111.48,6113899
2014-04-29,112.3,112.45,110.67,111.9,4116169
2014-04-30,111.81,112.27,110.41,111.75,4465932
2014-05-01,111.38,113.21,110.81,112.76,3643094
2014-05-02,113.13,113.72,111.67,112.42,4319178
2014-05-05,111.39,113.34,110.86,113.18,2544453
2014-05-06,112.56,113.67,112.2,112.28,3760869
2014-05-07,111.72,112.84,110.78,112.77,2823929
2014-05-08,112.4,113.72,110.57,110.78,4161937
2014-05-09,110.5,111.57,109.41,111.48,3487770
2014-05-12,111.78,112.73,111.39,111.73,3555431
2014-05-13,111.66,112.18,110.76,110.81,3676843
2014-05-14,111.14,112.48,110.52,112.07,2991454
2014-05-15,112,112.32,109.92,110.29,2785390
2014-05-16,110.86,112.03,110.59,111.94,4193637
2014-05-19,111.24,112.47,110.92,112.08,3655495
2014-05-20,112.8,112.85,111.89,112.22,3234221
2014-05-21,112.08,113.84,111.96,113.49,2805121
2014-05-22,113.18,115.59,113.01,114.86,2582723
2014-05-23,114.99,115.12,113.56,114.33,2815887
2014-05-27,115.73,115.92,114.72,115.89,2514130
2014-05-28,116.1,116.38,115.36,115.67,2261668
2014-05-29,115.77,116.5,115.5,116,2123088
2014-05-30,116.57,116.57,115.03,115.99,2251617
2014-06-02,116.72,117.06,115.83,116.45,2741160
2014-06-03,116.45,117.72,116.2,117.12,2474120
2014-06-04,117.5,119.38,117.22,119.15,3051548
2014-06-05,119.34,119.34,117.6,117.74,3115993
2014-06-06,118.82,118.83,117.02,117.82,2559230
2014-06-09,117.47,117.79,116.04,116.4,2900146
2014-06-10,115.76,117.15,115.7,117.1,1912803
2014-06-11,116.96,117.52,115.6,116.34,2178396
2014-06-12,116.14,116.62,115.61,116.2,1805743
2014-06-13,116.67,116.7,115.3,116.03,1456995
2014-06-16,116,116.91,115.72,116.16,2159567
2014-06-17,116.75,116.85,115.67,116.17,2108891
2014-06-18,116.44,117.56,115.5,117.49,2549136
2014-06-19,118.12,118.12,117.18,117.85,2206257
2014-06-20,118.53,121,117.83,120.97,6250787
2014-06-23,120.68,120.85,118.5,119.13,2317976
2014-06-24,119.46,120.26,118.34,118.79,2003064
2014-06-25,118.7,120.34,118.28,119.42,2666780
2014-06-26,119.96,119.97,117.48,119.14,2311406
2014-06-27,119.47,119.5,117.5,118.59,3331902
2014-06-30,118.96,119.17,118.2,118.37,2422723
2014-07-01,119.39,120.5,119.05,120.31,2076210
2014-07-02,120.08,121.22,120.02,121.03,1447029
2014-07-03,121.45,122.85,120.72,122.85,1963370
2014-07-07,121.85,123.11,120.04,120.16,3075707
2014-07-08,119.99,120.98,119.1,119.96,2461211
2014-07-09,120.45,120.62,118.92,119.57,2647622
2014-07-10,118.91,119.2,117.88,118.95,2642494
2014-07-11,120.43,120.8,119.11,119.77,2733159
2014-07-14,120.84,120.86,118.81,118.98,2149725
2014-07-15,118.74,119.47,116.57,116.86,3963117
2014-07-16,117.85,117.85,116.27,117.71,4087077
2014-07-17,116.73,117.17,115.21,115.39,2692241
2014-07-18,116.11,118.68,114.93,118.3,3483921
2014-07-21,117.63,119.34,117.2,119.03,3079901
2014-07-22,119.59,121.27,119.35,121.11,2806123
2014-07-23,121.38,122.39,121,122.01,3527538
2014-07-24,122.15,122.36,121.32,122.26,3219699
2014-07-25,121.97,122.88,121.67,122.84,3028901
2014-07-28,122.63,123.05,121.66,122.65,2432016
2014-07-29,122.52,124.39,122.25,123.31,3988149
2014-07-30,128.63,131.24,128.63,130.01,8472513
2014-07-31,128.39,129.34,127.04,127.39,4841225
2014-08-01,126.17,127.3,124.76,125.55,4543694
2014-08-04,129,129.39,126.52,128.65,6403729
2014-08-05,127.51,129,126.62,127.88,3749336
2014-08-06,127.26,128.78,126.53,127.09,2578974
2014-08-07,127.41,128.89,125.51,125.75,3065193
2014-08-08,125.22,127.41,125.14,126.95,2209531
2014-08-11,127.86,128,126.58,127.32,2532556
2014-08-12,126.22,126.9,125.4,126.32,2324513
2014-08-13,126.65,127.8,126.3,127.34,2539723
2014-08-14,125.2,132.52,124.81,131.86,6408429
2014-08-15,133.31,133.31,130,132.8,4347836
2014-08-18,133.35,133.98,132.37,133.22,3161507
2014-08-19,133.36,133.69,131.8,133.02,1878926
2014-08-20,131.97,133.27,131.85,132.68,1748934
2014-08-21,132.96,133.01,132.04,132.53,1774291
2014-08-22,132.99,133.46,132.42,132.82,2021241
2014-08-25,133.38,134.93,133.38,134.79,3001705
2014-08-26,134.91,137.67,134.9,137.27,3891242
2014-08-27,137.94,138.57,136.69,137.83,2693200
2014-08-28,137.65,139.38,137.29,138.69,3902305
2014-08-29,139.45,139.73,138.31,139.38,2362472
2014-09-02,139.62,139.93,137.2,137.96,3290710
2014-09-03,138.53,138.85,137.34,138.58,2729349
2014-09-04,138.74,139.5,137.53,138.01,2981133
2014-09-05,138.22,138.33,135.63,137.88,3357138
2014-09-08,138,139.36,137.66,139.27,2512882
2014-09-09,138.66,138.98,137.07,137.39,3122479
2014-09-10,137.39,139.72,137.27,139.19,2330577
2014-09-11,138.53,139.93,137.35,138.96,3620019
2014-09-12,138.51,138.99,136.82,137.89,2329921
2014-09-15,137.57,138.06,136.89,137.97,2175305
2014-09-16,137.32,139.55,136.95,139.33,2401196
2014-09-17,140,141.57,138.62,140.71,3944490
2014-09-18,140.9,142.16,139.95,142.02,2160429
2014-09-19,142.99,144.46,142.29,144.01,6703386
2014-09-22,143.29,144.02,141.09,142.18,3086856
2014-09-23,141.84,142.4,140.57,140.68,2320925
2014-09-24,140.75,142.48,140.02,142.24,3232186
2014-09-25,142.08,143.03,139.4,139.85,2683678
2014-09-26,140.01,141.19,138.93,141.06,2299897
2014-09-29,139.96,141.5,139.33,140.07,2222410
2014-09-30,140.31,141.58,139.02,140.46,2646822
2014-10-01,140.39,140.78,138.18,138.82,3757591
2014-10-02,138.98,139.77,136.32,137.2,3060874
2014-10-03,138.07,139.71,137.9,139.15,3429021
2014-10-06,138.07,140.55,136.98,137.61,3192622
2014-10-07,137.14,137.54,135.98,136.03,2679781
2014-10-08,135.61,140.38,135.42,140.07,3627597
2014-10-09,139.57,140.19,137.02,137.58,2750605
2014-10-10,136.78,140.74,136.78,137.39,5750533
2014-10-13,137.05,137.81,133.52,133.56,6876224
2014-10-14,135.38,135.43,131.93,132.2,3736406
2014-10-15,131.02,131.37,128.6,130.9,4700100
2014-10-16,128.15,130.88,127.67,130.45,7906044
2014-10-17,131.25,139.85,129.5,133.69,7351493
2014-10-20,133.28,137.55,133.01,137.51,6623760
2014-10-21,138.49,145.49,137.01,144.09,8951767
2014-10-22,143.81,144.41,141.67,143.64,5222581
2014-10-23,145.9,148.14,145.24,147.25,4713937
2014-10-24,146.85,147.5,145.52,147.26,5318413
2014-10-27,146.7,148.47,146.11,148.2,4172467
2014-10-28,151.75,157.25,151.47,157.19,11626291
2014-10-29,157.91,159.72,156.91,158.88,7074414
2014-10-30,158.64,161.58,158.16,161.58,3864487
2014-10-31,164.56,164.65,161.42,162.18,7973043
2014-11-03,162.08,162.41,159.65,161.56,5823845
2014-11-04,160.69,161.99,159.17,160.41,3719005
2014-11-05,161.31,161.31,158.81,158.94,4062881
2014-11-06,159.97,160.94,159.47,160.35,3310943
2014-11-07,162.07,162.25,158.32,160.25,3633346
2014-11-10,161.01,163.2,160.5,163.09,3160895
2014-11-11,163.08,163.86,161.52,162.42,3015732
2014-11-12,161.77,163.08,161.04,161.93,3528893
2014-11-13,162.11,162.35,159.58,160.85,3636942
2014-11-14,161.1,161.28,156.62,157.68,4505723
2014-11-17,156.91,160.2,156.66,159.14,2662429
2014-11-18,158.91,162.39,158.37,162.24,3135567
2014-11-19,161.28,163.28,160.37,162.64,2422850
2014-11-20,161.91,164.83,161.75,162.68,3208896
2014-11-21,165.58,165.58,161.43,162.81,3716962
2014-11-24,163,165.68,162.94,164.18,2193251
2014-11-25,164.06,164.41,160.7,162.24,3564899
2014-11-26,162.75,164.84,162.47,164.72,2117983
2014-11-28,165,167.34,164.52,165.31,1794842
2014-12-01,165.12,167.37,164.17,166.41,2514247
2014-12-02,167.6,169.33,166.8,169.28,3290152
2014-12-03,169.28,169.49,166.5,168.07,2372115
2014-12-04,167.54,168.76,166.45,166.55,3359866
2014-12-05,166.68,169.41,166.11,169.24,2548656
2014-12-08,169.39,173.14,169,171.64,3953730
2014-12-09,170.32,170.91,167.44,169.39,3712333
2014-12-10,169,169.75,165,165.39,3490159
2014-12-11,166.7,169.64,165.6,166.08,3175216
2014-12-12,163.14,167.71,162.3,164.53,3376207
2014-12-15,164.77,164.99,159.4,159.6,4428254
2014-12-16,157.68,163.96,157.5,159.44,4492752
2014-12-17,159.46,164.01,158.6,163.48,3417914
2014-12-18,166.1,168.59,164.58,168.48,3511800
2014-12-19,168.91,171.73,167.4,170.17,7856281
2014-12-22,168.31,169.04,163.91,164.53,4061505
2014-12-23,164.91,164.99,154.36,157.52,7091683
2014-12-24,156.53,163.17,156.47,160.67,2222853
2014-12-26,162.16,164.15,161.85,163.46,1707472
2014-12-29,163.83,164.05,161.52,162.85,1727639
2014-12-30,162.69,162.73,160.18,160.63,2019805
2014-12-31,161.67,163.28,159.26,159.29,2691888
2015-01-02,160.16,162.59,158.6,159.89,2606798
2015-01-05,157.43,159.6,154.26,157.99,4085487
2015-01-06,158.78,158.88,152.33,152.9,5075771
2015-01-07,154.09,158.58,153.01,158.24,3502412
2015-01-08,159.6,162.76,155.15,157.67,4560248
2015-01-09,158.76,158.76,154.63,155.73,3949092
2015-01-12,156.22,157.99,154.99,156.22,2700746
