"Index","ANSS.Close"
2007-01-03,22.1
2007-01-04,22.08
2007-01-05,22
2007-01-08,22.16
2007-01-09,21.76
2007-01-10,21.6
2007-01-11,21.6
2007-01-12,22.06
2007-01-16,21.99
2007-01-17,22.5
2007-01-18,22.18
2007-01-19,22.43
2007-01-22,22.3
2007-01-23,22.66
2007-01-24,23.5
2007-01-25,23.56
2007-01-26,23.84
2007-01-29,24.54
2007-01-30,24.54
2007-01-31,24.94
2007-02-01,25.04
2007-02-02,24.92
2007-02-05,24.85
2007-02-06,25.23
2007-02-07,25.55
2007-02-08,25.58
2007-02-09,25.44
2007-02-12,25.5
2007-02-13,25.64
2007-02-14,25.8
2007-02-15,25.83
2007-02-16,25.88
2007-02-20,28.42
2007-02-21,27.91
2007-02-22,27.86
2007-02-23,27.78
2007-02-26,27.06
2007-02-27,25.9
2007-02-28,25.51
2007-03-01,25.21
2007-03-02,24.76
2007-03-05,24.44
2007-03-06,25.06
2007-03-07,24.64
2007-03-08,24.86
2007-03-09,24.98
2007-03-12,25.01
2007-03-13,24.34
2007-03-14,24.66
2007-03-15,24.49
2007-03-16,24.52
2007-03-19,24.59
2007-03-20,25.22
2007-03-21,25.34
2007-03-22,25.7
2007-03-23,25.44
2007-03-26,24.9
2007-03-27,24.82
2007-03-28,24.94
2007-03-29,25.53
2007-03-30,25.38
2007-04-02,25.28
2007-04-03,25.22
2007-04-04,25.1
2007-04-05,25.32
2007-04-09,25.34
2007-04-10,25.6
2007-04-11,25.34
2007-04-12,25.44
2007-04-13,25.37
2007-04-16,25.44
2007-04-17,25.37
2007-04-18,25.46
2007-04-19,25.26
2007-04-20,26.14
2007-04-23,26.17
2007-04-24,26.04
2007-04-25,25.75
2007-04-26,25.8
2007-04-27,25.92
2007-04-30,25.6
2007-05-01,25.89
2007-05-02,26.5
2007-05-03,26.49
2007-05-04,26.36
2007-05-07,26.84
2007-05-08,27.35
2007-05-09,28.24
2007-05-10,27.98
2007-05-11,28.15
2007-05-14,27.94
2007-05-15,27.4
2007-05-16,27.86
2007-05-17,27.54
2007-05-18,27.7
2007-05-21,28.4
2007-05-22,28.66
2007-05-23,28.69
2007-05-24,28.04
2007-05-25,27.98
2007-05-29,28.18
2007-05-30,28.01
2007-05-31,28.08
2007-06-01,28.32
2007-06-04,28.3
2007-06-05,27.65
2007-06-06,28.05
2007-06-07,27.35
2007-06-08,27.97
2007-06-11,27.57
2007-06-12,27.08
2007-06-13,27.28
2007-06-14,27.32
2007-06-15,27.52
2007-06-18,27.28
2007-06-19,27.17
2007-06-20,26.89
2007-06-21,26.88
2007-06-22,26.24
2007-06-25,26.06
2007-06-26,26.16
2007-06-27,26.56
2007-06-28,26.72
2007-06-29,26.5
2007-07-02,26.36
2007-07-03,26.38
2007-07-05,26.65
2007-07-06,26.54
2007-07-09,27.16
2007-07-10,26.01
2007-07-11,26.29
2007-07-12,26.95
2007-07-13,26.55
2007-07-16,26.4
2007-07-17,26.3
2007-07-18,26.23
2007-07-19,26.06
2007-07-20,25.65
2007-07-23,25.62
2007-07-24,25.22
2007-07-25,25.66
2007-07-26,25.68
2007-07-27,25.6
2007-07-30,26.01
2007-07-31,26.04
2007-08-01,26.56
2007-08-02,30.04
2007-08-03,30.23
2007-08-06,30.76
2007-08-07,31.31
2007-08-08,32.43
2007-08-09,32.41
2007-08-10,30.93
2007-08-13,30.31
2007-08-14,29.83
2007-08-15,29.97
2007-08-16,30.99
2007-08-17,32.26
2007-08-20,32.23
2007-08-21,32.29
2007-08-22,31.96
2007-08-23,31.61
2007-08-24,32.32
2007-08-27,31.66
2007-08-28,30.81
2007-08-29,32.31
2007-08-30,32.95
2007-08-31,33.13
2007-09-04,33.95
2007-09-05,35.15
2007-09-06,34.23
2007-09-07,32.99
2007-09-10,32.4
2007-09-11,34.27
2007-09-12,34
2007-09-13,34.51
2007-09-14,34.18
2007-09-17,33.96
2007-09-18,34.09
2007-09-19,34.45
2007-09-20,34.95
2007-09-21,34.91
2007-09-24,34.2
2007-09-25,34.98
2007-09-26,34.26
2007-09-27,34.09
2007-09-28,34.17
2007-10-01,35.41
2007-10-02,36.44
2007-10-03,36.12
2007-10-04,36.32
2007-10-05,36.87
2007-10-08,37.01
2007-10-09,38.09
2007-10-10,37.66
2007-10-11,36.49
2007-10-12,37.54
2007-10-15,38.22
2007-10-16,37.52
2007-10-17,40.34
2007-10-18,39.62
2007-10-19,38.49
2007-10-22,38.87
2007-10-23,40.97
2007-10-24,40.91
2007-10-25,40.58
2007-10-26,41.2
2007-10-29,40.13
2007-10-30,39.01
2007-10-31,38.81
2007-11-01,38.22
2007-11-02,40.41
2007-11-05,41.2
2007-11-06,40.13
2007-11-07,38.16
2007-11-08,37.34
2007-11-09,36.53
2007-11-12,36.9
2007-11-13,39.26
2007-11-14,39.13
2007-11-15,38.75
2007-11-16,38.29
2007-11-19,38.39
2007-11-20,37.43
2007-11-21,36.8
2007-11-23,38.21
2007-11-26,36.78
2007-11-27,37.47
2007-11-28,39.2
2007-11-29,38.82
2007-11-30,38.86
2007-12-03,38.7
2007-12-04,39.03
2007-12-05,39.38
2007-12-06,38.9
2007-12-07,38.87
2007-12-10,39.04
2007-12-11,39.01
2007-12-12,39.22
2007-12-13,39.4
2007-12-14,38.15
2007-12-17,37.25
2007-12-18,38.02
2007-12-19,38.34
2007-12-20,39.84
2007-12-21,41.72
2007-12-24,42.12
2007-12-26,41.94
2007-12-27,41.58
2007-12-28,42.02
2007-12-31,41.46
2008-01-02,40.37
2008-01-03,40.25
2008-01-04,38.58
2008-01-07,38
2008-01-08,37.52
2008-01-09,37.83
2008-01-10,36.55
2008-01-11,35.75
2008-01-14,36.28
2008-01-15,35.57
2008-01-16,35.44
2008-01-17,34
2008-01-18,33.25
2008-01-22,33.06
2008-01-23,33.86
2008-01-24,36.18
2008-01-25,35.31
2008-01-28,35.68
2008-01-29,36.09
2008-01-30,35.35
2008-01-31,34.91
2008-02-01,36.11
2008-02-04,36.65
2008-02-05,35.74
2008-02-06,34.74
2008-02-07,33.96
2008-02-08,33.88
2008-02-11,35.2
2008-02-12,35.27
2008-02-13,36.65
2008-02-14,34.8
2008-02-15,34.62
2008-02-19,34.53
2008-02-20,35.5
2008-02-21,37.56
2008-02-22,36.69
2008-02-25,36.85
2008-02-26,38.86
2008-02-27,38.56
2008-02-28,38.42
2008-02-29,37.37
2008-03-03,37.18
2008-03-04,37.19
2008-03-05,36.83
2008-03-06,36.12
2008-03-07,35.11
2008-03-10,33.91
2008-03-11,35.26
2008-03-12,35.81
2008-03-13,36.64
2008-03-14,35.55
2008-03-17,34.92
2008-03-18,37.81
2008-03-19,36.37
2008-03-20,37.3
2008-03-24,38.79
2008-03-25,39.61
2008-03-26,39.88
2008-03-27,38.11
2008-03-28,37.92
2008-03-31,34.52
2008-04-01,37.32
2008-04-02,37.33
2008-04-03,36.89
2008-04-04,36.5
2008-04-07,36.43
2008-04-08,36.39
2008-04-09,36.13
2008-04-10,36.87
2008-04-11,35.47
2008-04-14,36.12
2008-04-15,37.98
2008-04-16,39.15
2008-04-17,38.91
2008-04-18,40.24
2008-04-21,39.84
2008-04-22,38.55
2008-04-23,39.95
2008-04-24,40.5
2008-04-25,40.03
2008-04-28,39.92
2008-04-29,39.5
2008-04-30,40.23
2008-05-01,41.76
2008-05-02,43.47
2008-05-05,43.74
2008-05-06,43.34
2008-05-07,42.85
2008-05-08,42.9
2008-05-09,43.39
2008-05-12,44.89
2008-05-13,45.46
2008-05-14,45.14
2008-05-15,45.65
2008-05-16,44.96
2008-05-19,43.99
2008-05-20,44.02
2008-05-21,42.8
2008-05-22,42.49
2008-05-23,41.76
2008-05-27,43.45
2008-05-28,43.78
2008-05-29,46.26
2008-05-30,47.3
2008-06-02,47.59
2008-06-03,47.33
2008-06-04,48.57
2008-06-05,48.65
2008-06-06,46.19
2008-06-09,47.24
2008-06-10,47.14
2008-06-11,45.04
2008-06-12,44.83
2008-06-13,46.41
2008-06-16,47.03
2008-06-17,47.44
2008-06-18,47.73
2008-06-19,49.15
2008-06-20,46.94
2008-06-23,47
2008-06-24,45.45
2008-06-25,46.28
2008-06-26,45.92
2008-06-27,46.63
2008-06-30,47.12
2008-07-01,45
2008-07-02,42.31
2008-07-03,41.66
2008-07-07,41.55
2008-07-08,42.47
2008-07-09,42.66
2008-07-10,43
2008-07-11,42.83
2008-07-14,42.08
2008-07-15,43.15
2008-07-16,43.49
2008-07-17,45.01
2008-07-18,44.97
2008-07-21,44.27
2008-07-22,44.95
2008-07-23,45.12
2008-07-24,43.34
2008-07-25,43.85
2008-07-28,43.42
2008-07-29,44.33
2008-07-30,45
2008-07-31,45.88
2008-08-01,45.4
2008-08-04,45.37
2008-08-05,45.43
2008-08-06,44.75
2008-08-07,46.07
2008-08-08,48.46
2008-08-11,47.91
2008-08-12,46.99
2008-08-13,46.7
2008-08-14,47.21
2008-08-15,46.68
2008-08-18,45.16
2008-08-19,44.45
2008-08-20,44.11
2008-08-21,43.63
2008-08-22,43.85
2008-08-25,43.85
2008-08-26,43.81
2008-08-27,44.38
2008-08-28,45.02
2008-08-29,44.35
2008-09-02,44.81
2008-09-03,43.32
2008-09-04,42.49
2008-09-05,42.1
2008-09-08,42.16
2008-09-09,42.63
2008-09-10,43.12
2008-09-11,43.16
2008-09-12,43.62
2008-09-15,41.24
2008-09-16,41.5
2008-09-17,38.58
2008-09-18,40.2
2008-09-19,41.42
2008-09-22,39.82
2008-09-23,39.98
2008-09-24,38.94
2008-09-25,39.82
2008-09-26,38.57
2008-09-29,34.6
2008-09-30,37.87
2008-10-01,36.61
2008-10-02,33.38
2008-10-03,31.99
2008-10-06,29.89
2008-10-07,27.72
2008-10-08,28.17
2008-10-09,27.32
2008-10-10,28.61
2008-10-13,32.65
2008-10-14,30.24
2008-10-15,27.36
2008-10-16,29
2008-10-17,28.98
2008-10-20,29.81
2008-10-21,29.07
2008-10-22,26.87
2008-10-23,24.39
2008-10-24,24.32
2008-10-27,24.1
2008-10-28,25.66
2008-10-29,26.16
2008-10-30,26.99
2008-10-31,28.63
2008-11-03,28.49
2008-11-04,28.84
2008-11-05,26.52
2008-11-06,28.86
2008-11-07,29.67
2008-11-10,30.27
2008-11-11,29.5
2008-11-12,27.21
2008-11-13,28.84
2008-11-14,28.4
2008-11-17,27.82
2008-11-18,28.99
2008-11-19,27.01
2008-11-20,25.31
2008-11-21,25.63
2008-11-24,27.92
2008-11-25,27.76
2008-11-26,29.49
2008-11-28,28.86
2008-12-01,26.18
2008-12-02,27.24
2008-12-03,27.9
2008-12-04,26.39
2008-12-05,28.96
2008-12-08,29.78
2008-12-09,29.15
2008-12-10,29.92
2008-12-11,28.12
2008-12-12,28.81
2008-12-15,27.86
2008-12-16,29.67
2008-12-17,29.58
2008-12-18,29.74
2008-12-19,29.65
2008-12-22,28.75
2008-12-23,27.86
2008-12-24,28.28
2008-12-26,28.36
2008-12-29,27.65
2008-12-30,28.38
2008-12-31,27.89
2009-01-02,28.74
2009-01-05,28.81
2009-01-06,29.08
2009-01-07,27.54
2009-01-08,26.48
2009-01-09,25.99
2009-01-12,25.53
2009-01-13,25.69
2009-01-14,24.42
2009-01-15,24.68
2009-01-16,24.64
2009-01-20,23.98
2009-01-21,25.82
2009-01-22,25.3
2009-01-23,25.39
2009-01-26,25.67
2009-01-27,25.26
2009-01-28,26.24
2009-01-29,25.59
2009-01-30,24.86
2009-02-02,24.79
2009-02-03,24.85
2009-02-04,24.74
2009-02-05,25.39
2009-02-06,26.03
2009-02-09,25.91
2009-02-10,25.11
2009-02-11,25.13
2009-02-12,25.4
2009-02-13,25.23
2009-02-17,24.67
2009-02-18,24.27
2009-02-19,24
2009-02-20,24.22
2009-02-23,23.2
2009-02-24,23.58
2009-02-25,23.15
2009-02-26,20.69
2009-02-27,20.17
2009-03-02,19.21
2009-03-03,18.88
2009-03-04,19.17
2009-03-05,18.33
2009-03-06,18.41
2009-03-09,18.06
2009-03-10,19.6
2009-03-11,20.97
2009-03-12,21.53
2009-03-13,21.98
2009-03-16,22.35
2009-03-17,22.54
2009-03-18,24.33
2009-03-19,24.35
2009-03-20,23.33
2009-03-23,25.16
2009-03-24,24.47
2009-03-25,24.49
2009-03-26,26.26
2009-03-27,25.51
2009-03-30,24.9
2009-03-31,25.1
2009-04-01,25.35
2009-04-02,26.45
2009-04-03,27.4
2009-04-06,27.53
2009-04-07,26.68
2009-04-08,26.65
2009-04-09,27.15
2009-04-13,27.05
2009-04-14,26.73
2009-04-15,26.56
2009-04-16,26.97
2009-04-17,26.62
2009-04-20,25.79
2009-04-21,26.09
2009-04-22,26.28
2009-04-23,26.59
2009-04-24,27.12
2009-04-27,27.2
2009-04-28,26.8
2009-04-29,27.06
2009-04-30,27.62
2009-05-01,27.36
2009-05-04,27.33
2009-05-05,26.91
2009-05-06,27.5
2009-05-07,26.71
2009-05-08,26.65
2009-05-11,27.04
2009-05-12,26.94
2009-05-13,26.06
2009-05-14,26.2
2009-05-15,26.95
2009-05-18,27.53
2009-05-19,28.4
2009-05-20,28.85
2009-05-21,28.11
2009-05-22,28
2009-05-26,28.71
2009-05-27,28.7
2009-05-28,29.4
2009-05-29,29.82
2009-06-01,31.98
2009-06-02,32.68
2009-06-03,32.04
2009-06-04,32.34
2009-06-05,33.26
2009-06-08,32.71
2009-06-09,33.15
2009-06-10,32.67
2009-06-11,33.08
2009-06-12,33.07
2009-06-15,31.81
2009-06-16,31.42
2009-06-17,32.03
2009-06-18,32.33
2009-06-19,32.3
2009-06-22,31.06
2009-06-23,30.33
2009-06-24,31.55
2009-06-25,32.09
2009-06-26,31.01
2009-06-29,30.99
2009-06-30,31.16
2009-07-01,31.26
2009-07-02,30.43
2009-07-06,30.08
2009-07-07,29.13
2009-07-08,28.75
2009-07-09,29.25
2009-07-10,29.66
2009-07-13,29.98
2009-07-14,29.57
2009-07-15,30.5
2009-07-16,30.88
2009-07-17,31.42
2009-07-20,31.03
2009-07-21,30.59
2009-07-22,30
2009-07-23,30.93
2009-07-24,31.29
2009-07-27,31.19
2009-07-28,31.52
2009-07-29,31.05
2009-07-30,31.39
2009-07-31,31.26
2009-08-03,31.73
2009-08-04,31.68
2009-08-05,31.35
2009-08-06,36.25
2009-08-07,36.49
2009-08-10,36.14
2009-08-11,35.59
2009-08-12,36.92
2009-08-13,37.17
2009-08-14,36.68
2009-08-17,35.45
2009-08-18,35.78
2009-08-19,35.52
2009-08-20,35.4
2009-08-21,35.91
2009-08-24,36.16
2009-08-25,36.05
2009-08-26,36.23
2009-08-27,36.32
2009-08-28,36.37
2009-08-31,35.14
2009-09-01,34.59
2009-09-02,34.77
2009-09-03,34.93
2009-09-04,35.68
2009-09-08,35.78
2009-09-09,36.2
2009-09-10,37.07
2009-09-11,37.64
2009-09-14,38.08
2009-09-15,37.75
2009-09-16,38.34
2009-09-17,38.45
2009-09-18,38.54
2009-09-21,38.21
2009-09-22,38.41
2009-09-23,37.86
2009-09-24,37.3
2009-09-25,36.63
2009-09-28,37.75
2009-09-29,37.94
2009-09-30,37.42
2009-10-01,37
2009-10-02,37.58
2009-10-05,38.05
2009-10-06,39.03
2009-10-07,39.06
2009-10-08,41.56
2009-10-09,42.03
2009-10-12,41.53
2009-10-13,41.59
2009-10-14,42.33
2009-10-15,42.1
2009-10-16,42
2009-10-19,42.03
2009-10-20,41.5
2009-10-21,41.73
2009-10-22,41.8
2009-10-23,42.64
2009-10-26,43.12
2009-10-27,42.75
2009-10-28,40.93
2009-10-29,41.72
2009-10-30,40.58
2009-11-02,40.68
2009-11-03,41.62
2009-11-04,41.47
2009-11-05,39.78
2009-11-06,41.2
2009-11-09,41.87
2009-11-10,41.56
2009-11-11,40.73
2009-11-12,40.12
2009-11-13,40.29
2009-11-16,40.89
2009-11-17,41.11
2009-11-18,40.35
2009-11-19,39.85
2009-11-20,39.81
2009-11-23,40.46
2009-11-24,40.06
2009-11-25,39.88
2009-11-27,38.66
2009-11-30,38.94
2009-12-01,39.84
2009-12-02,40.04
2009-12-03,39.99
2009-12-04,41.07
2009-12-07,40.96
2009-12-08,40.6
2009-12-09,40.51
2009-12-10,40.58
2009-12-11,40.47
2009-12-14,40.98
2009-12-15,40.99
2009-12-16,41
2009-12-17,40.78
2009-12-18,41.59
2009-12-21,42.16
2009-12-22,43
2009-12-23,43.32
2009-12-24,43.77
2009-12-28,43.55
2009-12-29,43.67
2009-12-30,43.78
2009-12-31,43.46
2010-01-04,44.64
2010-01-05,43.64
2010-01-06,43.35
2010-01-07,43.46
2010-01-08,43.76
2010-01-11,43.93
2010-01-12,42.74
2010-01-13,43.04
2010-01-14,43.49
2010-01-15,43.34
2010-01-19,44.09
2010-01-20,42.79
2010-01-21,41.84
2010-01-22,40.8
2010-01-25,40.77
2010-01-26,40.56
2010-01-27,42.19
2010-01-28,41.97
2010-01-29,41.86
2010-02-01,42.19
2010-02-02,42.35
2010-02-03,42.57
2010-02-04,40.97
2010-02-05,41.19
2010-02-08,40.68
2010-02-09,41.05
2010-02-10,41.27
2010-02-11,41.35
2010-02-12,41.59
2010-02-16,42.03
2010-02-17,42.83
2010-02-18,43.36
2010-02-19,43.17
2010-02-22,43.18
2010-02-23,42.99
2010-02-24,44.04
2010-02-25,43.62
2010-02-26,43.86
2010-03-01,44.3
2010-03-02,44.62
2010-03-03,44.46
2010-03-04,44.23
2010-03-05,44.87
2010-03-08,44.93
2010-03-09,44.66
2010-03-10,45.13
2010-03-11,45.14
2010-03-12,45.17
2010-03-15,45.21
2010-03-16,45.03
2010-03-17,45.8
2010-03-18,46.29
2010-03-19,44.89
2010-03-22,44.85
2010-03-23,44.76
2010-03-24,44.41
2010-03-25,43.66
2010-03-26,43.4
2010-03-29,43.8
2010-03-30,43.54
2010-03-31,43.18
2010-04-05,44.21
2010-04-06,44.28
2010-04-07,43.73
2010-04-08,43.88
2010-04-09,44.03
2010-04-12,44.15
2010-04-13,43.96
2010-04-14,43.52
2010-04-15,43.82
2010-04-16,43.56
2010-04-19,43.77
2010-04-20,44.68
2010-04-21,44.65
2010-04-22,45.39
2010-04-23,45.67
2010-04-26,45.54
2010-04-27,44.95
2010-04-28,44.93
2010-04-29,46.04
2010-04-30,44.96
2010-05-03,45.42
2010-05-04,44.34
2010-05-05,43.82
2010-05-06,44.41
2010-05-07,42.86
2010-05-10,44.98
2010-05-11,45.03
2010-05-12,46.26
2010-05-13,45.95
2010-05-14,44.79
2010-05-17,45.39
2010-05-18,44.4
2010-05-19,44.16
2010-05-20,42.57
2010-05-21,43.52
2010-05-24,42.84
2010-05-25,43.05
2010-05-26,43.37
2010-05-27,44.66
2010-05-28,43.73
2010-06-01,43.41
2010-06-02,44.16
2010-06-03,44.08
2010-06-04,42.81
2010-06-07,41.84
2010-06-08,41.46
2010-06-09,41.93
2010-06-10,43.01
2010-06-11,43.34
2010-06-14,43.12
2010-06-15,43.6
2010-06-16,43.84
2010-06-17,43.93
2010-06-18,43.83
2010-06-21,43.64
2010-06-22,43.39
2010-06-23,43.16
2010-06-24,42.72
2010-06-25,43.2
2010-06-28,43.48
2010-06-29,41.22
2010-06-30,40.57
2010-07-01,40.1
2010-07-02,40.32
2010-07-06,40.81
2010-07-07,41.55
2010-07-08,41.95
2010-07-09,42.15
2010-07-12,42.31
2010-07-13,43.65
2010-07-14,43.9
2010-07-15,43.51
2010-07-16,42.08
2010-07-19,42.34
2010-07-20,42.47
2010-07-21,42.3
2010-07-22,43.74
2010-07-23,45.04
2010-07-26,45.55
2010-07-27,45.56
2010-07-28,45.02
2010-07-29,44.26
2010-07-30,44.95
2010-08-02,45.92
2010-08-03,45.6
2010-08-04,46.58
2010-08-05,43.96
2010-08-06,44.21
2010-08-09,44.1
2010-08-10,43.68
2010-08-11,42.65
2010-08-12,41.67
2010-08-13,40.91
2010-08-16,40.87
2010-08-17,41.84
2010-08-18,42.19
2010-08-19,41.6
2010-08-20,41.98
2010-08-23,40.48
2010-08-24,40.04
2010-08-25,40.19
2010-08-26,39.76
2010-08-27,40.14
2010-08-30,39.37
2010-08-31,38.78
2010-09-01,40.32
2010-09-02,40.01
2010-09-03,40.66
2010-09-07,40.58
2010-09-08,40.57
2010-09-09,40.5
2010-09-10,40.87
2010-09-13,42.24
2010-09-14,41.81
2010-09-15,42.14
2010-09-16,42.24
2010-09-17,42.83
2010-09-20,43.55
2010-09-21,42.78
2010-09-22,42.33
2010-09-23,42.03
2010-09-24,42.68
2010-09-27,43.26
2010-09-28,42.5
2010-09-29,42.4
2010-09-30,42.25
2010-10-01,41.75
2010-10-04,41.29
2010-10-05,42.56
2010-10-06,41.39
2010-10-07,41.21
2010-10-08,41.61
2010-10-11,42.74
2010-10-12,44.39
2010-10-13,45.5
2010-10-14,45.09
2010-10-15,45.59
2010-10-18,46.09
2010-10-19,44.87
2010-10-20,45.05
2010-10-21,45.2
2010-10-22,45.33
2010-10-25,45.44
2010-10-26,45.37
2010-10-27,45.08
2010-10-28,45.1
2010-10-29,45.25
2010-11-01,44.86
2010-11-02,45.31
2010-11-03,45.41
2010-11-04,45.75
2010-11-05,46.06
2010-11-08,47.67
2010-11-09,48.17
2010-11-10,49.27
2010-11-11,49.09
2010-11-12,48.98
2010-11-15,48.97
2010-11-16,47.56
2010-11-17,47.69
2010-11-18,48.47
2010-11-19,48.3
2010-11-22,48.63
2010-11-23,47.71
2010-11-24,48.99
2010-11-26,48.88
2010-11-29,48.05
2010-11-30,48.5
2010-12-01,50.79
2010-12-02,51.09
2010-12-03,51.36
2010-12-06,50.92
2010-12-07,51.05
2010-12-08,51.07
2010-12-09,51.13
2010-12-10,52.36
2010-12-13,51.87
2010-12-14,52.02
2010-12-15,51.77
2010-12-16,52.15
2010-12-17,53.11
2010-12-20,52.98
2010-12-21,52.94
2010-12-22,53.25
2010-12-23,52.98
2010-12-27,52.98
2010-12-28,52.82
2010-12-29,52.76
2010-12-30,52.54
2010-12-31,52.07
2011-01-03,52.57
2011-01-04,52.34
2011-01-05,53.2
2011-01-06,53.27
2011-01-07,52.45
2011-01-10,53.61
2011-01-11,53.97
2011-01-12,53.82
2011-01-13,53.96
2011-01-14,54.96
2011-01-18,55.99
2011-01-19,54.93
2011-01-20,52.15
2011-01-21,52.51
2011-01-24,53.31
2011-01-25,51.82
2011-01-26,52.97
2011-01-27,52.55
2011-01-28,51.85
2011-01-31,52.45
2011-02-01,53.53
2011-02-02,54.11
2011-02-03,53.89
2011-02-04,54.26
2011-02-07,55.04
2011-02-08,54.43
2011-02-09,53.65
2011-02-10,54.4
2011-02-11,54.37
2011-02-14,54.24
2011-02-15,54.12
2011-02-16,54.51
2011-02-17,54.77
2011-02-18,55.09
2011-02-22,54.02
2011-02-23,53.32
2011-02-24,54.11
2011-02-25,55.83
2011-02-28,56.32
2011-03-01,54.93
2011-03-02,55.07
2011-03-03,55.28
2011-03-04,55
2011-03-07,53.93
2011-03-08,54.73
2011-03-09,54.38
2011-03-10,53.05
2011-03-11,53.08
2011-03-14,51.9
2011-03-15,51.79
2011-03-16,51.34
2011-03-17,51.02
2011-03-18,51.31
2011-03-21,52.74
2011-03-22,53.55
2011-03-23,53.69
2011-03-24,54.48
2011-03-25,54.2
2011-03-28,53.67
2011-03-29,53.98
2011-03-30,53.97
2011-03-31,54.19
2011-04-01,53.69
2011-04-04,53.77
2011-04-05,53.81
2011-04-06,53.78
2011-04-07,53.27
2011-04-08,53.18
2011-04-11,53.36
2011-04-12,53.02
2011-04-13,53.19
2011-04-14,52.83
2011-04-15,52.9
2011-04-18,51.68
2011-04-19,51.96
2011-04-20,52.98
2011-04-21,53.28
2011-04-25,53.47
2011-04-26,54
2011-04-27,54.94
2011-04-28,54.56
2011-04-29,55.29
2011-05-02,54.67
2011-05-03,54.73
2011-05-04,54.19
2011-05-05,53.64
2011-05-06,53.83
2011-05-09,54.25
2011-05-10,54.87
2011-05-11,54.04
2011-05-12,55.47
2011-05-13,55.53
2011-05-16,55.3
2011-05-17,55.15
2011-05-18,56.07
2011-05-19,57.21
2011-05-20,57.01
2011-05-23,55.67
2011-05-24,55.98
2011-05-25,56.52
2011-05-26,57.07
2011-05-27,57.06
2011-05-31,57.37
2011-06-01,55.56
2011-06-02,55.86
2011-06-03,54.69
2011-06-06,53.84
2011-06-07,53.48
2011-06-08,52.54
2011-06-09,52.08
2011-06-10,52.01
2011-06-13,52.58
2011-06-14,53.32
2011-06-15,52.84
2011-06-16,52.72
2011-06-17,52.99
2011-06-20,52.98
2011-06-21,54.56
2011-06-22,53.76
2011-06-23,54.03
2011-06-24,53.05
2011-06-27,53.55
2011-06-28,54.44
2011-06-29,54.98
2011-06-30,54.67
2011-07-01,55.54
2011-07-05,55.43
2011-07-06,56.42
2011-07-07,56.76
2011-07-08,56.52
2011-07-11,55.45
2011-07-12,54.73
2011-07-13,54.42
2011-07-14,53.38
2011-07-15,53.82
2011-07-18,52.56
2011-07-19,53.74
2011-07-20,52.55
2011-07-21,52.87
2011-07-22,53.13
2011-07-25,52.47
2011-07-26,52.8
2011-07-27,51.44
2011-07-28,50.99
2011-07-29,50.6
2011-08-01,50.3
2011-08-02,48.96
2011-08-03,49.94
2011-08-04,51.04
2011-08-05,49.48
2011-08-08,46.03
2011-08-09,49.36
2011-08-10,47.36
2011-08-11,49.65
2011-08-12,50.52
2011-08-15,51.52
2011-08-16,50.94
2011-08-17,49.92
2011-08-18,47.26
2011-08-19,45.98
2011-08-22,46.19
2011-08-23,48.17
2011-08-24,48.45
2011-08-25,47.84
2011-08-26,48.89
2011-08-29,51.48
2011-08-30,52.63
2011-08-31,53.98
2011-09-01,53.01
2011-09-02,51.21
2011-09-06,51.33
2011-09-07,53
2011-09-08,51.81
2011-09-09,50.49
2011-09-12,51.21
2011-09-13,51.48
2011-09-14,53.07
2011-09-15,53.97
2011-09-16,54.05
2011-09-19,53.73
2011-09-20,52.46
2011-09-21,51.05
2011-09-22,49.31
2011-09-23,49.82
2011-09-26,50.83
2011-09-27,52.19
2011-09-28,50.55
2011-09-29,50.95
2011-09-30,49.04
2011-10-03,46.52
2011-10-04,47.6
2011-10-05,48.65
2011-10-06,48.63
2011-10-07,47.98
2011-10-10,49.14
2011-10-11,49.78
2011-10-12,50.52
2011-10-13,50.87
2011-10-14,51.9
2011-10-17,50.56
2011-10-18,51.57
2011-10-19,50.51
2011-10-20,50.65
2011-10-21,50.96
2011-10-24,51.75
2011-10-25,51.33
2011-10-26,51.65
2011-10-27,55.06
2011-10-28,54.93
2011-10-31,54.36
2011-11-01,52.94
2011-11-02,54.31
2011-11-03,57.97
2011-11-04,57.94
2011-11-07,59.88
2011-11-08,59.6
2011-11-09,56.93
2011-11-10,57.7
2011-11-11,58.82
2011-11-14,58.67
2011-11-15,59.15
2011-11-16,58.94
2011-11-17,58.25
2011-11-18,58.71
2011-11-21,58.61
2011-11-22,57.85
2011-11-23,56.85
2011-11-25,56.93
2011-11-28,58.36
2011-11-29,58.89
2011-11-30,61.97
2011-12-01,61.46
2011-12-02,60.33
2011-12-05,61.41
2011-12-06,61.48
2011-12-07,61.29
2011-12-08,60.21
2011-12-09,61.98
2011-12-12,60.51
2011-12-13,59.4
2011-12-14,58.13
2011-12-15,58.9
2011-12-16,59.51
2011-12-19,58.01
2011-12-20,59.53
2011-12-21,57.39
2011-12-22,57.34
2011-12-23,57.95
2011-12-27,57.85
2011-12-28,56.61
2011-12-29,57.24
2011-12-30,57.28
2012-01-03,57.39
2012-01-04,56.4
2012-01-05,57.3
2012-01-06,56.94
2012-01-09,56.68
2012-01-10,56.73
2012-01-11,56.83
2012-01-12,57.44
2012-01-13,57.35
2012-01-17,57.23
2012-01-18,58.88
2012-01-19,60.56
2012-01-20,60.81
2012-01-23,60.57
2012-01-24,61.34
2012-01-25,61.26
2012-01-26,61.51
2012-01-27,61.46
2012-01-30,60.46
2012-01-31,60.49
2012-02-01,63
2012-02-02,62.88
2012-02-03,63.75
2012-02-06,63.48
2012-02-07,63.76
2012-02-08,63.61
2012-02-09,64.27
2012-02-10,63.65
2012-02-13,64.2
2012-02-14,64.31
2012-02-15,64.05
2012-02-16,65.1
2012-02-17,64.89
2012-02-21,64.99
2012-02-22,66.01
2012-02-23,63.08
2012-02-24,63.83
2012-02-27,63.67
2012-02-28,63.98
2012-02-29,63.18
2012-03-01,63.62
2012-03-02,63.57
2012-03-05,63.28
2012-03-06,61.62
2012-03-07,62.34
2012-03-08,62.67
2012-03-09,63.42
2012-03-12,63.21
2012-03-13,64.77
2012-03-14,64.7
2012-03-15,65.52
2012-03-16,65.55
2012-03-19,65.41
2012-03-20,64.66
2012-03-21,65.14
2012-03-22,64.83
2012-03-23,64.83
2012-03-26,66.03
2012-03-27,66.13
2012-03-28,65.3
2012-03-29,65.21
2012-03-30,65.02
2012-04-02,65.75
2012-04-03,66.26
2012-04-04,64.41
2012-04-05,64.28
2012-04-09,63.57
2012-04-10,62.24
2012-04-11,62.89
2012-04-12,63.54
2012-04-13,64.26
2012-04-16,64.15
2012-04-17,65.08
2012-04-18,66.08
2012-04-19,66.1
2012-04-20,66.12
2012-04-23,65
2012-04-24,63.97
2012-04-25,65.62
2012-04-26,67
2012-04-27,67.33
2012-04-30,67.07
2012-05-01,67.95
2012-05-02,68.54
2012-05-03,62.22
2012-05-04,62.41
2012-05-07,61.91
2012-05-08,61.16
2012-05-09,61.51
2012-05-10,60.93
2012-05-11,61.79
2012-05-14,62.5
2012-05-15,61.68
2012-05-16,62.32
2012-05-17,61.11
2012-05-18,59.8
2012-05-21,61
2012-05-22,61.75
2012-05-23,62.12
2012-05-24,61.69
2012-05-25,62.09
2012-05-29,63.06
2012-05-30,61.65
2012-05-31,61.88
2012-06-01,59.93
2012-06-04,61.8
2012-06-05,62.94
2012-06-06,65.1
2012-06-07,64.45
2012-06-08,64.59
2012-06-11,63.03
2012-06-12,63.58
2012-06-13,62.95
2012-06-14,62.53
2012-06-15,64.19
2012-06-18,65.51
2012-06-19,66.09
2012-06-20,65.39
2012-06-21,63.06
2012-06-22,63.61
2012-06-25,62.17
2012-06-26,62.47
2012-06-27,62.62
2012-06-28,60.97
2012-06-29,63.11
2012-07-02,63.17
2012-07-03,64.22
2012-07-05,64.47
2012-07-06,60.32
2012-07-09,58.22
2012-07-10,57.32
2012-07-11,56.22
2012-07-12,56.62
2012-07-13,57.24
2012-07-16,56.51
2012-07-17,56.19
2012-07-18,56.78
2012-07-19,58.15
2012-07-20,57.42
2012-07-23,57.25
2012-07-24,57.3
2012-07-25,57.72
2012-07-26,59.27
2012-07-27,60.35
2012-07-30,60.56
2012-07-31,59.96
2012-08-01,59.92
2012-08-02,66.56
2012-08-03,67.71
2012-08-06,67.54
2012-08-07,67.22
2012-08-08,66.43
2012-08-09,66.88
2012-08-10,66.8
2012-08-13,66.08
2012-08-14,65.72
2012-08-15,65.7
2012-08-16,66.36
2012-08-17,66.16
2012-08-20,65.88
2012-08-21,67.21
2012-08-22,67.51
2012-08-23,68.04
2012-08-24,67.51
2012-08-27,67.95
2012-08-28,69.49
2012-08-29,69.71
2012-08-30,69.46
2012-08-31,69.7
2012-09-04,70.77
2012-09-05,71.01
2012-09-06,72.46
2012-09-07,71.89
2012-09-10,72.57
2012-09-11,71.94
2012-09-12,72.37
2012-09-13,72.39
2012-09-14,73.03
2012-09-17,73.37
2012-09-18,73.29
2012-09-19,73.38
2012-09-20,73.84
2012-09-21,73.35
2012-09-24,73.38
2012-09-25,72.34
2012-09-26,71.86
2012-09-27,72.88
2012-09-28,73.4
2012-10-01,72.1
2012-10-02,72.1
2012-10-03,72.03
2012-10-04,72.34
2012-10-05,71.94
2012-10-08,71.03
2012-10-09,69.62
2012-10-10,69.18
2012-10-11,69.13
2012-10-12,69.55
2012-10-15,70.31
2012-10-16,71.33
2012-10-17,71.48
2012-10-18,70.75
2012-10-19,68.85
2012-10-22,68.4
2012-10-23,69.07
2012-10-24,69.36
2012-10-25,69.04
2012-10-26,68.99
2012-10-31,70.25
2012-11-01,67.49
2012-11-02,67.73
2012-11-05,68.62
2012-11-06,69.8
2012-11-07,68.22
2012-11-08,67.48
2012-11-09,67.56
2012-11-12,67.62
2012-11-13,68.19
2012-11-14,67.44
2012-11-15,67.25
2012-11-16,67.29
2012-11-19,67.79
2012-11-20,67.29
2012-11-21,66.95
2012-11-23,67.22
2012-11-26,66.89
2012-11-27,65.82
2012-11-28,65.71
2012-11-29,66.26
2012-11-30,66.33
2012-12-03,65.91
2012-12-04,65.98
2012-12-05,66.02
2012-12-06,66.26
2012-12-07,66.29
2012-12-10,66.4
2012-12-11,67.96
2012-12-12,67.94
2012-12-13,66.71
2012-12-14,67.12
2012-12-17,67.99
2012-12-18,69.27
2012-12-19,68.58
2012-12-20,68.86
2012-12-21,68.69
2012-12-24,68.94
2012-12-26,67.77
2012-12-27,67.62
2012-12-28,67
2012-12-31,67.34
2013-01-02,70.05
2013-01-03,69.77
2013-01-04,70.5
2013-01-07,70.49
2013-01-08,71.08
2013-01-09,72.13
2013-01-10,72.26
2013-01-11,72.83
2013-01-14,72.96
2013-01-15,73.06
2013-01-16,72.64
2013-01-17,73.56
2013-01-18,73.08
2013-01-22,72.71
2013-01-23,72.62
2013-01-24,72.74
2013-01-25,73.52
2013-01-28,73.94
2013-01-29,74.12
2013-01-30,73.73
2013-01-31,73.6
2013-02-01,74.42
2013-02-04,73.99
2013-02-05,74.63
2013-02-06,74.27
2013-02-07,74.59
2013-02-08,74.69
2013-02-11,74.71
2013-02-12,75.74
2013-02-13,75.89
2013-02-14,75.51
2013-02-15,75.62
2013-02-19,76.28
2013-02-20,76.09
2013-02-21,75.69
2013-02-22,76.38
2013-02-25,75.47
2013-02-26,74.53
2013-02-27,75.16
2013-02-28,75.8
2013-03-01,76.68
2013-03-04,77.23
2013-03-05,78.47
2013-03-06,78.82
2013-03-07,78.98
2013-03-08,79.74
2013-03-11,80.09
2013-03-12,79.5
2013-03-13,79.96
2013-03-14,80.56
2013-03-15,80.12
2013-03-18,80.07
2013-03-19,79.21
2013-03-20,79.61
2013-03-21,79.33
2013-03-22,79.43
2013-03-25,78.95
2013-03-26,79.24
2013-03-27,79.89
2013-03-28,81.42
2013-04-01,79.5
2013-04-02,79.38
2013-04-03,77.82
2013-04-04,77.33
2013-04-05,76.48
2013-04-08,76.55
2013-04-09,76.51
2013-04-10,79.3
2013-04-11,77.99
2013-04-12,78.31
2013-04-15,76.49
2013-04-16,78.03
2013-04-17,76.92
2013-04-18,75.07
2013-04-19,74.88
2013-04-22,75.02
2013-04-23,76.73
2013-04-24,77.58
2013-04-25,78.3
2013-04-26,78.01
2013-04-29,78.87
2013-04-30,80.86
2013-05-01,79.95
2013-05-02,73.93
2013-05-03,74.59
2013-05-06,74.37
2013-05-07,74.82
2013-05-08,75.46
2013-05-09,75.1
2013-05-10,75.89
2013-05-13,75.16
2013-05-14,76.36
2013-05-15,75.91
2013-05-16,76.07
2013-05-17,76.44
2013-05-20,75.73
2013-05-21,75.35
2013-05-22,72.58
2013-05-23,73.44
2013-05-24,73.85
2013-05-28,74.87
2013-05-29,74.55
2013-05-30,75.06
2013-05-31,74.5
2013-06-03,73.61
2013-06-04,72.91
2013-06-05,72.5
2013-06-06,74.31
2013-06-07,74.43
2013-06-10,73.87
2013-06-11,72.85
2013-06-12,72.34
2013-06-13,73.96
2013-06-14,73.53
2013-06-17,75.85
2013-06-18,76.51
2013-06-19,75.17
2013-06-20,72.89
2013-06-21,72.25
2013-06-24,71.17
2013-06-25,71.68
2013-06-26,72.14
2013-06-27,74.04
2013-06-28,73.1
2013-07-01,73.67
2013-07-02,72.56
2013-07-03,72.96
2013-07-05,74.5
2013-07-08,74.95
2013-07-09,75.97
2013-07-10,76.64
2013-07-11,78.35
2013-07-12,78.86
2013-07-15,79.13
2013-07-16,79.04
2013-07-17,79.11
2013-07-18,79.14
2013-07-19,79.1
2013-07-22,79.55
2013-07-23,79.58
2013-07-24,79.97
2013-07-25,79.22
2013-07-26,78.13
2013-07-29,77.86
2013-07-30,77.8
2013-07-31,79.84
2013-08-01,88.93
2013-08-02,89.39
2013-08-05,89.55
2013-08-06,87.6
2013-08-07,87.03
2013-08-08,87.99
2013-08-09,88.25
2013-08-12,88.35
2013-08-13,88.56
2013-08-14,88.35
2013-08-15,86.53
2013-08-16,86.19
2013-08-19,85.46
2013-08-20,85.62
2013-08-21,85.05
2013-08-22,86.31
2013-08-23,86.05
2013-08-26,86.29
2013-08-27,83.68
2013-08-28,84.22
2013-08-29,84.38
2013-08-30,83.98
2013-09-03,83.26
2013-09-04,84.22
2013-09-05,85.1
2013-09-06,85.04
2013-09-09,85.9
2013-09-10,87.77
2013-09-11,88.12
2013-09-12,88.31
2013-09-13,87.6
2013-09-16,88.03
2013-09-17,87.84
2013-09-18,87.35
2013-09-19,86.65
2013-09-20,86.06
2013-09-23,85.94
2013-09-24,86
2013-09-25,86.7
2013-09-26,87.72
2013-09-27,86.49
2013-09-30,86.52
2013-10-01,87.76
2013-10-02,87.15
2013-10-03,85.23
2013-10-04,85.94
2013-10-07,84.65
2013-10-08,83.61
2013-10-09,83.54
2013-10-10,85.63
2013-10-11,86.16
2013-10-14,85.91
2013-10-15,84.41
2013-10-16,85.36
2013-10-17,84.57
2013-10-18,86.38
2013-10-21,87.68
2013-10-22,87.57
2013-10-23,86.6
2013-10-24,86.99
2013-10-25,87.41
2013-10-28,87.8
2013-10-29,87.91
2013-10-30,87.64
2013-10-31,87.45
2013-11-01,87.42
2013-11-04,88.32
2013-11-05,87.49
2013-11-06,89.03
2013-11-07,84.18
2013-11-08,84.4
2013-11-11,83.95
2013-11-12,83.92
2013-11-13,84.58
2013-11-14,84.14
2013-11-15,84.49
2013-11-18,84.53
2013-11-19,83.59
2013-11-20,83.43
2013-11-21,85.05
2013-11-22,85.83
2013-11-25,85.55
2013-11-26,86.05
2013-11-27,86.57
2013-11-29,85.67
2013-12-02,85.93
2013-12-03,85.58
2013-12-04,85.96
2013-12-05,85.21
2013-12-06,86.19
2013-12-09,85.93
2013-12-10,86.33
2013-12-11,83.81
2013-12-12,83.14
2013-12-13,84.15
2013-12-16,85.51
2013-12-17,84.66
2013-12-18,86.52
2013-12-19,85.84
2013-12-20,87.33
2013-12-23,87.48
2013-12-24,87.29
2013-12-26,86.97
2013-12-27,86.3
2013-12-30,86.62
2013-12-31,87.2
2014-01-02,86.01
2014-01-03,85.6
2014-01-06,85.02
2014-01-07,85.58
2014-01-08,85.28
2014-01-09,84.51
2014-01-10,84.77
2014-01-13,83.4
2014-01-14,84.7
2014-01-15,85.28
2014-01-16,85.4
2014-01-17,84.64
2014-01-21,84.5
2014-01-22,84.31
2014-01-23,83.33
2014-01-24,79.74
2014-01-27,77.96
2014-01-28,79.33
2014-01-29,78.45
2014-01-30,78.78
2014-01-31,78.53
2014-02-03,77.22
2014-02-04,77.31
2014-02-05,77.66
2014-02-06,79.62
2014-02-07,81
2014-02-10,80.42
2014-02-11,80.82
2014-02-12,80.94
2014-02-13,82.06
2014-02-14,81.94
2014-02-18,83.07
2014-02-19,82.46
2014-02-20,83.11
2014-02-21,82.37
2014-02-24,84.07
2014-02-25,83.7
2014-02-26,84.47
2014-02-27,83.2
2014-02-28,83.52
2014-03-03,82.39
2014-03-04,83.63
2014-03-05,83.4
2014-03-06,83.38
2014-03-07,83.3
2014-03-10,82.99
2014-03-11,81.86
2014-03-12,81.19
2014-03-13,78.3
2014-03-14,75.85
2014-03-17,75.69
2014-03-18,75.83
2014-03-19,73.65
2014-03-20,73.89
2014-03-21,73.46
2014-03-24,73.92
2014-03-25,74.33
2014-03-26,74
2014-03-27,75.69
2014-03-28,76.13
2014-03-31,77.02
2014-04-01,77.74
2014-04-02,77.66
2014-04-03,77.45
2014-04-04,75.63
2014-04-07,74.41
2014-04-08,74.62
2014-04-09,76.11
2014-04-10,75.02
2014-04-11,73.7
2014-04-14,73.84
2014-04-15,73.94
2014-04-16,75.07
2014-04-17,75.81
2014-04-21,74.72
2014-04-22,74.76
2014-04-23,75.61
2014-04-24,76.66
2014-04-25,76.64
2014-04-28,76.5
2014-04-29,76.24
2014-04-30,76.31
2014-05-01,72.49
2014-05-02,74
2014-05-05,74.8
2014-05-06,74.65
2014-05-07,75.49
2014-05-08,74.51
2014-05-09,75.14
2014-05-12,75.88
2014-05-13,74.6
2014-05-14,74.32
2014-05-15,73.71
2014-05-16,74.22
2014-05-19,74.8
2014-05-20,73.57
2014-05-21,73.83
2014-05-22,74.27
2014-05-23,74.88
2014-05-27,74.47
2014-05-28,74.05
2014-05-29,73.92
2014-05-30,73.45
2014-06-02,73.8
2014-06-03,74.23
2014-06-04,74.64
2014-06-05,74.96
2014-06-06,75.83
2014-06-09,76.51
2014-06-10,75.96
2014-06-11,75.53
2014-06-12,75.6
2014-06-13,75.66
2014-06-16,75.27
2014-06-17,75.43
2014-06-18,75.93
2014-06-19,75.1
2014-06-20,74.59
2014-06-23,74.41
2014-06-24,74.45
2014-06-25,73.7
2014-06-26,74.05
2014-06-27,75.31
2014-06-30,75.82
2014-07-01,77.19
2014-07-02,76.58
2014-07-03,77.75
2014-07-07,76.66
2014-07-08,75.72
2014-07-09,75.58
2014-07-10,74.74
2014-07-11,74.18
2014-07-14,74.96
2014-07-15,75.3
2014-07-16,75.54
2014-07-17,74.71
2014-07-18,75.27
2014-07-21,75.23
2014-07-22,76.25
2014-07-23,76.77
2014-07-24,77.22
2014-07-25,77.27
2014-07-28,77.39
2014-07-29,77.6
2014-07-30,78.29
2014-07-31,76.94
2014-08-01,76
2014-08-04,76.59
2014-08-05,77.96
2014-08-06,78.66
2014-08-07,78.85
2014-08-08,79.37
2014-08-11,79.09
2014-08-12,79.12
2014-08-13,79.51
2014-08-14,79.78
2014-08-15,79.79
2014-08-18,81.12
2014-08-19,81.2
2014-08-20,81.84
2014-08-21,82.7
2014-08-22,81.99
2014-08-25,80.92
2014-08-26,81.43
2014-08-27,81.62
2014-08-28,80.63
2014-08-29,81.3
2014-09-02,81.9
2014-09-03,81.6
2014-09-04,81.22
2014-09-05,81.15
2014-09-08,81.55
2014-09-09,80.39
2014-09-10,80.47
2014-09-11,80.95
2014-09-12,80.2
2014-09-15,79.79
2014-09-16,79.74
2014-09-17,79.63
2014-09-18,80.23
2014-09-19,79.57
2014-09-22,77.64
2014-09-23,76.78
2014-09-24,76.95
2014-09-25,75.43
2014-09-26,75.8
2014-09-29,75.72
2014-09-30,75.67
2014-10-01,75.17
2014-10-02,76.37
2014-10-03,76.72
2014-10-06,76.19
2014-10-07,75.8
2014-10-08,76.85
2014-10-09,75.95
2014-10-10,74.96
2014-10-13,73.37
2014-10-14,72.68
2014-10-15,72.21
2014-10-16,72.42
2014-10-17,72.99
2014-10-20,74.12
2014-10-21,75.87
2014-10-22,74.5
2014-10-23,75
2014-10-24,75.37
2014-10-27,75.81
2014-10-28,77.12
2014-10-29,76.63
2014-10-30,77.26
2014-10-31,78.56
2014-11-03,78.05
2014-11-04,77.45
2014-11-05,77.06
2014-11-06,78.4
2014-11-07,79.55
2014-11-10,79.3
2014-11-11,80.06
2014-11-12,79.9
2014-11-13,79.29
2014-11-14,79.79
2014-11-17,79.73
2014-11-18,79.93
2014-11-19,79.76
2014-11-20,79.78
2014-11-21,81.85
2014-11-24,81.88
2014-11-25,82.2
2014-11-26,83.05
2014-11-28,83.52
2014-12-01,83.06
2014-12-02,83.27
2014-12-03,83.13
2014-12-04,83.11
2014-12-05,83.65
2014-12-08,83.28
2014-12-09,83.21
2014-12-10,81.97
2014-12-11,81.65
2014-12-12,80.32
2014-12-15,80.11
2014-12-16,80.4
2014-12-17,81.66
2014-12-18,83.34
2014-12-19,83.24
2014-12-22,83.16
2014-12-23,83.95
2014-12-24,84.31
2014-12-26,84.27
2014-12-29,83.73
2014-12-30,82.79
2014-12-31,82
2015-01-02,81.64
2015-01-05,80.86
2015-01-06,79.26
2015-01-07,79.71
2015-01-08,81.66
2015-01-09,80.76
2015-01-12,79.92
2015-01-13,80.63
