"Index","ARIA.Close"
2007-01-03,5.11
2007-01-04,5.18
2007-01-05,5.17
2007-01-08,5.12
2007-01-09,5.39
2007-01-10,5.34
2007-01-11,5.4
2007-01-12,5.52
2007-01-16,5.48
2007-01-17,5.42
2007-01-18,5.22
2007-01-19,5.33
2007-01-22,5.26
2007-01-23,5.2
2007-01-24,5.32
2007-01-25,5.27
2007-01-26,5.3
2007-01-29,5.27
2007-01-30,5.31
2007-01-31,5.12
2007-02-01,5.12
2007-02-02,5.04
2007-02-05,5
2007-02-06,4.87
2007-02-07,4.84
2007-02-08,4.9
2007-02-09,4.96
2007-02-12,5.25
2007-02-13,5.19
2007-02-14,5.52
2007-02-15,5.23
2007-02-16,5.05
2007-02-20,5.45
2007-02-21,5.43
2007-02-22,5.44
2007-02-23,5.3
2007-02-26,5.27
2007-02-27,4.93
2007-02-28,4.83
2007-03-01,4.71
2007-03-02,4.41
2007-03-05,4.42
2007-03-06,4.64
2007-03-07,4.54
2007-03-08,4.41
2007-03-09,4.46
2007-03-12,4.48
2007-03-13,4.3
2007-03-14,4.29
2007-03-15,4.22
2007-03-16,4.1
2007-03-19,4.26
2007-03-20,4.28
2007-03-21,4.36
2007-03-22,4.48
2007-03-23,4.53
2007-03-26,4.4
2007-03-27,4.35
2007-03-28,4.31
2007-03-29,4.38
2007-03-30,4.49
2007-04-02,4.43
2007-04-03,4.51
2007-04-04,4.55
2007-04-05,4.94
2007-04-09,4.32
2007-04-10,4.38
2007-04-11,4.26
2007-04-12,4.35
2007-04-13,4.44
2007-04-16,4.49
2007-04-17,4.45
2007-04-18,4.42
2007-04-19,4.4
2007-04-20,4.5
2007-04-23,4.52
2007-04-24,4.64
2007-04-25,4.54
2007-04-26,4.63
2007-04-27,4.86
2007-04-30,4.61
2007-05-01,4.9
2007-05-02,4.95
2007-05-03,4.86
2007-05-04,4.91
2007-05-07,4.97
2007-05-08,5.07
2007-05-09,5.02
2007-05-10,5.11
2007-05-11,5.16
2007-05-14,5.13
2007-05-15,5.06
2007-05-16,5.08
2007-05-17,5
2007-05-18,5.14
2007-05-21,5.23
2007-05-22,5.23
2007-05-23,5.4
2007-05-24,5.26
2007-05-25,5.34
2007-05-29,5.36
2007-05-30,5.49
2007-05-31,5.43
2007-06-01,5.44
2007-06-04,5.11
2007-06-05,5.5
2007-06-06,5.22
2007-06-07,5.42
2007-06-08,5.37
2007-06-11,5.61
2007-06-12,5.3
2007-06-13,5.53
2007-06-14,5.68
2007-06-15,5.65
2007-06-18,5.71
2007-06-19,5.46
2007-06-20,5.63
2007-06-21,5.53
2007-06-22,5.74
2007-06-25,5.57
2007-06-26,5.43
2007-06-27,5.67
2007-06-28,5.49
2007-06-29,5.49
2007-07-02,5.66
2007-07-03,5.7
2007-07-05,5.62
2007-07-06,5.94
2007-07-09,6.06
2007-07-10,5.98
2007-07-11,6.05
2007-07-12,5.77
2007-07-13,5.57
2007-07-16,5.16
2007-07-17,5.38
2007-07-18,5.23
2007-07-19,5.31
2007-07-20,5.12
2007-07-23,4.87
2007-07-24,4.67
2007-07-25,4.65
2007-07-26,4.65
2007-07-27,4.5
2007-07-30,4.37
2007-07-31,4.39
2007-08-01,4.32
2007-08-02,4.25
2007-08-03,4.12
2007-08-06,4.05
2007-08-07,3.97
2007-08-08,4.27
2007-08-09,4.45
2007-08-10,4.79
2007-08-13,4.5
2007-08-14,4.34
2007-08-15,4.35
2007-08-16,4.5
2007-08-17,4.63
2007-08-20,4.64
2007-08-21,4.63
2007-08-22,4.7
2007-08-23,4.61
2007-08-24,4.74
2007-08-27,4.64
2007-08-28,4.46
2007-08-29,4.75
2007-08-30,4.82
2007-08-31,4.97
2007-09-04,5.05
2007-09-05,4.95
2007-09-06,4.87
2007-09-07,4.73
2007-09-10,4.95
2007-09-11,4.99
2007-09-12,4.92
2007-09-13,4.82
2007-09-14,4.78
2007-09-17,4.66
2007-09-18,4.72
2007-09-19,4.84
2007-09-20,4.78
2007-09-21,4.88
2007-09-24,4.99
2007-09-25,4.96
2007-09-26,4.85
2007-09-27,4.9
2007-09-28,4.63
2007-10-01,4.83
2007-10-02,4.79
2007-10-03,4.76
2007-10-04,4.76
2007-10-05,4.86
2007-10-08,4.95
2007-10-09,5.11
2007-10-10,5.13
2007-10-11,5.06
2007-10-12,5.12
2007-10-15,5.07
2007-10-16,4.97
2007-10-17,5.05
2007-10-18,5.03
2007-10-19,4.93
2007-10-22,5.03
2007-10-23,5.07
2007-10-24,5.07
2007-10-25,5.05
2007-10-26,5.1
2007-10-29,5.08
2007-10-30,5.04
2007-10-31,5.1
2007-11-01,4.89
2007-11-02,5.04
2007-11-05,4.94
2007-11-06,5.08
2007-11-07,4.98
2007-11-08,4.87
2007-11-09,4.84
2007-11-12,4.78
2007-11-13,4.82
2007-11-14,4.87
2007-11-15,4.73
2007-11-16,4.8
2007-11-19,4.58
2007-11-20,4.54
2007-11-21,4.35
2007-11-23,4.36
2007-11-26,4.37
2007-11-27,4.39
2007-11-28,4.34
2007-11-29,4.43
2007-11-30,4.5
2007-12-03,4.39
2007-12-04,4.4
2007-12-05,4.51
2007-12-06,4.87
2007-12-07,4.69
2007-12-10,4.63
2007-12-11,4.32
2007-12-12,4.34
2007-12-13,4.42
2007-12-14,4.25
2007-12-17,4.21
2007-12-18,4.3
2007-12-19,4.24
2007-12-20,4.32
2007-12-21,4.51
2007-12-24,4.46
2007-12-26,4.37
2007-12-27,4.24
2007-12-28,4.25
2007-12-31,4.25
2008-01-02,4.25
2008-01-03,4.26
2008-01-04,4.25
2008-01-07,4.42
2008-01-08,4.36
2008-01-09,4.46
2008-01-10,4.41
2008-01-11,4.29
2008-01-14,4.19
2008-01-15,4.08
2008-01-16,4.08
2008-01-17,4.04
2008-01-18,3.89
2008-01-22,3.85
2008-01-23,3.87
2008-01-24,3.63
2008-01-25,3.55
2008-01-28,3.58
2008-01-29,3.65
2008-01-30,3.61
2008-01-31,3.43
2008-02-01,3.47
2008-02-04,3.45
2008-02-05,3.32
2008-02-06,3.25
2008-02-07,3.34
2008-02-08,3.18
2008-02-11,3.25
2008-02-12,3.36
2008-02-13,3.47
2008-02-14,3.34
2008-02-15,3.24
2008-02-19,3.29
2008-02-20,3.37
2008-02-21,3.24
2008-02-22,3.23
2008-02-25,3.33
2008-02-26,3.4
2008-02-27,3.39
2008-02-28,3.51
2008-02-29,3.35
2008-03-03,3.3
2008-03-04,3.25
2008-03-05,3.27
2008-03-06,3.19
2008-03-07,3.27
2008-03-10,2.72
2008-03-11,2.78
2008-03-12,2.78
2008-03-13,2.93
2008-03-14,2.83
2008-03-17,2.8
2008-03-18,3.05
2008-03-19,3.05
2008-03-20,3.02
2008-03-24,3.24
2008-03-25,3.37
2008-03-26,3.23
2008-03-27,3.44
2008-03-28,3.26
2008-03-31,3.37
2008-04-01,3.55
2008-04-02,3.64
2008-04-03,3.56
2008-04-04,3.57
2008-04-07,3.61
2008-04-08,3.63
2008-04-09,3.51
2008-04-10,3.62
2008-04-11,3.53
2008-04-14,3.36
2008-04-15,3.08
2008-04-16,3.32
2008-04-17,3.24
2008-04-18,3.18
2008-04-21,3.24
2008-04-22,3.09
2008-04-23,3.15
2008-04-24,3.13
2008-04-25,3.07
2008-04-28,3.06
2008-04-29,3.1
2008-04-30,2.96
2008-05-01,2.98
2008-05-02,2.93
2008-05-05,2.89
2008-05-06,2.82
2008-05-07,2.67
2008-05-08,2.69
2008-05-09,2.66
2008-05-12,2.67
2008-05-13,2.7
2008-05-14,2.57
2008-05-15,2.5
2008-05-16,2.57
2008-05-19,2.63
2008-05-20,2.59
2008-05-21,2.46
2008-05-22,2.5
2008-05-23,2.49
2008-05-27,2.49
2008-05-28,2.45
2008-05-29,2.48
2008-05-30,2.58
2008-06-02,2.74
2008-06-03,2.73
2008-06-04,2.59
2008-06-05,2.64
2008-06-06,2.57
2008-06-09,2.48
2008-06-10,2.49
2008-06-11,2.4
2008-06-12,2.39
2008-06-13,2.39
2008-06-16,2.61
2008-06-17,2.58
2008-06-18,2.55
2008-06-19,2.55
2008-06-20,2.6
2008-06-23,2.48
2008-06-24,2.46
2008-06-25,2.51
2008-06-26,2.46
2008-06-27,2.42
2008-06-30,2.4
2008-07-01,2.29
2008-07-02,2.25
2008-07-03,2.31
2008-07-07,2.26
2008-07-08,2.44
2008-07-09,2.32
2008-07-10,2.38
2008-07-11,2.47
2008-07-14,2.27
2008-07-15,2.24
2008-07-16,2.42
2008-07-17,2.48
2008-07-18,2.4
2008-07-21,2.58
2008-07-22,2.74
2008-07-23,2.8
2008-07-24,2.89
2008-07-25,3.09
2008-07-28,3.07
2008-07-29,3.11
2008-07-30,3.14
2008-07-31,3.27
2008-08-01,3.13
2008-08-04,3.1
2008-08-05,2.97
2008-08-06,3.13
2008-08-07,2.83
2008-08-08,3.17
2008-08-11,3.3
2008-08-12,3.32
2008-08-13,3.42
2008-08-14,3.45
2008-08-15,3.42
2008-08-18,3.26
2008-08-19,3.2
2008-08-20,3.24
2008-08-21,3.11
2008-08-22,3.22
2008-08-25,3.04
2008-08-26,2.99
2008-08-27,3.18
2008-08-28,3.19
2008-08-29,3.11
2008-09-02,3.09
2008-09-03,3.17
2008-09-04,2.93
2008-09-05,3.08
2008-09-08,3.19
2008-09-09,3.02
2008-09-10,3.09
2008-09-11,3.08
2008-09-12,3.01
2008-09-15,2.86
2008-09-16,2.95
2008-09-17,2.75
2008-09-18,2.98
2008-09-19,2.97
2008-09-22,2.79
2008-09-23,2.61
2008-09-24,2.6
2008-09-25,2.68
2008-09-26,2.73
2008-09-29,2.58
2008-09-30,2.47
2008-10-01,2.31
2008-10-02,2.08
2008-10-03,1.94
2008-10-06,1.98
2008-10-07,1.64
2008-10-08,1.56
2008-10-09,1.42
2008-10-10,1.35
2008-10-13,2.08
2008-10-14,2
2008-10-15,1.5
2008-10-16,1.88
2008-10-17,1.86
2008-10-20,2.15
2008-10-21,2.1
2008-10-22,1.99
2008-10-23,1.99
2008-10-24,1.89
2008-10-27,1.52
2008-10-28,1.62
2008-10-29,1.94
2008-10-30,1.98
2008-10-31,1.99
2008-11-03,1.88
2008-11-04,1.89
2008-11-05,1.67
2008-11-06,1.62
2008-11-07,1.68
2008-11-10,1.63
2008-11-11,1.52
2008-11-12,1.39
2008-11-13,1.64
2008-11-14,1.4
2008-11-17,1.46
2008-11-18,1.39
2008-11-19,1.43
2008-11-20,1.38
2008-11-21,1.27
2008-11-24,1.36
2008-11-25,1.23
2008-11-26,1.37
2008-11-28,1.33
2008-12-01,1.1
2008-12-02,1.29
2008-12-03,1.35
2008-12-04,1.2
2008-12-05,1.29
2008-12-08,1.26
2008-12-09,1.21
2008-12-10,1.28
2008-12-11,1.19
2008-12-12,1.33
2008-12-15,1.18
2008-12-16,1.18
2008-12-17,1.18
2008-12-18,1.13
2008-12-19,1.18
2008-12-22,1.06
2008-12-23,1.05
2008-12-24,1.02
2008-12-26,0.95
2008-12-29,0.87
2008-12-30,0.82
2008-12-31,0.85
2009-01-02,0.91
2009-01-05,0.98
2009-01-06,1.19
2009-01-07,1.18
2009-01-08,1.21
2009-01-09,1.15
2009-01-12,1.2
2009-01-13,1.22
2009-01-14,1.19
2009-01-15,1.23
2009-01-16,1.27
2009-01-20,1.18
2009-01-21,1.45
2009-01-22,1.44
2009-01-23,1.52
2009-01-26,1.69
2009-01-27,1.8
2009-01-28,1.93
2009-01-29,1.85
2009-01-30,1.67
2009-02-02,2.06
2009-02-03,2.15
2009-02-04,2.37
2009-02-05,2.68
2009-02-06,2.86
2009-02-09,2.53
2009-02-10,2.26
2009-02-11,2.39
2009-02-12,2.51
2009-02-13,2.54
2009-02-17,2.33
2009-02-18,1.98
2009-02-19,1.69
2009-02-20,1.48
2009-02-23,1.22
2009-02-24,1.34
2009-02-25,1.18
2009-02-26,1.12
2009-02-27,1.11
2009-03-02,0.98
2009-03-03,1.24
2009-03-04,1.28
2009-03-05,1.1
2009-03-06,1.2
2009-03-09,1.2
2009-03-10,1.3
2009-03-11,1.21
2009-03-12,1.34
2009-03-13,1.33
2009-03-16,1.24
2009-03-17,1.28
2009-03-18,1.3
2009-03-19,1.32
2009-03-20,1.25
2009-03-23,1.39
2009-03-24,1.31
2009-03-25,1.3
2009-03-26,1.4
2009-03-27,1.36
2009-03-30,1.48
2009-03-31,1.19
2009-04-01,1.36
2009-04-02,1.39
2009-04-03,1.35
2009-04-06,1.33
2009-04-07,1.35
2009-04-08,1.36
2009-04-09,1.43
2009-04-13,1.4
2009-04-14,1.33
2009-04-15,1.4
2009-04-16,1.48
2009-04-17,1.48
2009-04-20,1.45
2009-04-21,1.48
2009-04-22,1.5
2009-04-23,1.48
2009-04-24,1.52
2009-04-27,1.41
2009-04-28,1.47
2009-04-29,1.51
2009-04-30,1.5
2009-05-01,1.49
2009-05-04,1.53
2009-05-05,1.53
2009-05-06,1.45
2009-05-07,1.31
2009-05-08,1.32
2009-05-11,1.35
2009-05-12,1.31
2009-05-13,1.3
2009-05-14,1.35
2009-05-15,1.39
2009-05-18,1.49
2009-05-19,1.51
2009-05-20,1.46
2009-05-21,1.36
2009-05-22,1.39
2009-05-26,1.42
2009-05-27,1.42
2009-05-28,1.43
2009-05-29,1.5
2009-06-01,1.5
2009-06-02,1.48
2009-06-03,1.51
2009-06-04,1.68
2009-06-05,1.66
2009-06-08,1.83
2009-06-09,1.78
2009-06-10,1.78
2009-06-11,1.88
2009-06-12,1.86
2009-06-15,1.76
2009-06-16,1.78
2009-06-17,1.73
2009-06-18,1.76
2009-06-19,1.7
2009-06-22,1.57
2009-06-23,1.6
2009-06-24,1.6
2009-06-25,1.7
2009-06-26,1.66
2009-06-29,1.6
2009-06-30,1.6
2009-07-01,1.59
2009-07-02,1.56
2009-07-06,1.53
2009-07-07,1.51
2009-07-08,1.5
2009-07-09,1.5
2009-07-10,1.54
2009-07-13,1.57
2009-07-14,1.58
2009-07-15,1.66
2009-07-16,1.62
2009-07-17,1.59
2009-07-20,1.57
2009-07-21,1.6
2009-07-22,1.58
2009-07-23,1.72
2009-07-24,1.73
2009-07-27,2.45
2009-07-28,2.8
2009-07-29,2.35
2009-07-30,2.33
2009-07-31,1.93
2009-08-03,1.99
2009-08-04,1.89
2009-08-05,2
2009-08-06,1.87
2009-08-07,1.9
2009-08-10,1.88
2009-08-11,1.8
2009-08-12,1.8
2009-08-13,1.8
2009-08-14,1.95
2009-08-17,2.09
2009-08-18,2.23
2009-08-19,2.07
2009-08-20,2.06
2009-08-21,2.12
2009-08-24,2.21
2009-08-25,2.16
2009-08-26,2.21
2009-08-27,2.2
2009-08-28,2.21
2009-08-31,2.19
2009-09-01,2.35
2009-09-02,2.27
2009-09-03,2.26
2009-09-04,2.35
2009-09-08,2.56
2009-09-09,2.56
2009-09-10,2.63
2009-09-11,2.62
2009-09-14,2.75
2009-09-15,2.54
2009-09-16,2.55
2009-09-17,2.5
2009-09-18,2.51
2009-09-21,2.48
2009-09-22,2.33
2009-09-23,2.26
2009-09-24,2.21
2009-09-25,2.19
2009-09-28,2.24
2009-09-29,2.25
2009-09-30,2.21
2009-10-01,2.08
2009-10-02,2.03
2009-10-05,2.08
2009-10-06,2.09
2009-10-07,2.06
2009-10-08,2.07
2009-10-09,2.02
2009-10-12,2.05
2009-10-13,2.04
2009-10-14,2.11
2009-10-15,2.2
2009-10-16,2.2
2009-10-19,2.15
2009-10-20,2.1
2009-10-21,2.05
2009-10-22,2.09
2009-10-23,2.02
2009-10-26,1.88
2009-10-27,1.9
2009-10-28,1.77
2009-10-29,1.93
2009-10-30,1.8
2009-11-02,1.82
2009-11-03,1.91
2009-11-04,1.87
2009-11-05,1.98
2009-11-06,2.17
2009-11-09,2.43
2009-11-10,2.52
2009-11-11,2.41
2009-11-12,2.43
2009-11-13,2.42
2009-11-16,2.36
2009-11-17,2.35
2009-11-18,2.27
2009-11-19,2.19
2009-11-20,2.16
2009-11-23,2.22
2009-11-24,2.27
2009-11-25,2.29
2009-11-27,2.2
2009-11-30,2.26
2009-12-01,2.3
2009-12-02,2.44
2009-12-03,2.51
2009-12-04,2.44
2009-12-07,2.47
2009-12-08,2.62
2009-12-09,2.56
2009-12-10,2.39
2009-12-11,2.36
2009-12-14,2.35
2009-12-15,2.27
2009-12-16,2.2
2009-12-17,2.13
2009-12-18,2.04
2009-12-21,2
2009-12-22,2.01
2009-12-23,2.08
2009-12-24,2.07
2009-12-28,2.03
2009-12-29,2.07
2009-12-30,2.15
2009-12-31,2.28
2010-01-04,2.4
2010-01-05,2.34
2010-01-06,2.32
2010-01-07,2.41
2010-01-08,2.45
2010-01-11,2.41
2010-01-12,2.36
2010-01-13,2.41
2010-01-14,2.43
2010-01-15,2.38
2010-01-19,2.37
2010-01-20,2.33
2010-01-21,2.23
2010-01-22,2.2
2010-01-25,2.15
2010-01-26,2.16
2010-01-27,2.22
2010-01-28,2.15
2010-01-29,2.21
2010-02-01,2.29
2010-02-02,2.24
2010-02-03,2.25
2010-02-04,2.14
2010-02-05,2.15
2010-02-08,2.23
2010-02-09,2.35
2010-02-10,2.39
2010-02-11,2.45
2010-02-12,2.5
2010-02-16,2.54
2010-02-17,2.52
2010-02-18,2.54
2010-02-19,2.54
2010-02-22,2.47
2010-02-23,2.47
2010-02-24,2.45
2010-02-25,2.4
2010-02-26,2.54
2010-03-01,2.77
2010-03-02,2.79
2010-03-03,2.83
2010-03-04,2.78
2010-03-05,2.81
2010-03-08,2.91
2010-03-09,2.96
2010-03-10,3.03
2010-03-11,3.13
2010-03-12,3.23
2010-03-15,3.32
2010-03-16,3.48
2010-03-17,3.65
2010-03-18,3.17
2010-03-19,3.19
2010-03-22,3.28
2010-03-23,3.7
2010-03-24,3.61
2010-03-25,3.39
2010-03-26,3.44
2010-03-29,3.46
2010-03-30,3.38
2010-03-31,3.4
2010-04-05,3.58
2010-04-06,3.46
2010-04-07,3.41
2010-04-08,3.43
2010-04-09,3.42
2010-04-12,3.56
2010-04-13,3.56
2010-04-14,3.72
2010-04-15,3.87
2010-04-16,3.75
2010-04-19,3.74
2010-04-20,3.82
2010-04-21,3.73
2010-04-22,3.72
2010-04-23,3.69
2010-04-26,3.67
2010-04-27,3.48
2010-04-28,3.56
2010-04-29,3.62
2010-04-30,3.52
2010-05-03,3.77
2010-05-04,3.81
2010-05-05,4.03
2010-05-06,3.68
2010-05-07,3.45
2010-05-10,3.71
2010-05-11,4.03
2010-05-12,4.25
2010-05-13,4.25
2010-05-14,4.17
2010-05-17,4.12
2010-05-18,4.07
2010-05-19,4.02
2010-05-20,3.72
2010-05-21,3.77
2010-05-24,3.92
2010-05-25,3.58
2010-05-26,3.48
2010-05-27,3.8
2010-05-28,3.84
2010-06-01,3.55
2010-06-02,3.74
2010-06-03,3.75
2010-06-04,3.52
2010-06-07,3.29
2010-06-08,3.18
2010-06-09,3.2
2010-06-10,3.4
2010-06-11,3.44
2010-06-14,3.41
2010-06-15,3.5
2010-06-16,3.44
2010-06-17,3.46
2010-06-18,3.39
2010-06-21,3.35
2010-06-22,3.27
2010-06-23,3.16
2010-06-24,3.25
2010-06-25,3.35
2010-06-28,3.17
2010-06-29,2.86
2010-06-30,2.82
2010-07-01,2.75
2010-07-02,2.68
2010-07-06,2.63
2010-07-07,2.75
2010-07-08,2.76
2010-07-09,2.89
2010-07-12,2.73
2010-07-13,2.88
2010-07-14,2.83
2010-07-15,2.99
2010-07-16,2.94
2010-07-19,3.05
2010-07-20,3.1
2010-07-21,3.08
2010-07-22,3.15
2010-07-23,3.21
2010-07-26,3.31
2010-07-27,3.29
2010-07-28,3.2
2010-07-29,3.22
2010-07-30,3.2
2010-08-02,3.2
2010-08-03,3.22
2010-08-04,3.38
2010-08-05,3.39
2010-08-06,3.4
2010-08-09,3.46
2010-08-10,3.42
2010-08-11,3.21
2010-08-12,3.24
2010-08-13,3.2
2010-08-16,3.27
2010-08-17,3.33
2010-08-18,3.45
2010-08-19,3.49
2010-08-20,3.49
2010-08-23,3.41
2010-08-24,3.33
2010-08-25,3.42
2010-08-26,3.24
2010-08-27,3.29
2010-08-30,3.48
2010-08-31,3.5
2010-09-01,3.55
2010-09-02,3.55
2010-09-03,3.57
2010-09-07,3.43
2010-09-08,3.52
2010-09-09,3.56
2010-09-10,3.69
2010-09-13,3.66
2010-09-14,3.75
2010-09-15,3.72
2010-09-16,3.68
2010-09-17,3.67
2010-09-20,3.74
2010-09-21,3.67
2010-09-22,3.61
2010-09-23,3.47
2010-09-24,3.55
2010-09-27,3.51
2010-09-28,3.6
2010-09-29,3.75
2010-09-30,3.82
2010-10-01,3.89
2010-10-04,3.8
2010-10-05,3.85
2010-10-06,3.85
2010-10-07,3.87
2010-10-08,3.91
2010-10-11,3.86
2010-10-12,3.93
2010-10-13,3.91
2010-10-14,3.94
2010-10-15,3.91
2010-10-18,3.95
2010-10-19,3.94
2010-10-20,3.85
2010-10-21,3.85
2010-10-22,3.94
2010-10-25,4.1
2010-10-26,3.71
2010-10-27,3.71
2010-10-28,3.68
2010-10-29,3.68
2010-11-01,3.65
2010-11-02,3.7
2010-11-03,3.73
2010-11-04,3.75
2010-11-05,3.76
2010-11-08,3.71
2010-11-09,3.69
2010-11-10,3.67
2010-11-11,3.71
2010-11-12,3.63
2010-11-15,3.66
2010-11-16,3.61
2010-11-17,3.57
2010-11-18,3.66
2010-11-19,3.7
2010-11-22,3.75
2010-11-23,3.83
2010-11-24,3.9
2010-11-26,3.95
2010-11-29,3.95
2010-11-30,4.03
2010-12-01,4.2
2010-12-02,4.17
2010-12-03,4.1
2010-12-06,4.39
2010-12-07,4.46
2010-12-08,4.53
2010-12-09,4.53
2010-12-10,4.43
2010-12-13,4.45
2010-12-14,4.49
2010-12-15,4.42
2010-12-16,4.66
2010-12-17,4.57
2010-12-20,5.15
2010-12-21,5.2
2010-12-22,5.21
2010-12-23,5.24
2010-12-27,5.26
2010-12-28,5.22
2010-12-29,5.24
2010-12-30,5.18
2010-12-31,5.1
2011-01-03,5.11
2011-01-04,5.1
2011-01-05,5.23
2011-01-06,5.23
2011-01-07,5.24
2011-01-10,5.24
2011-01-11,5.44
2011-01-12,5.3
2011-01-13,5.08
2011-01-14,5.25
2011-01-18,7.04
2011-01-19,6.27
2011-01-20,6.36
2011-01-21,6.4
2011-01-24,6.68
2011-01-25,6.57
2011-01-26,6.69
2011-01-27,6.63
2011-01-28,6.31
2011-01-31,6.38
2011-02-01,6.53
2011-02-02,6.41
2011-02-03,6.53
2011-02-04,6.34
2011-02-07,6.46
2011-02-08,6.54
2011-02-09,6.45
2011-02-10,6.34
2011-02-11,6.34
2011-02-14,6.38
2011-02-15,6.37
2011-02-16,6.27
2011-02-17,6.01
2011-02-18,5.8
2011-02-22,5.78
2011-02-23,5.8
2011-02-24,5.83
2011-02-25,6.08
2011-02-28,6.01
2011-03-01,5.7
2011-03-02,5.83
2011-03-03,5.93
2011-03-04,5.93
2011-03-07,5.91
2011-03-08,6
2011-03-09,5.92
2011-03-10,5.72
2011-03-11,5.71
2011-03-14,5.78
2011-03-15,5.78
2011-03-16,5.62
2011-03-17,5.88
2011-03-18,6.4
2011-03-21,6.49
2011-03-22,6.39
2011-03-23,6.35
2011-03-24,6.91
2011-03-25,6.94
2011-03-28,7.21
2011-03-29,7.49
2011-03-30,7.58
2011-03-31,7.52
2011-04-01,7.82
2011-04-04,7.97
2011-04-05,8.36
2011-04-06,8.26
2011-04-07,7.91
2011-04-08,8.08
2011-04-11,7.76
2011-04-12,7.77
2011-04-13,7.89
2011-04-14,7.88
2011-04-15,8.03
2011-04-18,7.86
2011-04-19,7.85
2011-04-20,8.19
2011-04-21,8.41
2011-04-25,8.14
2011-04-26,8.19
2011-04-27,8.3
2011-04-28,8.5
2011-04-29,8.55
2011-05-02,8.62
2011-05-03,8.4
2011-05-04,8.1
2011-05-05,8.49
2011-05-06,8.85
2011-05-09,9.19
2011-05-10,9.28
2011-05-11,9.04
2011-05-12,9.2
2011-05-13,8.96
2011-05-16,8.97
2011-05-17,9.13
2011-05-18,9.21
2011-05-19,9.02
2011-05-20,8.76
2011-05-23,8.82
2011-05-24,8.23
2011-05-25,8.37
2011-05-26,8.4
2011-05-27,8.81
2011-05-31,8.68
2011-06-01,8.18
2011-06-02,8.35
2011-06-03,7.89
2011-06-06,7.91
2011-06-07,8.65
2011-06-08,9.04
2011-06-09,9.5
2011-06-10,9.56
2011-06-13,9.64
2011-06-14,9.75
2011-06-15,9.72
2011-06-16,9.5
2011-06-17,9.32
2011-06-20,9.97
2011-06-21,10.26
2011-06-22,10.2
2011-06-23,10.42
2011-06-24,10.63
2011-06-27,10.95
2011-06-28,11.25
2011-06-29,11.86
2011-06-30,11.33
2011-07-01,11.54
2011-07-05,11.9
2011-07-06,11.98
2011-07-07,11.98
2011-07-08,12.16
2011-07-11,12.2
2011-07-12,12.12
2011-07-13,12.24
2011-07-14,12.18
2011-07-15,12.58
2011-07-18,12.59
2011-07-19,13.02
2011-07-20,12.78
2011-07-21,12.98
2011-07-22,13.34
2011-07-25,12.6
2011-07-26,12.74
2011-07-27,11.89
2011-07-28,11.89
2011-07-29,11.89
2011-08-01,12.08
2011-08-02,10.5
2011-08-03,10.71
2011-08-04,9.26
2011-08-05,8.59
2011-08-08,7.63
2011-08-09,8.94
2011-08-10,8.25
2011-08-11,8.87
2011-08-12,9.27
2011-08-15,9.98
2011-08-16,9.6
2011-08-17,9.41
2011-08-18,8.67
2011-08-19,8.32
2011-08-22,8.2
2011-08-23,9.08
2011-08-24,8.83
2011-08-25,8.71
2011-08-26,9.25
2011-08-29,9.86
2011-08-30,9.93
2011-08-31,9.83
2011-09-01,9.42
2011-09-02,9.32
2011-09-06,9.47
2011-09-07,9.89
2011-09-08,9.85
2011-09-09,9.56
2011-09-12,9.72
2011-09-13,10.06
2011-09-14,10.11
2011-09-15,10.21
2011-09-16,10.22
2011-09-19,10.28
2011-09-20,10.24
2011-09-21,9.97
2011-09-22,9.65
2011-09-23,9.58
2011-09-26,10.04
2011-09-27,10.14
2011-09-28,9.84
2011-09-29,9.07
2011-09-30,8.79
2011-10-03,8.03
2011-10-04,8.86
2011-10-05,9.27
2011-10-06,9.35
2011-10-07,9.4
2011-10-10,9.88
2011-10-11,9.93
2011-10-12,9.67
2011-10-13,9.94
2011-10-14,10.2
2011-10-17,9.91
2011-10-18,10.23
2011-10-19,10.58
2011-10-20,10.86
2011-10-21,10.97
2011-10-24,11.35
2011-10-25,11.19
2011-10-26,11.39
2011-10-27,11.72
2011-10-28,11.9
2011-10-31,11.63
2011-11-01,11.17
2011-11-02,11.41
2011-11-03,11.52
2011-11-04,12.01
2011-11-07,11.02
2011-11-08,10.67
2011-11-09,10.32
2011-11-10,10.72
2011-11-11,10.93
2011-11-14,11.01
2011-11-15,10.96
2011-11-16,10.52
2011-11-17,10.18
2011-11-18,10.21
2011-11-21,10.7
2011-11-22,11.13
2011-11-23,10.83
2011-11-25,10.83
2011-11-28,11.51
2011-11-29,11.65
2011-11-30,12.09
2011-12-01,12.31
2011-12-02,11.9
2011-12-05,12.02
2011-12-06,11.66
2011-12-07,11.33
2011-12-08,11.15
2011-12-09,11.63
2011-12-12,11.31
2011-12-13,11.01
2011-12-14,10.42
2011-12-15,10.99
2011-12-16,11.33
2011-12-19,11.4
2011-12-20,11.72
2011-12-21,11.6
2011-12-22,11.55
2011-12-23,11.74
2011-12-27,12.5
2011-12-28,12.25
2011-12-29,12.26
2011-12-30,12.25
2012-01-03,12.27
2012-01-04,12.73
2012-01-05,13.21
2012-01-06,13.52
2012-01-09,13.79
2012-01-10,13.77
2012-01-11,14.07
2012-01-12,13.88
2012-01-13,14.42
2012-01-17,14.5
2012-01-18,14.45
2012-01-19,14.5
2012-01-20,14.25
2012-01-23,14.23
2012-01-24,14.5
2012-01-25,14.82
2012-01-26,14.41
2012-01-27,14.96
2012-01-30,14.86
2012-01-31,14.75
2012-02-01,15
2012-02-02,15.05
2012-02-03,15.48
2012-02-06,15.94
2012-02-07,15.72
2012-02-08,15.22
2012-02-09,14.96
2012-02-10,14.66
2012-02-13,15.25
2012-02-14,15.06
2012-02-15,15.05
2012-02-16,15.5
2012-02-17,14.9
2012-02-21,14.46
2012-02-22,14.52
2012-02-23,15.2
2012-02-24,15.06
2012-02-27,15.16
2012-02-28,14.49
2012-02-29,14.35
2012-03-01,14.79
2012-03-02,14.68
2012-03-05,14.74
2012-03-06,14.38
2012-03-07,14.56
2012-03-08,14.85
2012-03-09,14.72
2012-03-12,14.95
2012-03-13,15.13
2012-03-14,15.12
2012-03-15,15.45
2012-03-16,15.41
2012-03-19,15.23
2012-03-20,15.05
2012-03-21,15.27
2012-03-22,15.68
2012-03-23,15.72
2012-03-26,16.32
2012-03-27,16.09
2012-03-28,16.06
2012-03-29,15.96
2012-03-30,15.98
2012-04-02,16.23
2012-04-03,16.18
2012-04-04,16.03
2012-04-05,16.25
2012-04-09,15.7
2012-04-10,14.95
2012-04-11,15.14
2012-04-12,15.27
2012-04-13,14.76
2012-04-16,14.66
2012-04-17,14.64
2012-04-18,14.53
2012-04-19,14.8
2012-04-20,15.28
2012-04-23,15.12
2012-04-24,15.28
2012-04-25,16.31
2012-04-26,16.53
2012-04-27,16.8
2012-04-30,16.3
2012-05-01,16.54
2012-05-02,16.83
2012-05-03,16.29
2012-05-04,16.15
2012-05-07,16.09
2012-05-08,16.25
2012-05-09,15.9
2012-05-10,16.53
2012-05-11,16.97
2012-05-14,17.01
2012-05-15,17.27
2012-05-16,17.52
2012-05-17,16.3
2012-05-18,15.98
2012-05-21,16.82
2012-05-22,16.59
2012-05-23,16.81
2012-05-24,16.85
2012-05-25,16.77
2012-05-29,16.85
2012-05-30,16.6
2012-05-31,16.57
2012-06-01,15.71
2012-06-04,15.63
2012-06-05,16.2
2012-06-06,16.65
2012-06-07,16.23
2012-06-08,17.12
2012-06-11,16.44
2012-06-12,16.85
2012-06-13,16.79
2012-06-14,17.25
2012-06-15,17.79
2012-06-18,17.59
2012-06-19,17.46
2012-06-20,17.45
2012-06-21,17.09
2012-06-22,17.44
2012-06-25,17.05
2012-06-26,17.45
2012-06-27,17.44
2012-06-28,16.89
2012-06-29,17.21
2012-07-02,18
2012-07-03,18.1
2012-07-05,18.11
2012-07-06,17.99
2012-07-09,17.99
2012-07-10,17.64
2012-07-11,17.11
2012-07-12,17.39
2012-07-13,17.48
2012-07-16,17.71
2012-07-17,17.81
2012-07-18,17.95
2012-07-19,18.24
2012-07-20,17.91
2012-07-23,17.65
2012-07-24,17.28
2012-07-25,17.53
2012-07-26,17.81
2012-07-27,18.92
2012-07-30,19.1
2012-07-31,19.13
2012-08-01,18.52
2012-08-02,18.14
2012-08-03,18.69
2012-08-06,18.86
2012-08-07,18.93
2012-08-08,18.86
2012-08-09,19.1
2012-08-10,19.26
2012-08-13,19.39
2012-08-14,19.85
2012-08-15,19.86
2012-08-16,19.84
2012-08-17,19.75
2012-08-20,19.54
2012-08-21,19.26
2012-08-22,19.99
2012-08-23,20.17
2012-08-24,20.36
2012-08-27,20.39
2012-08-28,20.31
2012-08-29,20.5
2012-08-30,20.51
2012-08-31,20.56
2012-09-04,21.27
2012-09-05,21.24
2012-09-06,22.09
2012-09-07,22.01
2012-09-10,22.36
2012-09-11,23.01
2012-09-12,22.95
2012-09-13,22.77
2012-09-14,23.16
2012-09-17,23.5
2012-09-18,23.85
2012-09-19,23.79
2012-09-20,23.49
2012-09-21,23.61
2012-09-24,23.28
2012-09-25,23.18
2012-09-26,22.88
2012-09-27,23.5
2012-09-28,24.21
2012-10-01,23.88
2012-10-02,23.82
2012-10-03,24.25
2012-10-04,24.56
2012-10-05,25.16
2012-10-08,24.73
2012-10-09,24
2012-10-10,24.38
2012-10-11,24.21
2012-10-12,24.22
2012-10-15,24.25
2012-10-16,24.53
2012-10-17,24.89
2012-10-18,24.32
2012-10-19,23.14
2012-10-22,22.79
2012-10-23,22.3
2012-10-24,22.02
2012-10-25,21.97
2012-10-26,21.8
2012-10-31,21.55
2012-11-01,22.06
2012-11-02,21.74
2012-11-05,22.28
2012-11-06,22.09
2012-11-07,21.32
2012-11-08,20.76
2012-11-09,21.23
2012-11-12,21.18
2012-11-13,21.04
2012-11-14,20.34
2012-11-15,19.83
2012-11-16,20.62
2012-11-19,21.27
2012-11-20,21.2
2012-11-21,21.4
2012-11-23,21.76
2012-11-26,21.91
2012-11-27,21.55
2012-11-28,21.53
2012-11-29,22.56
2012-11-30,22.36
2012-12-03,22.15
2012-12-04,21.76
2012-12-05,21.75
2012-12-06,21.91
2012-12-07,22.07
2012-12-10,23.03
2012-12-11,23.68
2012-12-12,23.67
2012-12-13,23.88
2012-12-14,18.93
2012-12-17,20.03
2012-12-18,20.18
2012-12-19,20.66
2012-12-20,20.57
2012-12-21,20.47
2012-12-24,20.37
2012-12-26,20.07
2012-12-27,19.73
2012-12-28,19.42
2012-12-31,19.18
2013-01-02,20.09
2013-01-03,19.75
2013-01-04,19.38
2013-01-07,18.88
2013-01-08,19.65
2013-01-09,20.13
2013-01-10,19.67
2013-01-11,19.29
2013-01-14,19.98
2013-01-15,20.26
2013-01-16,20.2
2013-01-17,20.49
2013-01-18,20.74
2013-01-22,20.38
2013-01-23,19.85
2013-01-24,19.38
2013-01-25,19.88
2013-01-28,19.96
2013-01-29,20.33
2013-01-30,19.71
2013-01-31,19.88
2013-02-01,19.9
2013-02-04,19.7
2013-02-05,20.19
2013-02-06,20.32
2013-02-07,19.8
2013-02-08,19.6
2013-02-11,20.03
2013-02-12,19.92
2013-02-13,20.08
2013-02-14,20.06
2013-02-15,20
2013-02-19,21.02
2013-02-20,20.84
2013-02-21,20.97
2013-02-22,21.21
2013-02-25,21.21
2013-02-26,20.82
2013-02-27,20.87
2013-02-28,21.03
2013-03-01,20.93
2013-03-04,21.34
2013-03-05,21.39
2013-03-06,21.24
2013-03-07,21.17
2013-03-08,21.19
2013-03-11,21.97
2013-03-12,22.06
2013-03-13,22.12
2013-03-14,22.2
2013-03-15,21.81
2013-03-18,21.32
2013-03-19,20.89
2013-03-20,20.45
2013-03-21,19.71
2013-03-22,19.38
2013-03-25,18.34
2013-03-26,18.07
2013-03-27,18.31
2013-03-28,18.08
2013-04-01,18.3
2013-04-02,17.48
2013-04-03,16.76
2013-04-04,17.04
2013-04-05,16.88
2013-04-08,17.25
2013-04-09,17.45
2013-04-10,18.13
2013-04-11,18.05
2013-04-12,18.32
2013-04-15,17.8
2013-04-16,17.83
2013-04-17,18.25
2013-04-18,18.12
2013-04-19,18.7
2013-04-22,18.51
2013-04-23,18.61
2013-04-24,17.75
2013-04-25,18.02
2013-04-26,18.12
2013-04-29,17.99
2013-04-30,17.87
2013-05-01,17.11
2013-05-02,17.39
2013-05-03,17.07
2013-05-06,17.35
2013-05-07,17.55
2013-05-08,16.92
2013-05-09,16.52
2013-05-10,16.32
2013-05-13,17.23
2013-05-14,18.04
2013-05-15,17.12
2013-05-16,16.47
2013-05-17,16.67
2013-05-20,16.62
2013-05-21,17.53
2013-05-22,18.43
2013-05-23,19.44
2013-05-24,19.57
2013-05-28,19.77
2013-05-29,19.26
2013-05-30,18.96
2013-05-31,18.34
2013-06-03,17.74
2013-06-04,17.17
2013-06-05,16.62
2013-06-06,17.29
2013-06-07,18.89
2013-06-10,18.75
2013-06-11,18.94
2013-06-12,18.02
2013-06-13,18.11
2013-06-14,18.07
2013-06-17,17.81
2013-06-18,17.78
2013-06-19,17.22
2013-06-20,16.74
2013-06-21,16.66
2013-06-24,16.38
2013-06-25,16.74
2013-06-26,17.67
2013-06-27,17.55
2013-06-28,17.49
2013-07-01,19.53
2013-07-02,19.41
2013-07-03,19.27
2013-07-05,19.4
2013-07-08,19.52
2013-07-09,19.06
2013-07-10,19.06
2013-07-11,19.18
2013-07-12,21.15
2013-07-15,20.98
2013-07-16,19.76
2013-07-17,19.56
2013-07-18,20
2013-07-19,20.02
2013-07-22,19.37
2013-07-23,19.46
2013-07-24,19.08
2013-07-25,19.68
2013-07-26,18.57
2013-07-29,18.38
2013-07-30,18.73
2013-07-31,18.58
2013-08-01,18.97
2013-08-02,19.86
2013-08-05,19.29
2013-08-06,18.8
2013-08-07,18.94
2013-08-08,18.87
2013-08-09,18.43
2013-08-12,18.33
2013-08-13,18.38
2013-08-14,18.28
2013-08-15,18.11
2013-08-16,17.74
2013-08-19,17
2013-08-20,17.36
2013-08-21,17.25
2013-08-22,17.64
2013-08-23,18.01
2013-08-26,19.29
2013-08-27,18.78
2013-08-28,18.86
2013-08-29,18.63
2013-08-30,18.6
2013-09-03,19.2
2013-09-04,20.35
2013-09-05,20.75
2013-09-06,22.31
2013-09-09,21.85
2013-09-10,22.52
2013-09-11,21.58
2013-09-12,21.32
2013-09-13,20.65
2013-09-16,20.27
2013-09-17,21.08
2013-09-18,20.86
2013-09-19,21.49
2013-09-20,20.22
2013-09-23,20.01
2013-09-24,19.81
2013-09-25,18.96
2013-09-26,19.11
2013-09-27,18.69
2013-09-30,18.4
2013-10-01,18.89
2013-10-02,18.67
2013-10-03,18.48
2013-10-04,18.8
2013-10-07,18.22
2013-10-08,17.14
2013-10-09,5.83
2013-10-10,5.41
2013-10-11,4.26
2013-10-14,4.2
2013-10-15,4.02
2013-10-16,4.04
2013-10-17,4.5
2013-10-18,2.67
2013-10-21,2.94
2013-10-22,3.26
2013-10-23,3.06
2013-10-24,3.35
2013-10-25,3.56
2013-10-28,4.11
2013-10-29,3.79
2013-10-30,3.96
2013-10-31,2.2
2013-11-01,2.58
2013-11-04,2.44
2013-11-05,2.29
2013-11-06,2.31
2013-11-07,2.29
2013-11-08,2.32
2013-11-11,2.57
2013-11-12,2.38
2013-11-13,2.42
2013-11-14,2.41
2013-11-15,2.49
2013-11-18,2.6
2013-11-19,2.61
2013-11-20,2.57
2013-11-21,2.79
2013-11-22,3.78
2013-11-25,5.13
2013-11-26,4.68
2013-11-27,4.54
2013-11-29,4.84
2013-12-02,4.93
2013-12-03,4.83
2013-12-04,4.84
2013-12-05,4.57
2013-12-06,4.07
2013-12-09,4.29
2013-12-10,4.44
2013-12-11,4.07
2013-12-12,4.05
2013-12-13,3.98
2013-12-16,3.86
2013-12-17,4.16
2013-12-18,4.98
2013-12-19,5.52
2013-12-20,6.43
2013-12-23,7
2013-12-24,7.11
2013-12-26,7
2013-12-27,6.64
2013-12-30,6.55
2013-12-31,6.82
2014-01-02,7.26
2014-01-03,7.15
2014-01-06,6.82
2014-01-07,6.72
2014-01-08,6.46
2014-01-09,6.76
2014-01-10,6.73
2014-01-13,6.52
2014-01-14,6.82
2014-01-15,6.62
2014-01-16,6.74
2014-01-17,6.9
2014-01-21,6.6
2014-01-22,6.71
2014-01-23,7.52
2014-01-24,8.99
2014-01-27,7.91
2014-01-28,8.04
2014-01-29,7.6
2014-01-30,7.84
2014-01-31,7.39
2014-02-03,6.88
2014-02-04,7
2014-02-05,7.1
2014-02-06,7.17
2014-02-07,7.99
2014-02-10,8.13
2014-02-11,8.16
2014-02-12,8.33
2014-02-13,8.66
2014-02-14,8.65
2014-02-18,8.79
2014-02-19,8.6
2014-02-20,8.73
2014-02-21,8.87
2014-02-24,8.63
2014-02-25,8.67
2014-02-26,8.55
2014-02-27,8.99
2014-02-28,8.69
2014-03-03,8.58
2014-03-04,8.75
2014-03-05,8.58
2014-03-06,8.37
2014-03-07,8.13
2014-03-10,7.78
2014-03-11,7.69
2014-03-12,7.77
2014-03-13,7.51
2014-03-14,8.17
2014-03-17,7.91
2014-03-18,8.35
2014-03-19,8.19
2014-03-20,8.13
2014-03-21,7.84
2014-03-24,7.6
2014-03-25,7.76
2014-03-26,7.67
2014-03-27,7.6
2014-03-28,7.98
2014-03-31,8.06
2014-04-01,8.52
2014-04-02,8.06
2014-04-03,7.77
2014-04-04,7.58
2014-04-07,7.24
2014-04-08,7.3
2014-04-09,7.59
2014-04-10,7.23
2014-04-11,7.14
2014-04-14,7.02
2014-04-15,6.69
2014-04-16,7.1
2014-04-17,7.2
2014-04-21,7.39
2014-04-22,7.79
2014-04-23,7.5
2014-04-24,7.45
2014-04-25,7.09
2014-04-28,7
2014-04-29,7.33
2014-04-30,7.27
2014-05-01,7.48
2014-05-02,7.23
2014-05-05,7.63
2014-05-06,7.09
2014-05-07,6.75
2014-05-08,6.67
2014-05-09,6.67
2014-05-12,6.81
2014-05-13,6.67
2014-05-14,6.65
2014-05-15,6.5
2014-05-16,6.36
2014-05-19,6.6
2014-05-20,6.36
2014-05-21,6.35
2014-05-22,6.34
2014-05-23,6.3
2014-05-27,6.49
2014-05-28,6.37
2014-05-29,6.38
2014-05-30,6.46
2014-06-02,6.94
2014-06-03,6.69
2014-06-04,6.55
2014-06-05,6.69
2014-06-06,6.69
2014-06-09,6.62
2014-06-10,6.82
2014-06-11,7.02
2014-06-12,6.41
2014-06-13,6.38
2014-06-16,6.46
2014-06-17,6.38
2014-06-18,6.55
2014-06-19,6.57
2014-06-20,6.66
2014-06-23,6.57
2014-06-24,6.31
2014-06-25,6.4
2014-06-26,6.38
2014-06-27,6.37
2014-06-30,6.37
2014-07-01,6.39
2014-07-02,6.49
2014-07-03,6.49
2014-07-07,6.3
2014-07-08,6.06
2014-07-09,5.92
2014-07-10,5.95
2014-07-11,6.09
2014-07-14,5.87
2014-07-15,5.57
2014-07-16,5.37
2014-07-17,5.01
2014-07-18,5.2
2014-07-21,5.15
2014-07-22,5.1
2014-07-23,5.88
2014-07-24,6.18
2014-07-25,5.89
2014-07-28,5.61
2014-07-29,6.17
2014-07-30,6.12
2014-07-31,5.76
2014-08-01,5.61
2014-08-04,5.65
2014-08-05,5.61
2014-08-06,5.38
2014-08-07,5.41
2014-08-08,5.52
2014-08-11,5.52
2014-08-12,5.68
2014-08-13,5.7
2014-08-14,5.77
2014-08-15,5.87
2014-08-18,5.94
2014-08-19,5.98
2014-08-20,6.06
2014-08-21,5.9
2014-08-22,5.91
2014-08-25,6.22
2014-08-26,6.5
2014-08-27,6.36
2014-08-28,6.16
2014-08-29,6.22
2014-09-02,6.25
2014-09-03,6.14
2014-09-04,6.14
2014-09-05,6.05
2014-09-08,5.96
2014-09-09,5.75
2014-09-10,5.9
2014-09-11,5.9
2014-09-12,5.97
2014-09-15,5.81
2014-09-16,5.88
2014-09-17,5.91
2014-09-18,5.76
2014-09-19,5.77
2014-09-22,5.62
2014-09-23,5.57
2014-09-24,5.6
2014-09-25,5.39
2014-09-26,5.69
2014-09-29,5.78
2014-09-30,5.4
2014-10-01,5.28
2014-10-02,5.85
2014-10-03,5.75
2014-10-06,5.42
2014-10-07,5.26
2014-10-08,5.38
2014-10-09,5.45
2014-10-10,5.02
2014-10-13,5.02
2014-10-14,5.16
2014-10-15,5.48
2014-10-16,5.36
2014-10-17,5.44
2014-10-20,5.8
2014-10-21,5.79
2014-10-22,5.59
2014-10-23,5.71
2014-10-24,5.83
2014-10-27,5.74
2014-10-28,5.97
2014-10-29,5.87
2014-10-30,5.97
2014-10-31,5.96
2014-11-03,5.93
2014-11-04,5.88
2014-11-05,5.69
2014-11-06,6.02
2014-11-07,6.08
2014-11-10,6.29
2014-11-11,6.26
2014-11-12,6.47
2014-11-13,6.25
2014-11-14,6.15
2014-11-17,6.04
2014-11-18,6.24
2014-11-19,6.14
2014-11-20,6.57
2014-11-21,6.52
2014-11-24,7.15
2014-11-25,7.11
2014-11-26,7.29
2014-11-28,7.11
2014-12-01,6.93
2014-12-02,7.23
2014-12-03,7.46
2014-12-04,7.2
2014-12-05,7.37
2014-12-08,7.13
2014-12-09,7.25
2014-12-10,7.02
2014-12-11,6.48
2014-12-12,6.34
2014-12-15,6.1
2014-12-16,6.08
2014-12-17,6.36
2014-12-18,6.61
2014-12-19,7.22
2014-12-22,7.06
2014-12-23,6.66
2014-12-24,6.81
2014-12-26,7.09
2014-12-29,6.9
2014-12-30,6.82
2014-12-31,6.87
2015-01-02,6.89
2015-01-05,6.93
2015-01-06,6.51
2015-01-07,6.84
2015-01-08,7.02
2015-01-09,6.92
2015-01-12,6.97
2015-01-13,6.37
