"Index","AWRE.Close"
2007-01-03,5.35
2007-01-04,5.35
2007-01-05,5.38
2007-01-08,5.3
2007-01-09,5.4
2007-01-10,5.34
2007-01-11,5.41
2007-01-12,5.3
2007-01-16,5.22
2007-01-17,5.18
2007-01-18,5.21
2007-01-19,5.41
2007-01-22,5.3
2007-01-23,5.28
2007-01-24,5.34
2007-01-25,5.26
2007-01-26,5.27
2007-01-29,5.19
2007-01-30,5.17
2007-01-31,5.26
2007-02-01,5.4
2007-02-02,5.39
2007-02-05,5.5
2007-02-06,5.43
2007-02-07,5.5
2007-02-08,5.04
2007-02-09,5.05
2007-02-12,5.06
2007-02-13,5.05
2007-02-14,5.04
2007-02-15,5.09
2007-02-16,5.11
2007-02-20,5.1
2007-02-21,5.12
2007-02-22,5.36
2007-02-23,5.28
2007-02-26,5.54
2007-02-27,5.37
2007-02-28,5.49
2007-03-01,5.5
2007-03-02,5.54
2007-03-05,5.62
2007-03-06,5.67
2007-03-07,5.75
2007-03-08,5.69
2007-03-09,5.62
2007-03-12,5.57
2007-03-13,5.44
2007-03-14,5.45
2007-03-15,5.5
2007-03-16,5.43
2007-03-19,5.69
2007-03-20,5.68
2007-03-21,5.68
2007-03-22,5.9
2007-03-23,6.05
2007-03-26,6.16
2007-03-27,6.16
2007-03-28,6.16
2007-03-29,6.06
2007-03-30,6.19
2007-04-02,6.21
2007-04-03,6.16
2007-04-04,6.25
2007-04-05,6.26
2007-04-09,6.2
2007-04-10,6.2
2007-04-11,6.17
2007-04-12,6.15
2007-04-13,6.18
2007-04-16,6.15
2007-04-17,6.15
2007-04-18,6.26
2007-04-19,6.35
2007-04-20,6.47
2007-04-23,6.44
2007-04-24,6.43
2007-04-25,6.46
2007-04-26,6.3
2007-04-27,5.99
2007-04-30,5.82
2007-05-01,5.96
2007-05-02,6.08
2007-05-03,6.13
2007-05-04,5.93
2007-05-07,5.87
2007-05-08,5.75
2007-05-09,5.66
2007-05-10,5.5
2007-05-11,5.57
2007-05-14,5.11
2007-05-15,5.04
2007-05-16,5.14
2007-05-17,5.19
2007-05-18,5.16
2007-05-21,5.17
2007-05-22,5.13
2007-05-23,5.15
2007-05-24,5.15
2007-05-25,5.32
2007-05-29,5.26
2007-05-30,5.19
2007-05-31,5.29
2007-06-01,5.4
2007-06-04,5.34
2007-06-05,5.22
2007-06-06,5.38
2007-06-07,5.37
2007-06-08,5.39
2007-06-11,5.34
2007-06-12,5.27
2007-06-13,5.28
2007-06-14,5.47
2007-06-15,5.4
2007-06-18,5.39
2007-06-19,5.38
2007-06-20,5.36
2007-06-21,5.5
2007-06-22,5.52
2007-06-25,5.39
2007-06-26,5.45
2007-06-27,5.43
2007-06-28,5.38
2007-06-29,5.4
2007-07-02,5.89
2007-07-03,5.75
2007-07-05,5.75
2007-07-06,5.72
2007-07-09,5.78
2007-07-10,5.74
2007-07-11,5.72
2007-07-12,5.79
2007-07-13,5.97
2007-07-16,6.01
2007-07-17,6.01
2007-07-18,5.91
2007-07-19,6.01
2007-07-20,6
2007-07-23,6.55
2007-07-24,6.07
2007-07-25,6.27
2007-07-26,6.01
2007-07-27,6.06
2007-07-30,6.06
2007-07-31,6.12
2007-08-01,5.06
2007-08-02,4.83
2007-08-03,4.55
2007-08-06,4.27
2007-08-07,4.52
2007-08-08,4.59
2007-08-09,4.66
2007-08-10,4.33
2007-08-13,4.36
2007-08-14,4.39
2007-08-15,4.16
2007-08-16,3.85
2007-08-17,4.01
2007-08-20,3.93
2007-08-21,3.9
2007-08-22,4
2007-08-23,4.3
2007-08-24,4.31
2007-08-27,4.52
2007-08-28,4.79
2007-08-29,4.75
2007-08-30,4.71
2007-08-31,4.77
2007-09-04,4.49
2007-09-05,4.58
2007-09-06,4.42
2007-09-07,4.18
2007-09-10,4.18
2007-09-11,4.32
2007-09-12,4.3
2007-09-13,4.28
2007-09-14,4.16
2007-09-17,4.32
2007-09-18,4.21
2007-09-19,4.27
2007-09-20,4.41
2007-09-21,4.31
2007-09-24,4.29
2007-09-25,4.17
2007-09-26,4.31
2007-09-27,4.3
2007-09-28,4.3
2007-10-01,4.35
2007-10-02,4.25
2007-10-03,4.32
2007-10-04,4.25
2007-10-05,4.39
2007-10-08,4.6
2007-10-09,4.44
2007-10-10,4.28
2007-10-11,4.22
2007-10-12,4.16
2007-10-15,4.35
2007-10-16,4.37
2007-10-17,4.24
2007-10-18,4.3
2007-10-19,4.5
2007-10-22,4.57
2007-10-23,4.54
2007-10-24,4.46
2007-10-25,4.8
2007-10-26,4.79
2007-10-29,4.8
2007-10-30,4.97
2007-10-31,4.91
2007-11-01,5
2007-11-02,4.77
2007-11-05,5.14
2007-11-06,5.18
2007-11-07,5.15
2007-11-08,5.13
2007-11-09,5.16
2007-11-12,5.23
2007-11-13,5.33
2007-11-14,5.3
2007-11-15,5.39
2007-11-16,5.11
2007-11-19,5.08
2007-11-20,5.14
2007-11-21,5.02
2007-11-23,5.09
2007-11-26,5.09
2007-11-27,4.86
2007-11-28,4.73
2007-11-29,5.02
2007-11-30,4.97
2007-12-03,4.7
2007-12-04,4.68
2007-12-05,4.64
2007-12-06,4.67
2007-12-07,4.65
2007-12-10,4.55
2007-12-11,4.74
2007-12-12,4.73
2007-12-13,4.53
2007-12-14,4.31
2007-12-17,4.23
2007-12-18,4.33
2007-12-19,4.35
2007-12-20,4.31
2007-12-21,4.23
2007-12-24,4.35
2007-12-26,4.47
2007-12-27,4.35
2007-12-28,4.35
2007-12-31,4.2
2008-01-02,4.25
2008-01-03,4.1
2008-01-04,4.07
2008-01-07,4.02
2008-01-08,4.24
2008-01-09,4.05
2008-01-10,4.23
2008-01-11,4
2008-01-14,3.88
2008-01-15,3.82
2008-01-16,4.11
2008-01-17,3.97
2008-01-18,4
2008-01-22,3.81
2008-01-23,3.83
2008-01-24,3.82
2008-01-25,3.88
2008-01-28,3.85
2008-01-29,3.76
2008-01-30,3.69
2008-01-31,3.65
2008-02-01,3.79
2008-02-04,3.81
2008-02-05,3.82
2008-02-06,3.85
2008-02-07,3.88
2008-02-08,3.85
2008-02-11,3.94
2008-02-12,4.03
2008-02-13,3.81
2008-02-14,3.84
2008-02-15,3.92
2008-02-19,3.78
2008-02-20,3.77
2008-02-21,3.88
2008-02-22,3.91
2008-02-25,3.82
2008-02-26,3.93
2008-02-27,3.99
2008-02-28,4.01
2008-02-29,3.99
2008-03-03,3.83
2008-03-04,3.78
2008-03-05,4.18
2008-03-06,4.06
2008-03-07,4.3
2008-03-10,4.09
2008-03-11,4.23
2008-03-12,4.24
2008-03-13,4.24
2008-03-14,3.84
2008-03-17,3.78
2008-03-18,4.01
2008-03-19,3.75
2008-03-20,3.95
2008-03-24,3.84
2008-03-25,3.92
2008-03-26,3.72
2008-03-27,3.69
2008-03-28,3.68
2008-03-31,3.68
2008-04-01,3.8
2008-04-02,3.74
2008-04-03,3.96
2008-04-04,3.89
2008-04-07,3.76
2008-04-08,3.73
2008-04-09,3.71
2008-04-10,3.63
2008-04-11,3.63
2008-04-14,3.6
2008-04-15,3.61
2008-04-16,3.53
2008-04-17,3.54
2008-04-18,3.45
2008-04-21,3.44
2008-04-22,3.18
2008-04-23,3.07
2008-04-24,3.09
2008-04-25,3.36
2008-04-28,3.24
2008-04-29,3.3
2008-04-30,3.2
2008-05-01,3.26
2008-05-02,3.2
2008-05-05,3.32
2008-05-06,3.44
2008-05-07,3.64
2008-05-08,3.49
2008-05-09,2.85
2008-05-12,2.87
2008-05-13,3.04
2008-05-14,3.12
2008-05-15,3.59
2008-05-16,3.8
2008-05-19,3.6
2008-05-20,3.55
2008-05-21,3.48
2008-05-22,3.42
2008-05-23,3.44
2008-05-27,3.47
2008-05-28,3.38
2008-05-29,3.36
2008-05-30,3.62
2008-06-02,3.53
2008-06-03,3.59
2008-06-04,3.58
2008-06-05,3.52
2008-06-06,3.61
2008-06-09,3.53
2008-06-10,3.52
2008-06-11,3.42
2008-06-12,3.45
2008-06-13,3.7
2008-06-16,3.6
2008-06-17,3.52
2008-06-18,3.19
2008-06-19,3.16
2008-06-20,3.27
2008-06-23,3.07
2008-06-24,3.16
2008-06-25,3.06
2008-06-26,3.16
2008-06-27,3.07
2008-06-30,3.02
2008-07-01,2.99
2008-07-02,3.01
2008-07-03,2.91
2008-07-07,2.83
2008-07-08,2.8
2008-07-09,2.78
2008-07-10,2.72
2008-07-11,2.7
2008-07-14,2.7
2008-07-15,2.7
2008-07-16,2.7
2008-07-17,2.66
2008-07-18,2.6
2008-07-21,2.57
2008-07-22,2.63
2008-07-23,2.66
2008-07-24,2.6
2008-07-25,2.5
2008-07-28,2.43
2008-07-29,2.84
2008-07-30,3.1
2008-07-31,2.76
2008-08-01,2.71
2008-08-04,2.65
2008-08-05,3.05
2008-08-06,3.17
2008-08-07,3.08
2008-08-08,2.98
2008-08-11,2.96
2008-08-12,3.02
2008-08-13,3.11
2008-08-14,3.17
2008-08-15,3.32
2008-08-18,3.39
2008-08-19,2.98
2008-08-20,2.95
2008-08-21,3.23
2008-08-22,3.16
2008-08-25,3.2
2008-08-26,3.27
2008-08-27,3.12
2008-08-28,3.25
2008-08-29,3.16
2008-09-02,3.14
2008-09-03,3.19
2008-09-04,3.14
2008-09-05,3.11
2008-09-08,3.05
2008-09-09,3.14
2008-09-10,3.13
2008-09-11,3.01
2008-09-12,3.11
2008-09-15,3.11
2008-09-16,3.08
2008-09-17,3.14
2008-09-18,3.12
2008-09-19,3.19
2008-09-22,2.98
2008-09-23,3.18
2008-09-24,3.06
2008-09-25,3
2008-09-26,2.97
2008-09-29,2.95
2008-09-30,3.1
2008-10-01,2.96
2008-10-02,2.96
2008-10-03,2.9
2008-10-06,2.9
2008-10-07,2.81
2008-10-08,2.75
2008-10-09,2.47
2008-10-10,2.65
2008-10-13,2.45
2008-10-14,2.4
2008-10-15,2.64
2008-10-16,2.65
2008-10-17,2.73
2008-10-20,2.64
2008-10-21,2.75
2008-10-22,2.72
2008-10-23,2.69
2008-10-24,2.52
2008-10-27,2.5
2008-10-28,2.44
2008-10-29,2.43
2008-10-30,2.46
2008-10-31,2.25
2008-11-03,2.24
2008-11-04,2.37
2008-11-05,2.3
2008-11-06,2.21
2008-11-07,2.22
2008-11-10,2.11
2008-11-11,2.06
2008-11-12,2.01
2008-11-13,2.02
2008-11-14,1.98
2008-11-17,1.94
2008-11-18,1.92
2008-11-19,1.79
2008-11-20,1.7
2008-11-21,1.75
2008-11-24,1.82
2008-11-25,1.98
2008-11-26,1.79
2008-11-28,1.78
2008-12-01,1.78
2008-12-02,1.67
2008-12-03,1.67
2008-12-04,1.68
2008-12-05,1.71
2008-12-08,1.7
2008-12-09,1.68
2008-12-10,1.68
2008-12-11,1.67
2008-12-12,1.67
2008-12-15,1.67
2008-12-16,1.67
2008-12-17,1.58
2008-12-18,1.59
2008-12-19,1.65
2008-12-22,1.63
2008-12-23,1.7
2008-12-24,1.7
2008-12-26,1.7
2008-12-29,1.71
2008-12-30,1.87
2008-12-31,1.87
2009-01-02,2.03
2009-01-05,2.1
2009-01-06,2.13
2009-01-07,2.14
2009-01-08,2.07
2009-01-09,2.05
2009-01-12,2.03
2009-01-13,2.14
2009-01-14,2.03
2009-01-15,2.15
2009-01-16,2.09
2009-01-20,2.1
2009-01-21,2.1
2009-01-22,2.1
2009-01-23,2.05
2009-01-26,2
2009-01-27,2.01
2009-01-28,2.14
2009-01-29,2.1
2009-01-30,2.24
2009-02-02,2.24
2009-02-03,2.03
2009-02-04,1.89
2009-02-05,2.05
2009-02-06,1.9
2009-02-09,2.07
2009-02-10,2.04
2009-02-11,2.12
2009-02-12,2.07
2009-02-13,1.99
2009-02-17,1.92
2009-02-18,1.92
2009-02-19,1.81
2009-02-20,1.75
2009-02-23,1.7
2009-02-24,1.83
2009-02-25,1.69
2009-02-26,1.8
2009-02-27,1.76
2009-03-02,1.66
2009-03-03,1.72
2009-03-04,1.68
2009-03-05,2
2009-03-06,1.99
2009-03-09,1.95
2009-03-10,1.95
2009-03-11,2.03
2009-03-12,1.98
2009-03-13,1.99
2009-03-16,1.93
2009-03-17,1.95
2009-03-18,1.94
2009-03-19,2
2009-03-20,2.05
2009-03-23,2.1
2009-03-24,2.09
2009-03-25,2.11
2009-03-26,2.15
2009-03-27,2.1
2009-03-30,2.1
2009-03-31,2.1
2009-04-01,2.08
2009-04-02,2.32
2009-04-03,2.25
2009-04-06,2.21
2009-04-07,2.23
2009-04-08,2.23
2009-04-09,2.23
2009-04-13,2.25
2009-04-14,2.27
2009-04-15,2.24
2009-04-16,2.31
2009-04-17,2.35
2009-04-20,2.32
2009-04-21,2.28
2009-04-22,2.38
2009-04-23,2.39
2009-04-24,2.41
2009-04-27,2.36
2009-04-28,2.37
2009-04-29,2.34
2009-04-30,2.36
2009-05-01,2.35
2009-05-04,2.34
2009-05-05,2.3
2009-05-06,2.26
2009-05-07,2.3
2009-05-08,2.31
2009-05-11,2.32
2009-05-12,2.29
2009-05-13,2.31
2009-05-14,2.31
2009-05-15,2.3
2009-05-18,2.3
2009-05-19,2.52
2009-05-20,2.52
2009-05-21,2.51
2009-05-22,2.52
2009-05-26,2.51
2009-05-27,2.55
2009-05-28,2.56
2009-05-29,2.58
2009-06-01,2.58
2009-06-02,2.57
2009-06-03,2.55
2009-06-04,2.72
2009-06-05,2.53
2009-06-08,2.6
2009-06-09,2.6
2009-06-10,2.54
2009-06-11,2.58
2009-06-12,2.5
2009-06-15,2.5
2009-06-16,2.47
2009-06-17,2.51
2009-06-18,2.55
2009-06-19,2.75
2009-06-22,2.9
2009-06-23,2.56
2009-06-24,2.49
2009-06-25,2.52
2009-06-26,2.64
2009-06-29,2.5
2009-06-30,2.75
2009-07-01,2.63
2009-07-02,2.47
2009-07-06,2.49
2009-07-07,2.55
2009-07-08,2.56
2009-07-09,2.6
2009-07-10,2.5
2009-07-13,2.49
2009-07-14,2.51
2009-07-15,2.52
2009-07-16,2.5
2009-07-17,2.57
2009-07-20,2.5
2009-07-21,2.5
2009-07-22,2.49
2009-07-23,2.5
2009-07-24,2.59
2009-07-27,2.6
2009-07-28,2.65
2009-07-29,2.68
2009-07-30,2.8
2009-07-31,2.83
2009-08-03,2.71
2009-08-04,2.7
2009-08-05,2.8
2009-08-06,2.8
2009-08-07,2.68
2009-08-10,2.71
2009-08-11,2.71
2009-08-12,2.71
2009-08-13,2.68
2009-08-14,2.8
2009-08-17,2.65
2009-08-18,2.63
2009-08-19,2.55
2009-08-20,2.56
2009-08-21,2.6
2009-08-24,2.6
2009-08-25,2.68
2009-08-26,2.71
2009-08-27,2.71
2009-08-28,2.7
2009-08-31,2.66
2009-09-01,2.72
2009-09-02,2.74
2009-09-03,2.74
2009-09-04,2.65
2009-09-08,2.67
2009-09-09,2.57
2009-09-10,2.67
2009-09-11,2.65
2009-09-14,2.65
2009-09-15,2.65
2009-09-16,2.65
2009-09-17,2.76
2009-09-18,2.59
2009-09-21,2.55
2009-09-22,2.53
2009-09-23,2.53
2009-09-24,2.48
2009-09-25,2.46
2009-09-28,2.45
2009-09-29,2.52
2009-09-30,2.44
2009-10-01,2.49
2009-10-02,2.49
2009-10-05,2.55
2009-10-06,2.43
2009-10-07,2.43
2009-10-08,2.35
2009-10-09,2.27
2009-10-12,2.26
2009-10-13,2.28
2009-10-14,2.28
2009-10-15,2.27
2009-10-16,2.23
2009-10-19,2.2
2009-10-20,2.5
2009-10-21,2.41
2009-10-22,2.4
2009-10-23,2.4
2009-10-26,2.4
2009-10-27,2.48
2009-10-28,2.35
2009-10-29,2.4
2009-10-30,2.34
2009-11-02,2.32
2009-11-03,2.45
2009-11-04,2.35
2009-11-05,2.36
2009-11-06,2.38
2009-11-09,2.4
2009-11-10,2.4
2009-11-11,2.4
2009-11-12,2.4
2009-11-13,2.34
2009-11-16,2.22
2009-11-17,2.18
2009-11-18,2.19
2009-11-19,2.32
2009-11-20,2.3
2009-11-23,2.18
2009-11-24,2.13
2009-11-25,2.16
2009-11-27,2.13
2009-11-30,2.15
2009-12-01,2.06
2009-12-02,1.99
2009-12-03,2.05
2009-12-04,2.08
2009-12-07,2
2009-12-08,2.05
2009-12-09,2.24
2009-12-10,2.23
2009-12-11,2.29
2009-12-14,2.47
2009-12-15,2.56
2009-12-16,2.46
2009-12-17,2.54
2009-12-18,2.9
2009-12-21,2.66
2009-12-22,2.71
2009-12-23,2.68
2009-12-24,2.65
2009-12-28,2.6
2009-12-29,2.6
2009-12-30,2.68
2009-12-31,2.8
2010-01-04,2.89
2010-01-05,2.72
2010-01-06,2.7
2010-01-07,2.79
2010-01-08,2.72
2010-01-11,2.7
2010-01-12,2.66
2010-01-13,2.71
2010-01-14,2.66
2010-01-15,2.59
2010-01-19,2.49
2010-01-20,2.62
2010-01-21,2.72
2010-01-22,2.56
2010-01-25,2.6
2010-01-26,2.6
2010-01-27,2.57
2010-01-28,2.56
2010-01-29,2.56
2010-02-01,2.51
2010-02-02,2.57
2010-02-03,2.7
2010-02-04,2.58
2010-02-05,2.5
2010-02-08,2.48
2010-02-09,2.41
2010-02-10,2.75
2010-02-11,2.47
2010-02-12,2.74
2010-02-16,2.42
2010-02-17,2.73
2010-02-18,2.69
2010-02-19,2.7
2010-02-22,2.66
2010-02-23,2.72
2010-02-24,2.58
2010-02-25,2.62
2010-02-26,2.64
2010-03-01,2.65
2010-03-02,2.59
2010-03-03,2.54
2010-03-04,2.5
2010-03-05,2.53
2010-03-08,2.48
2010-03-09,2.49
2010-03-10,2.51
2010-03-11,2.43
2010-03-12,2.44
2010-03-15,2.42
2010-03-16,2.5
2010-03-17,2.44
2010-03-18,2.49
2010-03-19,2.6
2010-03-22,2.45
2010-03-23,2.42
2010-03-24,2.46
2010-03-25,2.41
2010-03-26,2.42
2010-03-29,2.41
2010-03-30,2.4
2010-03-31,2.4
2010-04-05,2.37
2010-04-06,2.45
2010-04-07,2.41
2010-04-08,2.27
2010-04-09,2.32
2010-04-12,2.32
2010-04-13,2.36
2010-04-14,2.37
2010-04-15,2.34
2010-04-16,2.28
2010-04-19,2.25
2010-04-20,2.27
2010-04-21,2.56
2010-04-22,2.54
2010-04-23,2.31
2010-04-26,2.33
2010-04-27,2.7
2010-04-28,2.5
2010-04-29,2.47
2010-04-30,2.49
2010-05-03,2.36
2010-05-04,2.63
2010-05-05,2.31
2010-05-06,2.48
2010-05-07,2.41
2010-05-10,2.36
2010-05-11,2.53
2010-05-12,2.49
2010-05-13,2.5
2010-05-14,2.45
2010-05-17,2.45
2010-05-18,2.41
2010-05-19,2.33
2010-05-20,2.4
2010-05-21,2.37
2010-05-24,2.41
2010-05-25,2.36
2010-05-26,2.44
2010-05-27,2.4
2010-05-28,2.43
2010-06-01,2.4
2010-06-02,2.32
2010-06-03,2.37
2010-06-04,2.37
2010-06-07,2.25
2010-06-08,2.42
2010-06-09,2.43
2010-06-10,2.35
2010-06-11,2.36
2010-06-14,2.35
2010-06-15,2.3
2010-06-16,2.35
2010-06-17,2.37
2010-06-18,2.41
2010-06-21,2.45
2010-06-22,2.3
2010-06-23,2.45
2010-06-24,2.09
2010-06-25,2.17
2010-06-28,2.24
2010-06-29,2.3
2010-06-30,2.32
2010-07-01,2.13
2010-07-02,2.22
2010-07-06,2.29
2010-07-07,2.39
2010-07-08,2.25
2010-07-09,2.31
2010-07-12,2.29
2010-07-13,2.26
2010-07-14,2.32
2010-07-15,2.45
2010-07-16,2.42
2010-07-19,2.43
2010-07-20,2.45
2010-07-21,2.47
2010-07-22,2.43
2010-07-23,2.45
2010-07-26,2.53
2010-07-27,2.43
2010-07-28,2.45
2010-07-29,2.44
2010-07-30,2.5
2010-08-02,2.4
2010-08-03,2.34
2010-08-04,2.4
2010-08-05,2.32
2010-08-06,2.36
2010-08-09,2.3
2010-08-10,2.35
2010-08-11,2.35
2010-08-12,2.37
2010-08-13,2.4
2010-08-16,2.4
2010-08-17,2.34
2010-08-18,2.34
2010-08-19,2.3
2010-08-20,2.36
2010-08-23,2.32
2010-08-24,2.25
2010-08-25,2.2
2010-08-26,2.21
2010-08-27,2.4
2010-08-30,2.24
2010-08-31,2.3
2010-09-01,2.31
2010-09-02,2.34
2010-09-03,2.28
2010-09-07,2.31
2010-09-08,2.29
2010-09-09,2.22
2010-09-10,2.37
2010-09-13,2.35
2010-09-14,2.27
2010-09-15,2.33
2010-09-16,2.37
2010-09-17,2.36
2010-09-20,2.4
2010-09-21,2.4
2010-09-22,2.38
2010-09-24,2.68
2010-09-27,2.55
2010-09-28,2.62
2010-09-29,2.62
2010-09-30,2.65
2010-10-01,2.65
2010-10-04,2.62
2010-10-05,2.66
2010-10-06,2.8
2010-10-07,2.84
2010-10-08,2.84
2010-10-11,2.82
2010-10-13,2.79
2010-10-14,2.85
2010-10-15,2.72
2010-10-18,2.76
2010-10-19,2.71
2010-10-20,2.82
2010-10-21,2.75
2010-10-22,2.73
2010-10-25,2.78
2010-10-26,2.86
2010-10-27,2.85
2010-10-28,2.81
2010-10-29,2.84
2010-11-01,2.71
2010-11-02,2.85
2010-11-03,2.79
2010-11-04,2.86
2010-11-05,2.85
2010-11-08,2.84
2010-11-09,2.81
2010-11-10,2.93
2010-11-11,2.95
2010-11-12,2.91
2010-11-15,2.91
2010-11-16,3
2010-11-17,2.94
2010-11-18,2.95
2010-11-19,2.99
2010-11-22,2.9
2010-11-23,2.89
2010-11-24,2.81
2010-11-26,2.77
2010-11-29,2.79
2010-11-30,2.79
2010-12-01,2.8
2010-12-02,2.82
2010-12-03,2.88
2010-12-06,2.85
2010-12-07,2.9
2010-12-08,2.91
2010-12-09,2.89
2010-12-10,2.85
2010-12-13,2.82
2010-12-14,2.82
2010-12-15,2.8
2010-12-16,2.95
2010-12-17,2.79
2010-12-20,2.81
2010-12-21,2.86
2010-12-22,2.81
2010-12-23,2.84
2010-12-27,2.76
2010-12-28,2.68
2010-12-29,2.73
2010-12-30,2.73
2010-12-31,2.84
2011-01-03,2.98
2011-01-04,2.95
2011-01-05,3
2011-01-06,3.05
2011-01-07,3.07
2011-01-10,3.08
2011-01-11,3.27
2011-01-12,3.4
2011-01-13,3.6
2011-01-14,3.83
2011-01-18,3.91
2011-01-19,3.84
2011-01-20,3.9
2011-01-21,3.95
2011-01-24,3.95
2011-01-25,3.96
2011-01-26,3.93
2011-01-27,3.92
2011-01-28,3.79
2011-01-31,3.75
2011-02-01,3.73
2011-02-02,3.65
2011-02-03,3.72
2011-02-04,3.65
2011-02-07,3.62
2011-02-08,3.65
2011-02-09,3.59
2011-02-10,3.5
2011-02-11,3.62
2011-02-14,3.66
2011-02-15,3.74
2011-02-16,3.7
2011-02-17,3.69
2011-02-18,3.73
2011-02-22,3.64
2011-02-23,3.51
2011-02-24,3.63
2011-02-25,3.63
2011-02-28,3.56
2011-03-01,3.6
2011-03-02,3.56
2011-03-03,3.6
2011-03-04,3.6
2011-03-07,3.72
2011-03-08,3.6
2011-03-09,3.6
2011-03-10,3.6
2011-03-11,3.65
2011-03-14,3.69
2011-03-15,3.56
2011-03-16,3.64
2011-03-17,3.69
2011-03-18,3.74
2011-03-21,3.63
2011-03-22,3.63
2011-03-23,3.57
2011-03-24,3.54
2011-03-25,3.58
2011-03-28,3.33
2011-03-29,3.29
2011-03-30,3.41
2011-03-31,3.6
2011-04-01,3.45
2011-04-04,3.35
2011-04-05,3.19
2011-04-06,3.02
2011-04-07,3.07
2011-04-08,3.1
2011-04-11,3.17
2011-04-12,3.39
2011-04-13,3.33
2011-04-14,3.28
2011-04-15,3.19
2011-04-18,3.23
2011-04-19,3.22
2011-04-20,3.27
2011-04-21,3.14
2011-04-25,3.16
2011-04-26,3.23
2011-04-27,3.42
2011-04-28,3.31
2011-04-29,3.33
2011-05-02,3.31
2011-05-03,3.38
2011-05-04,3.32
2011-05-05,3.33
2011-05-06,3.31
2011-05-09,3.25
2011-05-10,3.3
2011-05-11,3.31
2011-05-12,3.33
2011-05-13,3.48
2011-05-16,3.39
2011-05-17,3.31
2011-05-18,3.32
2011-05-19,3.25
2011-05-20,3.15
2011-05-23,3.06
2011-05-24,3.04
2011-05-25,3.03
2011-05-26,3.06
2011-05-27,3.08
2011-05-31,3.08
2011-06-01,3.01
2011-06-02,3.06
2011-06-03,3
2011-06-06,2.95
2011-06-07,2.94
2011-06-08,2.97
2011-06-09,2.96
2011-06-10,2.98
2011-06-13,2.91
2011-06-14,3.02
2011-06-15,2.96
2011-06-16,3.1
2011-06-17,3.31
2011-06-20,3.25
2011-06-21,3.2
2011-06-22,3.21
2011-06-23,3.15
2011-06-24,2.98
2011-06-27,3.15
2011-06-28,3.25
2011-06-29,2.97
2011-06-30,3
2011-07-01,3.08
2011-07-05,3.24
2011-07-06,3
2011-07-07,3.33
2011-07-08,3.2
2011-07-11,3.15
2011-07-12,3.16
2011-07-13,3.05
2011-07-14,3.1
2011-07-15,2.95
2011-07-18,3.1
2011-07-19,3.23
2011-07-20,3.02
2011-07-21,2.97
2011-07-22,3.17
2011-07-25,3.39
2011-07-26,3.35
2011-07-27,3.22
2011-07-28,3.47
2011-07-29,3.5
2011-08-01,3.38
2011-08-02,3.06
2011-08-03,2.99
2011-08-04,2.91
2011-08-05,3.09
2011-08-08,2.92
2011-08-09,2.95
2011-08-10,3
2011-08-11,2.94
2011-08-12,3.16
2011-08-15,3.12
2011-08-16,3.16
2011-08-17,2.95
2011-08-18,2.85
2011-08-19,2.8
2011-08-22,2.82
2011-08-23,2.92
2011-08-24,2.86
2011-08-25,2.82
2011-08-26,3.05
2011-08-29,3.2
2011-08-30,3.21
2011-08-31,3.24
2011-09-01,3.13
2011-09-02,3
2011-09-06,2.87
2011-09-07,3.04
2011-09-08,3.07
2011-09-09,2.89
2011-09-12,2.85
2011-09-13,2.93
2011-09-14,2.84
2011-09-15,3.09
2011-09-16,3.23
2011-09-19,3
2011-09-20,3
2011-09-21,2.84
2011-09-22,2.68
2011-09-23,2.85
2011-09-26,2.83
2011-09-27,2.71
2011-09-28,2.7
2011-09-29,2.71
2011-09-30,2.62
2011-10-03,2.45
2011-10-04,2.53
2011-10-05,2.59
2011-10-06,2.75
2011-10-07,2.73
2011-10-10,2.68
2011-10-11,2.53
2011-10-12,2.6
2011-10-13,2.6
2011-10-14,2.62
2011-10-17,2.68
2011-10-18,2.6
2011-10-19,2.6
2011-10-20,2.65
2011-10-21,2.6
2011-10-24,2.74
2011-10-26,2.79
2011-10-27,2.82
2011-10-28,2.98
2011-10-31,2.96
2011-11-01,2.97
2011-11-02,2.88
2011-11-03,2.82
2011-11-04,2.92
2011-11-07,2.82
2011-11-08,2.97
2011-11-09,2.87
2011-11-10,2.86
2011-11-11,2.97
2011-11-14,2.91
2011-11-15,2.87
2011-11-16,2.86
2011-11-17,2.94
2011-11-18,2.97
2011-11-21,2.96
2011-11-22,2.94
2011-11-23,3.03
2011-11-25,3.05
2011-11-28,3.07
2011-11-29,3.12
2011-11-30,3.15
2011-12-01,3.11
2011-12-02,3.02
2011-12-05,3.08
2011-12-06,3.14
2011-12-07,3.06
2011-12-08,2.97
2011-12-09,3.05
2011-12-12,3.11
2011-12-13,2.97
2011-12-14,3.04
2011-12-15,2.95
2011-12-16,2.94
2011-12-19,3.02
2011-12-20,3.02
2011-12-21,2.98
2011-12-22,2.98
2011-12-23,2.86
2011-12-27,2.87
2011-12-28,2.9
2011-12-29,2.8
2011-12-30,3
2012-01-03,2.86
2012-01-04,2.78
2012-01-05,2.85
2012-01-06,2.94
2012-01-09,2.9
2012-01-10,2.94
2012-01-12,2.93
2012-01-13,2.96
2012-01-17,2.98
2012-01-18,3.09
2012-01-19,3.05
2012-01-20,3.15
2012-01-23,3.07
2012-01-24,3.11
2012-01-25,3.2
2012-01-26,3.07
2012-01-30,3.18
2012-01-31,3.08
2012-02-01,3.2
2012-02-02,3.14
2012-02-03,3.2
2012-02-06,3.15
2012-02-07,3.12
2012-02-08,3.18
2012-02-09,3.2
2012-02-10,3.38
2012-02-13,3.94
2012-02-14,4.08
2012-02-15,4
2012-02-16,4.43
2012-02-17,4.25
2012-02-21,4.1
2012-02-22,4.03
2012-02-23,4.1
2012-02-24,4.25
2012-02-27,4.49
2012-02-28,4.47
2012-02-29,4.39
2012-03-01,4.44
2012-03-02,4.5
2012-03-05,4.45
2012-03-06,4.39
2012-03-07,4.25
2012-03-08,4.15
2012-03-09,4.16
2012-03-12,4.17
2012-03-13,4.14
2012-03-14,4.13
2012-03-15,4.09
2012-03-16,4.07
2012-03-19,4.1
2012-03-20,4.01
2012-03-21,3.79
2012-03-22,4.08
2012-03-23,3.93
2012-03-26,3.91
2012-03-27,3.93
2012-03-28,3.85
2012-03-29,3.71
2012-03-30,3.9
2012-04-02,3.82
2012-04-03,3.77
2012-04-04,3.8
2012-04-05,3.66
2012-04-09,3.64
2012-04-10,3.58
2012-04-11,3.6
2012-04-12,3.6
2012-04-13,3.68
2012-04-16,3.76
2012-04-17,3.7
2012-04-18,3.71
2012-04-19,3.8
2012-04-20,3.73
2012-04-23,3.73
2012-04-24,3.74
2012-04-25,3.77
2012-04-26,3.74
2012-04-27,6.15
2012-04-30,6.2
2012-05-01,6.49
2012-05-02,6.6
2012-05-03,6.8
2012-05-04,6.93
2012-05-07,6.99
2012-05-08,6.82
2012-05-09,6.1
2012-05-10,6.01
2012-05-11,5.9
2012-05-14,5.43
2012-05-15,5.45
2012-05-16,5.6
2012-05-17,5.58
2012-05-18,5.49
2012-05-21,5.49
2012-05-22,5.65
2012-05-23,5.7
2012-05-24,5.71
2012-05-25,5.57
2012-05-29,5.67
2012-05-30,5.61
2012-05-31,5.69
2012-06-01,5.7
2012-06-04,5.77
2012-06-05,5.68
2012-06-06,5.75
2012-06-07,5.88
2012-06-08,5.79
2012-06-11,5.57
2012-06-12,5.7
2012-06-13,5.72
2012-06-14,5.68
2012-06-15,5.79
2012-06-18,5.8
2012-06-19,5.93
2012-06-20,6.05
2012-06-21,6.28
2012-06-22,6.33
2012-06-25,6.13
2012-06-26,6.15
2012-06-27,6.33
2012-06-28,6.37
2012-06-29,6.45
2012-07-02,6.74
2012-07-03,6.82
2012-07-05,6.75
2012-07-06,6.78
2012-07-09,6.67
2012-07-10,6.65
2012-07-11,6.66
2012-07-12,6.55
2012-07-13,6.58
2012-07-16,6.43
2012-07-17,6.6
2012-07-18,6.56
2012-07-19,6.25
2012-07-20,5.85
2012-07-23,5.65
2012-07-24,5.52
2012-07-25,6.58
2012-07-26,6.65
2012-07-27,6.52
2012-07-30,6.47
2012-07-31,6.19
2012-08-01,5.98
2012-08-02,6.04
2012-08-03,6.17
2012-08-06,6.26
2012-08-07,6.17
2012-08-08,6.07
2012-08-09,5.98
2012-08-10,5.77
2012-08-13,5.55
2012-08-14,5.61
2012-08-15,5.75
2012-08-16,5.65
2012-08-17,5.85
2012-08-20,5.69
2012-08-21,5.65
2012-08-22,5.69
2012-08-23,5.67
2012-08-24,6
2012-08-27,6
2012-08-28,6.01
2012-08-29,6.05
2012-08-30,6.01
2012-08-31,5.93
2012-09-04,6.13
2012-09-05,6.24
2012-09-06,6.43
2012-09-07,6.4
2012-09-10,6.4
2012-09-11,6.5
2012-09-12,6.46
2012-09-13,6.33
2012-09-14,6.16
2012-09-17,6.24
2012-09-18,6.25
2012-09-19,6.26
2012-09-20,6.25
2012-09-21,6.27
2012-09-24,6.25
2012-09-25,6.21
2012-09-26,6.16
2012-09-27,6.3
2012-09-28,6.3
2012-10-01,6.17
2012-10-02,6.22
2012-10-03,6.31
2012-10-04,6.35
2012-10-05,6.32
2012-10-08,6.37
2012-10-09,6.25
2012-10-10,6.33
2012-10-11,6.28
2012-10-12,6.26
2012-10-15,6.3
2012-10-16,6.32
2012-10-17,6.25
2012-10-18,6.15
2012-10-19,5.9
2012-10-22,6.13
2012-10-23,6.11
2012-10-24,6.11
2012-10-25,6.09
2012-10-26,6.09
2012-10-31,6.09
2012-11-01,6.09
2012-11-02,6
2012-11-05,5.99
2012-11-06,6.12
2012-11-07,5.88
2012-11-08,5.95
2012-11-09,6.04
2012-11-12,6.11
2012-11-13,6.1
2012-11-14,5.91
2012-11-15,6.11
2012-11-16,5.98
2012-11-19,6.07
2012-11-20,6.38
2012-11-21,6.4
2012-11-23,6.4
2012-11-26,6.45
2012-11-27,6.43
2012-11-28,6.43
2012-11-29,6.55
2012-11-30,6.7
2012-12-03,6.68
2012-12-04,6.65
2012-12-05,6.62
2012-12-06,6.63
2012-12-07,6.59
2012-12-10,6.64
2012-12-11,6.65
2012-12-12,6.62
2012-12-13,6.56
2012-12-14,6.6
2012-12-17,6.88
2012-12-18,5.27
2012-12-19,5.2
2012-12-20,5.2
2012-12-21,5.26
2012-12-24,5.34
2012-12-26,5.43
2012-12-27,5.5
2012-12-28,5.4
2012-12-31,5.48
2013-01-02,5.48
2013-01-03,5.49
2013-01-04,5.74
2013-01-07,5.96
2013-01-08,5.87
2013-01-09,5.97
2013-01-10,6
2013-01-11,6
2013-01-14,6
2013-01-15,6.06
2013-01-16,5.99
2013-01-17,5.86
2013-01-18,6
2013-01-22,5.98
2013-01-23,5.86
2013-01-24,5.63
2013-01-25,5.87
2013-01-28,6.12
2013-01-29,5.93
2013-01-30,5.73
2013-01-31,5.76
2013-02-01,5.92
2013-02-04,5.63
2013-02-05,5.76
2013-02-06,5.68
2013-02-07,5.52
2013-02-08,5.57
2013-02-11,5.53
2013-02-12,5.42
2013-02-13,5.11
2013-02-14,4.83
2013-02-15,4.97
2013-02-19,5.06
2013-02-20,5
2013-02-21,5.16
2013-02-22,5.2
2013-02-25,5.05
2013-02-26,5.11
2013-02-27,5.21
2013-02-28,5
2013-03-01,5.02
2013-03-04,4.86
2013-03-05,4.93
2013-03-06,4.77
2013-03-07,4.86
2013-03-08,4.9
2013-03-11,4.91
2013-03-12,4.86
2013-03-13,4.81
2013-03-14,4.93
2013-03-15,4.86
2013-03-18,4.75
2013-03-19,4.73
2013-03-20,4.83
2013-03-21,4.75
2013-03-22,4.75
2013-03-25,4.8
2013-03-26,4.8
2013-03-27,4.77
2013-03-28,4.63
2013-04-01,4.57
2013-04-02,4.79
2013-04-03,4.92
2013-04-04,5.26
2013-04-05,5.19
2013-04-08,5.21
2013-04-09,5.13
2013-04-10,5.05
2013-04-11,5.02
2013-04-12,4.99
2013-04-15,4.96
2013-04-16,5.08
2013-04-17,4.95
2013-04-18,4.9
2013-04-19,5.01
2013-04-22,4.99
2013-04-23,5.12
2013-04-24,5.06
2013-04-25,4.93
2013-04-26,4.86
2013-04-29,4.87
2013-04-30,4.83
2013-05-01,4.65
2013-05-02,4.68
2013-05-03,4.82
2013-05-06,4.82
2013-05-07,4.8
2013-05-08,4.82
2013-05-09,4.75
2013-05-10,4.72
2013-05-13,4.67
2013-05-14,4.62
2013-05-15,4.72
2013-05-16,4.91
2013-05-17,4.99
2013-05-20,5.04
2013-05-21,5.1
2013-05-22,5.08
2013-05-23,5.05
2013-05-24,5.12
2013-05-28,5.07
2013-05-29,5.15
2013-05-30,5.07
2013-05-31,5.45
2013-06-03,5.44
2013-06-04,5.33
2013-06-05,5.27
2013-06-06,5.29
2013-06-07,5.24
2013-06-10,5.44
2013-06-11,5.25
2013-06-12,5.25
2013-06-13,5.23
2013-06-14,5.2
2013-06-17,5.26
2013-06-18,5.08
2013-06-19,5.12
2013-06-20,4.97
2013-06-21,5.06
2013-06-24,4.85
2013-06-25,4.8
2013-06-26,4.89
2013-06-27,4.74
2013-06-28,5.2
2013-07-01,5.17
2013-07-02,5.26
2013-07-03,5.27
2013-07-05,5.31
2013-07-08,5.29
2013-07-09,5.24
2013-07-10,5.28
2013-07-11,5.27
2013-07-12,5.24
2013-07-15,5.25
2013-07-16,5.18
2013-07-17,5.2
2013-07-18,5.05
2013-07-19,5.03
2013-07-22,5.2
2013-07-23,5.25
2013-07-24,5.16
2013-07-25,5.14
2013-07-26,5.04
2013-07-29,4.93
2013-07-30,4.81
2013-07-31,4.94
2013-08-01,4.92
2013-08-02,4.9
2013-08-05,5.23
2013-08-06,5.3
2013-08-07,5.25
2013-08-08,5.28
2013-08-09,5.27
2013-08-12,5.35
2013-08-13,5.3
2013-08-14,5.26
2013-08-15,5.24
2013-08-16,5.12
2013-08-19,4.98
2013-08-20,5.02
2013-08-21,4.96
2013-08-22,5.02
2013-08-23,5.01
2013-08-26,4.97
2013-08-27,4.9
2013-08-28,4.87
2013-08-29,4.95
2013-08-30,4.99
2013-09-03,4.91
2013-09-04,4.96
2013-09-05,4.95
2013-09-06,4.96
2013-09-09,5.07
2013-09-10,5.08
2013-09-11,5.06
2013-09-12,5.27
2013-09-13,5.36
2013-09-16,5.5
2013-09-17,5.5
2013-09-18,5.5
2013-09-19,5.5
2013-09-20,5.48
2013-09-23,5.44
2013-09-24,5.52
2013-09-25,5.51
2013-09-26,5.49
2013-09-27,5.5
2013-09-30,5.46
2013-10-01,5.46
2013-10-02,5.44
2013-10-03,5.31
2013-10-04,5.28
2013-10-07,5.27
2013-10-08,5.22
2013-10-09,5.22
2013-10-10,5.21
2013-10-11,5.29
2013-10-14,5.3
2013-10-15,5.26
2013-10-16,5.29
2013-10-17,5.27
2013-10-18,5.28
2013-10-21,5.5
2013-10-22,5.39
2013-10-23,5.34
2013-10-24,5.44
2013-10-25,5.4
2013-10-28,5.45
2013-10-29,5.31
2013-10-30,5.21
2013-10-31,5.23
2013-11-01,5.18
2013-11-04,5.2
2013-11-05,5.22
2013-11-06,5.27
2013-11-07,5.34
2013-11-08,5.47
2013-11-11,5.5
2013-11-12,5.56
2013-11-13,5.48
2013-11-14,5.45
2013-11-15,5.53
2013-11-18,5.5
2013-11-19,5.8
2013-11-20,5.78
2013-11-21,5.78
2013-11-22,5.96
2013-11-25,5.92
2013-11-26,5.9
2013-11-27,5.91
2013-11-29,5.92
2013-12-02,5.9
2013-12-03,5.85
2013-12-04,5.85
2013-12-05,5.9
2013-12-06,5.88
2013-12-09,5.88
2013-12-10,5.96
2013-12-11,5.93
2013-12-12,5.9
2013-12-13,5.96
2013-12-16,5.96
2013-12-17,6.05
2013-12-18,6.03
2013-12-19,5.99
2013-12-20,6.05
2013-12-23,6
2013-12-24,6.08
2013-12-26,6.07
2013-12-27,6.08
2013-12-30,6.06
2013-12-31,6.11
2014-01-02,6.05
2014-01-03,6.06
2014-01-06,6.11
2014-01-07,6.11
2014-01-08,6.07
2014-01-09,6.05
2014-01-10,6.08
2014-01-13,6.07
2014-01-14,6.05
2014-01-15,6.11
2014-01-16,6.13
2014-01-17,6.1
2014-01-21,6.1
2014-01-22,6.11
2014-01-23,6.22
2014-01-24,6.16
2014-01-27,6.14
2014-01-28,6.23
2014-01-29,6.34
2014-01-30,6.31
2014-01-31,6.5
2014-02-03,6.51
2014-02-04,6.59
2014-02-05,6.42
2014-02-06,6.39
2014-02-07,6.43
2014-02-10,6.37
2014-02-11,6.11
2014-02-12,6.54
2014-02-13,6.57
2014-02-14,6.52
2014-02-18,6.54
2014-02-19,6.44
2014-02-20,6.19
2014-02-21,6.07
2014-02-24,6
2014-02-25,5.9
2014-02-26,5.88
2014-02-27,5.8
2014-02-28,5.66
2014-03-03,5.71
2014-03-04,5.7
2014-03-05,5.75
2014-03-06,5.74
2014-03-07,5.78
2014-03-10,5.89
2014-03-11,5.83
2014-03-12,5.89
2014-03-13,5.75
2014-03-14,5.89
2014-03-17,5.78
2014-03-18,5.94
2014-03-19,5.75
2014-03-20,5.78
2014-03-21,5.8
2014-03-24,5.75
2014-03-25,5.75
2014-03-26,5.76
2014-03-27,5.76
2014-03-28,5.76
2014-03-31,5.79
2014-04-01,5.78
2014-04-02,5.8
2014-04-03,5.79
2014-04-04,5.75
2014-04-07,5.75
2014-04-08,5.8
2014-04-09,5.77
2014-04-10,5.75
2014-04-11,5.77
2014-04-14,5.8
2014-04-15,5.66
2014-04-16,5.6
2014-04-17,5.64
2014-04-21,5.63
2014-04-22,5.62
2014-04-23,5.64
2014-04-24,5.6
2014-04-25,5.59
2014-04-28,5.58
2014-04-29,5.56
2014-04-30,5.54
2014-05-01,5.5
2014-05-02,5.53
2014-05-05,5.53
2014-05-06,5.58
2014-05-07,5.53
2014-05-08,5.47
2014-05-09,5.47
2014-05-12,5.6
2014-05-13,5.65
2014-05-14,5.61
2014-05-15,5.6
2014-05-16,5.6
2014-05-19,5.62
2014-05-20,5.62
2014-05-21,5.6
2014-05-22,5.69
2014-05-23,5.73
2014-05-27,5.7
2014-05-28,5.71
2014-05-29,5.74
2014-05-30,5.73
2014-06-02,5.79
2014-06-03,5.83
2014-06-04,5.8
2014-06-05,5.81
2014-06-06,5.83
2014-06-09,5.83
2014-06-10,5.86
2014-06-11,5.83
2014-06-12,5.81
2014-06-13,5.74
2014-06-16,5.7
2014-06-17,5.75
2014-06-18,5.69
2014-06-19,5.67
2014-06-20,5.73
2014-06-23,5.72
2014-06-24,5.64
2014-06-25,5.64
2014-06-26,5.68
2014-06-27,6.5
2014-06-30,6.56
2014-07-01,6.59
2014-07-02,6.59
2014-07-03,6.58
2014-07-07,6.59
2014-07-08,6.65
2014-07-09,6.64
2014-07-10,6.67
2014-07-11,6.7
2014-07-14,6.7
2014-07-15,6.65
2014-07-16,6.66
2014-07-17,6.64
2014-07-18,6.68
2014-07-21,6.66
2014-07-22,6.67
2014-07-23,6.65
2014-07-24,6.63
2014-07-25,5
2014-07-28,4.64
2014-07-29,4.46
2014-07-30,4.46
2014-07-31,4.29
2014-08-01,4.25
2014-08-04,4.27
2014-08-05,4.2
2014-08-06,4.25
2014-08-07,4.31
2014-08-08,4.3
2014-08-11,4.35
2014-08-12,4.3
2014-08-13,4.28
2014-08-14,4.25
2014-08-15,4.2
2014-08-18,4.2
2014-08-19,4.2
2014-08-20,4.11
2014-08-21,4.17
2014-08-22,4.16
2014-08-25,4.12
2014-08-26,4.15
2014-08-27,4.1
2014-08-28,4.1
2014-08-29,4.12
2014-09-02,4.13
2014-09-03,4.11
2014-09-04,4.1
2014-09-05,4.08
2014-09-08,4.03
2014-09-09,4.29
2014-09-10,4.34
2014-09-11,4.14
2014-09-12,4.15
2014-09-15,4.17
2014-09-16,4.11
2014-09-17,4.1
2014-09-18,4.11
2014-09-19,3.89
2014-09-22,3.77
2014-09-23,3.81
2014-09-24,3.75
2014-09-25,3.59
2014-09-26,3.73
2014-09-29,3.67
2014-09-30,3.69
2014-10-01,3.55
2014-10-02,3.59
2014-10-03,3.56
2014-10-06,3.59
2014-10-07,3.6
2014-10-08,3.6
2014-10-09,3.65
2014-10-10,3.62
2014-10-13,3.56
2014-10-14,3.55
2014-10-15,3.56
2014-10-16,3.65
2014-10-17,3.7
2014-10-20,3.94
2014-10-21,3.95
2014-10-22,4.39
2014-10-23,4.52
2014-10-24,4.3
2014-10-27,4.27
2014-10-28,4.29
2014-10-29,4.29
2014-10-30,4.29
2014-10-31,4.32
2014-11-03,4.31
2014-11-04,4.3
2014-11-05,4.31
2014-11-06,4.28
2014-11-07,4.29
2014-11-10,4.44
2014-11-11,4.44
2014-11-12,4.37
2014-11-13,4.35
2014-11-14,4.36
2014-11-17,4.35
2014-11-18,4.34
2014-11-19,4.3
2014-11-20,4.36
2014-11-21,4.4
2014-11-24,4.36
2014-11-25,4.34
2014-11-26,4.31
2014-11-28,4.41
2014-12-01,4.34
2014-12-02,4.29
2014-12-03,4.34
2014-12-04,4.39
2014-12-05,4.39
2014-12-08,4.4
2014-12-09,4.44
2014-12-10,4.5
2014-12-11,4.77
2014-12-12,4.87
2014-12-15,4.63
2014-12-16,4.4
2014-12-17,4.39
2014-12-18,4.44
2014-12-19,4.44
2014-12-22,4.46
2014-12-23,4.44
2014-12-24,4.45
2014-12-26,4.48
2014-12-29,4.58
2014-12-30,4.59
2014-12-31,4.54
2015-01-02,4.5
2015-01-05,4.53
2015-01-06,4.48
2015-01-07,4.5
2015-01-08,4.56
2015-01-09,4.58
2015-01-12,4.61
2015-01-13,4.54
