"Index","EPAX.Open","EPAX.High","EPAX.Low","EPAX.Close","EPAX.Volume"
2007-01-03,30.3,30.83,30.16,30.52,76937
2007-01-04,30.44,30.76,30.03,30.7,61914
2007-01-05,30.5,30.67,28.33,28.51,55398
2007-01-08,28.46,29.06,27.76,28.33,59147
2007-01-09,28.36,28.95,28.12,28.88,45766
2007-01-10,28.53,29.33,28.53,29.18,40511
2007-01-11,29.41,30.33,28.96,29.16,44874
2007-01-12,29.09,29.28,28.46,28.85,33961
2007-01-16,29.02,29.16,27.88,28,173421
2007-01-17,27.83,29.2,27.58,29.02,126085
2007-01-18,28.94,28.94,28.02,28.16,61885
2007-01-19,28.07,28.57,27.81,27.98,40352
2007-01-22,28.05,28.25,27.71,28,32350
2007-01-23,27.92,28.93,27.92,28.07,34771
2007-01-24,28.07,28.74,27.9,28.62,18051
2007-01-25,28.59,28.59,27.76,28.01,41175
2007-01-26,28.06,28.27,27.71,28.05,59501
2007-01-29,27.86,28.54,27.77,28.01,46677
2007-01-30,27.98,28.39,27.88,28.17,117937
2007-01-31,28.07,28.2,27.91,28.03,43203
2007-02-01,28.15,28.18,28,28.1,50997
2007-02-02,28.1,28.1,27.9,28.1,71534
2007-02-05,28.15,28.15,27.9,28,60753
2007-02-06,28.1,28.1,27.95,28.04,105547
2007-02-07,28.1,28.88,27.97,28.83,281415
2007-02-08,28.65,29.71,28.6,29.56,79034
2007-02-09,29.22,29.71,28.02,29.58,160926
2007-02-12,29.56,30.21,29.42,30.16,101573
2007-02-13,30.29,32.23,30.2,31.02,360206
2007-02-14,30.98,31.09,30.35,31,619780
2007-02-15,31.02,31.02,30.4,30.64,225248
2007-02-16,30.64,30.75,30.27,30.4,115483
2007-02-20,30.26,30.96,30,30.77,152845
2007-02-21,30.53,30.83,30.09,30.5,369249
2007-02-22,30.5,31.25,30.01,31.16,265481
2007-02-23,31.13,31.13,30.27,30.68,348482
2007-02-26,30.92,31.52,30.75,31.41,258835
2007-02-27,30.93,31.27,29.9,30.05,400062
2007-02-28,30,30.46,29.54,29.7,324601
2007-03-01,29.38,31.19,29.25,31.11,317282
2007-03-02,31.1,31.2,30.42,31.02,145417
2007-03-05,30.59,31.61,30.48,30.56,218956
2007-03-06,30.97,31.97,30.7,31.54,80605
2007-03-07,31.58,31.84,31,31.16,125790
2007-03-08,31.54,31.87,31,31.87,116513
2007-03-09,32.18,32.38,31.73,32.38,136482
2007-03-12,32.02,33.09,32.02,33.03,151424
2007-03-13,32.64,33.07,32.32,32.74,318315
2007-03-14,32.6,32.76,32,32.56,314344
2007-03-15,32.56,32.8,32.32,32.45,94283
2007-03-16,32.44,33.1,32.08,33.06,264248
2007-03-19,33.02,33.64,32.43,32.95,97371
2007-03-20,32.87,33.04,32.7,33,77979
2007-03-21,32.98,33.55,32.85,33.55,121661
2007-03-22,33.73,33.81,33.19,33.25,87957
2007-03-23,33.18,33.31,32.84,33,90143
2007-03-26,33,33.29,32.6,33.24,46917
2007-03-27,33.07,33.1,32.53,32.83,44071
2007-03-28,32.52,33.2,32.41,33.07,178127
2007-03-29,33.38,33.42,32.91,33.35,53853
2007-03-30,33.43,33.58,32.91,33.24,182285
2007-04-02,33.39,34.26,33.32,34.2,61289
2007-04-03,34.29,34.36,33.57,33.94,64188
2007-04-04,33.79,34.08,33.31,33.66,49857
2007-04-05,33.59,33.97,33.34,33.39,34754
2007-04-09,33.42,34.47,33.01,34.17,51897
2007-04-10,34.3,34.39,33.58,33.6,46739
2007-04-11,33.74,33.89,33.07,33.24,118242
2007-04-12,33.09,33.37,33.09,33.27,87842
2007-04-13,33.22,33.3,32.98,33.2,184224
2007-04-16,33.41,34.42,33.38,34.35,102913
2007-04-17,34.3,34.53,33.85,34.14,138867
2007-04-18,33.93,34,33.67,33.82,96345
2007-04-19,33.77,33.77,33.1,33.5,99228
2007-04-20,33.65,34.19,33.65,34.18,107390
2007-04-23,33.98,34.26,33.71,34.04,84698
2007-04-24,34.02,34.02,32.8,33.41,107063
2007-04-25,33.55,33.78,33.21,33.37,60573
2007-04-26,33.42,33.72,32.78,33.69,80591
2007-04-27,33.66,33.79,32.71,33.49,53672
2007-04-30,33.47,34.23,32.84,33.52,109188
2007-05-01,33.47,34.24,32.98,33.55,78392
2007-05-02,33.55,34.88,33.3,34.65,61504
2007-05-03,34.52,34.59,33.6,33.72,94788
2007-05-04,33.74,34.46,33.63,34.41,81197
2007-05-07,34.41,34.41,33.35,33.48,87291
2007-05-08,33.26,33.89,32.79,33.89,76260
2007-05-09,33.67,33.98,33.4,33.85,80314
2007-05-10,33.75,33.9,32.91,33,67152
2007-05-11,33.19,33.77,32.64,33.36,50940
2007-05-14,33.27,33.4,32.83,32.98,102004
2007-05-15,32.88,33.5,32.59,32.61,68957
2007-05-16,32.78,33.07,32.36,32.55,55990
2007-05-17,32.53,32.9,32.39,32.51,87877
2007-05-18,32.53,33.33,32.37,33.33,83964
2007-05-21,33.22,33.89,33.17,33.4,52176
2007-05-22,33.31,33.75,33.19,33.51,111325
2007-05-23,33.43,33.55,32.86,33.12,66322
2007-05-24,33.15,33.5,32.98,33.43,132172
2007-05-25,33.5,34.35,33.4,33.56,129043
2007-05-29,33.73,34.1,33.63,34.04,81682
2007-05-30,33.74,33.9,33.61,33.9,93554
2007-05-31,34.03,34.8,34.03,34.28,60591
2007-06-01,34.48,34.75,34.34,34.69,164167
2007-06-04,34.5,34.68,33.82,34.63,93750
2007-06-05,34.64,34.67,33.05,33.29,57494
2007-06-06,33.08,33.48,32.93,33.2,46587
2007-06-07,33.15,33.49,32.75,32.97,73840
2007-06-08,33,33.68,33,33.64,40042
2007-06-11,33.48,33.58,33.05,33.43,62342
2007-06-12,33.18,33.45,33,33.32,108493
2007-06-13,33.41,33.85,33.18,33.77,42698
2007-06-14,33.91,34,33,33,105902
2007-06-15,33.63,34.26,33.24,33.96,147099
2007-06-18,33.93,34.4,33.56,33.6,50108
2007-06-19,33.41,34.22,33.15,34.1,51994
2007-06-20,34.25,34.5,33.9,34.06,61918
2007-06-21,33.86,34.4,33.63,34.09,113307
2007-06-22,34.15,34.94,33.87,34.53,615399
2007-06-25,34.4,35.47,34.03,34.27,112507
2007-06-26,34.52,35.28,34.39,34.7,187355
2007-06-27,34.46,35.25,33.99,35.2,153724
2007-06-28,35.2,35.45,34.96,35.19,52981
2007-06-29,35.19,35.88,35.15,35.53,78924
2007-07-02,35.77,35.99,35.16,35.65,98309
2007-07-03,35.75,35.96,35.2,35.31,22007
2007-07-05,35.41,36.24,35.32,36.17,57657
2007-07-06,36.09,36.42,35.55,35.66,31913
2007-07-09,35.61,35.94,35.45,35.91,58047
2007-07-10,35.61,35.8,35.18,35.41,67243
2007-07-11,35.58,35.87,35.22,35.86,56826
2007-07-12,36.02,36.67,35.78,36.55,60903
2007-07-13,36.54,36.54,36.03,36.43,50589
2007-07-16,36.44,37.95,36.44,36.88,143055
2007-07-17,37.02,37.28,36.5,36.55,166353
2007-07-18,36.34,36.41,35.1,35.6,290133
2007-07-19,35.39,36.06,35.37,35.42,47446
2007-07-20,35.34,35.55,34.19,34.38,125978
2007-07-23,34.24,35.04,33.66,34.02,396861
2007-07-24,34.91,39.59,34.73,36.25,440114
2007-07-25,36.6,38,36.59,37.28,351332
2007-07-26,36.85,37.37,35.56,36.53,266359
2007-07-27,36.13,37.2,35.82,36.5,172221
2007-07-30,36.55,37.84,36.36,37.54,138246
2007-07-31,37.83,38.9,37.05,38.69,391994
2007-08-01,38.58,39.5,38.03,38.94,293495
2007-08-02,39.25,39.86,38.92,39.65,274286
2007-08-03,39.59,40.25,38.38,38.48,168219
2007-08-06,38.72,39.48,38.18,39,115405
2007-08-07,38.71,39.9,38.18,39.34,143704
2007-08-08,39.75,39.78,37.49,38.54,281364
2007-08-09,38,38.16,36.57,37.12,507823
2007-08-10,36.57,39.09,36.51,38.24,234126
2007-08-13,38.91,39.54,38.5,38.93,259323
2007-08-14,39.16,39.29,38.04,38.43,150026
2007-08-15,38.26,39.02,38.26,38.64,145620
2007-08-16,38.37,39,37.14,37.49,185055
2007-08-17,38.29,39.02,37.54,37.98,132758
2007-08-20,38.22,38.78,37.14,37.57,115158
2007-08-21,37.58,38.38,37.25,37.94,67725
2007-08-22,38.31,39,38.3,38.76,70606
2007-08-23,38.98,39,38.49,38.78,95588
2007-08-24,38.72,39.05,38.53,39.02,92073
2007-08-27,38.82,39.2,38.45,38.61,56221
2007-08-28,38.51,39.05,38.08,38.76,75704
2007-08-29,38.9,39.45,38.69,38.85,75748
2007-08-30,38.61,39,38.12,38.47,98872
2007-08-31,39,39.27,38.54,38.77,73107
2007-09-04,38.68,39.01,38.49,38.7,136468
2007-09-05,38.58,38.86,38.34,38.79,131804
2007-09-06,38.84,38.86,37.69,38.46,130157
2007-09-07,37.96,38.78,37.84,37.9,67109
2007-09-10,38.06,38.08,37.11,37.78,43009
2007-09-11,38,38.08,37.8,38.01,173747
2007-09-12,38,38.15,37.67,37.78,54164
2007-09-13,37.91,38.25,36.87,37.29,60362
2007-09-14,36.98,37.87,36.51,37.38,71011
2007-09-17,37.23,37.46,37.07,37.26,222292
2007-09-18,37.39,38.1,36.9,38.1,75733
2007-09-19,38.34,38.95,37.96,38.92,56393
2007-09-20,38.96,38.96,38.17,38.31,40041
2007-09-21,38.67,38.67,37.52,38.33,94029
2007-09-24,38.25,39.07,38.15,38.33,43869
2007-09-25,38.16,38.38,37.48,38.04,53439
2007-09-26,38.2,38.95,37.81,38.7,48068
2007-09-27,38.8,38.8,37.75,38.6,56755
2007-09-28,38.49,38.74,37.68,38.1,58594
2007-10-01,38.16,38.45,37.95,38.22,87761
2007-10-02,38.34,38.79,37.46,38.2,114849
2007-10-03,38.02,38.71,37.78,38.53,78873
2007-10-04,38.7,38.7,38.07,38.47,139191
2007-10-05,38.68,38.68,38.16,38.63,116660
2007-10-08,38.62,39,38.4,38.5,109146
2007-10-09,38.53,39.14,38.53,39,117567
2007-10-10,38.99,41.08,38.86,40.92,95434
2007-10-11,40.99,40.99,39.93,40.13,68907
2007-10-12,40.11,40.78,40.02,40.55,69800
2007-10-15,40.69,40.69,39.62,40.05,115443
2007-10-16,40.02,40.6,40,40.39,74372
2007-10-17,40.61,41.05,40.27,40.85,81599
2007-10-18,40.69,41,40.37,40.99,73899
2007-10-19,41,41,39.03,39.21,73209
2007-10-22,38.61,40.02,38.35,39.95,65886
2007-10-23,30,30,21.55,22.22,4202643
2007-10-24,22.5,22.64,20.95,21.03,1161139
2007-10-25,21.01,21.22,19,19,1275259
2007-10-26,19.23,20.05,18.75,19.03,502853
2007-10-29,19.2,19.28,18.35,18.38,553555
2007-10-30,18.47,18.8,17.78,17.82,446256
2007-10-31,17.85,18.39,17.77,18.17,321574
2007-11-01,18,18.18,17.81,17.92,332362
2007-11-02,18.35,19.17,17.75,18.21,507383
2007-11-05,18.15,18.23,17.84,18.01,308088
2007-11-06,18.1,18.1,17.15,17.5,369658
2007-11-07,17.34,17.48,16.8,17.09,312766
2007-11-08,17.21,17.27,16.9,17.11,244530
2007-11-09,17.2,17.53,17.03,17.23,274829
2007-11-12,17.28,17.87,17.11,17.24,261097
2007-11-13,17.38,17.81,17.24,17.59,167612
2007-11-14,17.43,17.48,17.11,17.27,347774
2007-11-15,17.2,17.97,17.19,17.59,586275
2007-11-16,17.68,18.65,17.67,18.61,420253
2007-11-19,18.38,18.55,17.76,18.51,309992
2007-11-20,18.47,19.1,18.3,18.67,497353
2007-11-21,18.68,18.86,18.27,18.45,243019
2007-11-23,18.45,19.49,18.44,19.23,125145
2007-11-26,19.18,19.25,18.5,18.69,181599
2007-11-27,18.69,18.87,18.15,18.37,231448
2007-11-28,18.48,18.71,18.2,18.61,345530
2007-11-29,18.52,18.7,18.29,18.47,107638
2007-11-30,18.84,19.08,18.17,18.34,313743
2007-12-03,18.26,18.71,17.95,17.99,201843
2007-12-04,18,18.45,17.77,18.3,161905
2007-12-05,18.21,18.76,18,18.66,173401
2007-12-06,18.58,18.97,18.14,18.97,231752
2007-12-07,18.85,19.19,18.72,19.04,144645
2007-12-10,19.05,19.23,18.73,18.98,148650
2007-12-11,19,19.05,18.11,18.22,134023
2007-12-12,18.45,18.82,18.1,18.2,185375
2007-12-13,18.21,18.5,18.21,18.47,123194
2007-12-14,18.35,18.5,17.64,17.67,210684
2007-12-17,17.59,18.16,17.17,17.2,438727
2007-12-18,17.44,17.63,17.19,17.56,387064
2007-12-19,17.56,17.83,17.32,17.5,190818
2007-12-20,17.65,17.97,17.44,17.95,175410
2007-12-21,18.21,18.27,17.69,17.82,270455
2007-12-24,17.9,18.13,17.55,17.72,87929
2007-12-26,17.73,18.5,17.65,18.06,171723
2007-12-27,18.09,18.46,18.01,18.18,149522
2007-12-28,18.26,18.79,18.2,18.43,173496
2007-12-31,18.45,18.62,18,18.31,137753
2008-01-02,18.36,18.57,17.85,17.95,140903
2008-01-03,17.92,18.17,17.66,17.72,147026
2008-01-04,17.59,17.8,16.72,16.74,245292
2008-01-07,16.81,17.24,16.72,16.95,184603
2008-01-08,17.04,17.18,16.6,16.68,166155
2008-01-09,16.76,17.13,16.4,17.1,305487
2008-01-10,16.68,17.64,16.68,17.4,135940
2008-01-11,17.26,17.32,16.7,16.7,136662
2008-01-14,16.89,17.44,16.75,16.9,113077
2008-01-15,16.73,17.12,16.72,16.74,135436
2008-01-16,16.71,17.5,16.71,17.19,136526
2008-01-17,17.22,17.5,16.75,17.01,105694
2008-01-18,17,17.26,16.7,16.9,211441
2008-01-22,16.5,17.22,16.5,16.77,180609
2008-01-23,16.75,17,16.6,16.89,382070
2008-01-24,17.02,17.26,16.85,17.14,291495
2008-01-25,17.4,17.4,17.03,17.24,183118
2008-01-28,17.24,17.4,17.08,17.38,179607
2008-01-29,17.5,17.71,17.05,17.68,223976
2008-01-30,17.59,18.24,17.53,17.8,86204
2008-01-31,17.59,18.56,17.5,18.49,81093
2008-02-01,18.6,19.16,18,19.09,108845
2008-02-04,19.03,19.11,18.1,18.31,137815
2008-02-05,18.12,18.53,18.01,18.08,73775
2008-02-06,18.31,18.31,17.66,17.71,82938
2008-02-07,17.71,19.82,17.71,18.79,453855
2008-02-08,18.85,19.52,18.6,19.41,385032
2008-02-11,19.46,19.65,19.1,19.23,207124
2008-02-12,19.37,19.68,19.27,19.47,122270
2008-02-13,19.7,20.8,19.59,20.68,96102
2008-02-14,20.69,20.69,19.39,19.51,75468
2008-02-15,19.41,19.46,18.94,19.16,87219
2008-02-19,19.41,19.5,19.02,19.44,100993
2008-02-20,19.31,19.47,19.04,19.35,73667
2008-02-21,19.47,19.62,19.02,19.15,126137
2008-02-22,19.14,19.19,18.53,18.97,85216
2008-02-25,18.94,19.27,18.35,19.04,90049
2008-02-26,18.95,19.35,18.91,19.06,85817
2008-02-27,18.91,19.55,18.85,18.95,88212
2008-02-28,18.76,19.08,18.14,18.45,112798
2008-02-29,18.23,18.23,17.68,17.94,128034
2008-03-03,17.87,18.2,17.65,17.75,94800
2008-03-04,17.62,18,17.08,17.63,94987
2008-03-05,17.72,17.86,17.34,17.82,67982
2008-03-06,17.76,18.71,17.23,17.94,117622
2008-03-07,17.81,18.58,17.81,18.16,116625
2008-03-10,18.22,18.27,17.34,17.39,65592
2008-03-11,17.91,19.33,17.72,19.33,143790
2008-03-12,19.4,19.76,17.77,17.87,190660
2008-03-13,17.75,18.5,17.6,18.34,165331
2008-03-14,18.46,18.65,17.34,17.78,68871
2008-03-17,17.36,18.03,17.26,17.67,87537
2008-03-18,17.97,18.82,17.66,18.77,81017
2008-03-19,18.87,19.65,18.56,18.62,105346
2008-03-20,18.85,19.14,18.62,19.03,240681
2008-03-24,19.06,19.95,18.98,19.82,81516
2008-03-25,19.86,20.11,19.01,19.94,43760
2008-03-26,19.85,20,19.25,19.67,46911
2008-03-27,19.77,19.93,19.25,19.38,36453
2008-03-28,19.54,19.71,18.89,18.97,50961
2008-03-31,19.04,19.53,18.86,18.89,74276
2008-04-01,19.81,20.38,18.76,19.86,153927
2008-04-02,19.81,20.2,18.68,18.89,103627
2008-04-03,18.78,18.88,18.2,18.45,147456
2008-04-04,18.49,18.69,18.34,18.49,50714
2008-04-07,18.58,18.94,18.32,18.65,44690
2008-04-08,18.49,18.72,18,18.26,92442
2008-04-09,18.32,18.48,17.73,17.88,201784
2008-04-10,17.79,18.3,17.79,18.17,46801
2008-04-11,17.92,17.92,17.27,17.33,103648
2008-04-14,17.36,17.6,17.23,17.25,40164
2008-04-15,17.33,17.99,17.33,17.97,78168
2008-04-16,18.15,18.91,18,18.66,72557
2008-04-17,18.54,18.54,18.07,18.12,47568
2008-04-18,18.53,18.77,18.23,18.43,78757
2008-04-21,18.23,18.49,17.9,17.98,69825
2008-04-22,17.79,18.14,17.57,17.61,159276
2008-04-23,17.56,18.8,17,18.69,134830
2008-04-24,18.7,19.62,18.7,19.49,140004
2008-04-25,19.61,19.99,19.12,19.87,71235
2008-04-28,19.79,19.95,19.41,19.46,59003
2008-04-29,19.59,19.95,19.01,19.37,159652
2008-04-30,19.39,20.15,19.26,19.46,179532
2008-05-01,19.49,20.2,19.48,20,107630
2008-05-02,20.24,20.42,19.61,19.83,72174
2008-05-05,19.8,19.8,19,19.54,49456
2008-05-06,19.38,19.72,19.17,19.6,49608
2008-05-07,19.65,19.84,18.65,18.75,47685
2008-05-08,18.79,19.08,18.06,18.41,61348
2008-05-09,18.21,18.65,18.17,18.57,35160
2008-05-12,18.63,19.7,18.57,19.66,63342
2008-05-13,19.69,19.71,18.75,19.04,58759
2008-05-14,19.07,19.53,19.02,19.25,39009
2008-05-15,19.23,19.65,18.42,18.61,46756
2008-05-16,18.75,19.4,18.48,19.08,59849
2008-05-19,19.03,19.42,18.85,19.12,87703
2008-05-20,19,19.21,18.73,18.85,48617
2008-05-21,18.9,18.92,18.25,18.31,50434
2008-05-22,18.28,18.88,18.1,18.88,45432
2008-05-23,18.74,18.9,17.84,17.98,46772
2008-05-27,18.03,18.55,17.76,18.38,53585
2008-05-28,18.45,18.59,18.15,18.45,77644
2008-05-29,18.43,19.35,18.07,19,120833
2008-05-30,19.02,19.02,18.25,18.56,86023
2008-06-02,18.47,18.94,17.64,18.04,84273
2008-06-03,18.15,18.49,18.03,18.1,85725
2008-06-04,17.96,18.63,17.87,18,142176
2008-06-05,18.02,18.77,17.94,18.59,89352
2008-06-06,18.43,18.76,17.76,17.76,46215
2008-06-09,17.8,18.15,17.41,17.51,67494
2008-06-10,17.27,18.06,17.17,17.97,312286
2008-06-11,17.89,18.24,17.34,17.37,72360
2008-06-12,17.52,18.13,17.51,17.64,40720
2008-06-13,17.87,17.92,17.46,17.82,93707
2008-06-16,17.78,18.04,17.46,17.94,41885
2008-06-17,17.99,17.99,17.21,17.23,115950
2008-06-18,17.08,17.27,16.73,17.02,90206
2008-06-19,17.01,17.82,16.57,17.82,84453
2008-06-20,17.68,17.81,16.8,17.11,277969
2008-06-23,17.39,17.7,17.18,17.47,82976
2008-06-24,17.29,17.5,16.85,17.05,78037
2008-06-25,17.06,17.55,16.88,17.11,126340
2008-06-26,16.88,16.92,16.16,16.25,99348
2008-06-27,16.25,16.25,15.6,15.61,615212
2008-06-30,15.54,15.64,14.9,14.92,131153
2008-07-01,14.75,14.95,14.42,14.67,339986
2008-07-02,14.43,14.99,14.29,14.3,256257
2008-07-03,14.35,14.44,14.05,14.36,100216
2008-07-07,14.47,14.81,13.74,13.86,212166
2008-07-08,13.6,13.77,13.31,13.6,352088
2008-07-09,13.63,13.98,13.5,13.75,170810
2008-07-10,13.7,14.06,13.67,13.87,136099
2008-07-11,13.77,14.37,13.43,14.36,173085
2008-07-14,14.52,14.55,13.86,14.13,84331
2008-07-15,13.94,14.24,13.57,13.82,120936
2008-07-16,13.9,14.78,13.75,14.63,149009
2008-07-17,14.72,14.88,14.41,14.55,148539
2008-07-18,14.4,14.78,14.13,14.31,111887
2008-07-21,14.39,14.87,14.32,14.36,65416
2008-07-22,14.13,14.82,14.13,14.57,146690
2008-07-23,14.22,19.9,14.18,18.52,585350
2008-07-24,18.61,18.61,15.5,15.82,290483
2008-07-25,15.98,16.29,15.26,15.38,161924
2008-07-28,15.28,15.32,14.85,15.22,122416
2008-07-29,15.24,16.38,15.16,16.09,103922
2008-07-30,16.22,16.5,15.37,15.76,75430
2008-07-31,15.56,16.43,15.47,15.55,86915
2008-08-01,15.55,15.81,15.02,15.13,102935
2008-08-04,15.09,15.77,14.65,15,199842
2008-08-05,15.2,16.88,14.94,16.87,148706
2008-08-06,16.84,17.42,16.05,17.35,130968
2008-08-07,17.18,17.55,16.77,16.87,96055
2008-08-08,16.82,18.5,16.73,18.28,75437
2008-08-11,18.24,19.16,17.51,18.65,115316
2008-08-12,18.55,19.36,17.99,18.24,119790
2008-08-13,18.19,18.89,17.54,18.08,73106
2008-08-14,17.95,18.83,17.7,18.82,67660
2008-08-15,19.04,19.72,18.6,18.97,115508
2008-08-18,19.06,19.06,18.12,18.26,82282
2008-08-19,18.06,18.61,17.55,17.69,93329
2008-08-20,17.73,18.29,17.71,17.98,61562
2008-08-21,17.82,18.06,17.56,17.74,61496
2008-08-22,17.85,19,17.79,18.82,69382
2008-08-25,18.74,18.74,16.17,16.21,116869
2008-08-26,16.22,16.88,15.42,15.58,95248
2008-08-27,15.61,17.02,15.5,16.71,90298
2008-08-28,16.83,17.6,16.35,17.48,65970
2008-08-29,17.41,17.41,16.61,16.92,44114
2008-09-02,17.27,17.89,16.23,16.61,59349
2008-09-03,16.64,17.41,16.43,17.19,66104
2008-09-04,17.03,17.3,16,16.25,165117
2008-09-05,16.12,16.88,15.9,16.54,90166
2008-09-08,17.27,17.95,17.05,17.9,129792
2008-09-09,17.98,17.99,16.99,16.99,89631
2008-09-10,17.39,17.45,16.4,17.18,101887
2008-09-11,16.84,17.57,16.84,17.48,92558
2008-09-12,17.28,17.28,16.63,16.84,48828
2008-09-15,16.35,17.16,15.97,15.99,72958
2008-09-16,16.48,17.83,16.24,17.61,141870
2008-09-17,17.31,17.36,16.44,16.67,129529
2008-09-18,17.17,19.53,16.6,18.68,291295
2008-09-19,19.99,19.99,18.11,19,390466
2008-09-22,18.03,18.16,16.61,16.92,131210
2008-09-23,16.89,18.48,16.53,16.56,75828
2008-09-24,16.62,17.58,15.92,16,56232
2008-09-25,16.32,16.32,15.75,16.06,91589
2008-09-26,15.8,16.94,15.76,16.81,74333
2008-09-29,16.37,16.75,15.95,15.97,67898
2008-09-30,16.27,16.35,15.8,15.91,81448
2008-10-01,15.64,16.35,15.23,15.26,80638
2008-10-02,15.07,15.31,13.96,14.12,92352
2008-10-03,14.47,14.47,13.06,13.09,120210
2008-10-06,12.87,13.28,12.25,13.07,98843
2008-10-07,12.53,13.55,12,12.1,146372
2008-10-08,11.77,12.49,11.19,11.77,164021
2008-10-09,11.98,12.12,10.67,10.82,103553
2008-10-10,10.07,12.37,9.77,11.93,172125
2008-10-13,12.68,13.88,12.5,13.27,170197
2008-10-14,14.1,14.1,11.52,11.95,98175
2008-10-15,11.67,12.43,9.92,9.92,110484
2008-10-16,10.01,11.81,9.73,11.61,126955
2008-10-17,11.09,11.95,10.43,10.43,240523
2008-10-20,10.56,10.95,10.24,10.69,242540
2008-10-21,10.5,10.95,9.81,9.92,297107
2008-10-22,9.63,10.18,9.63,9.95,137838
2008-10-23,10.04,10.89,9.8,10.39,80311
2008-10-24,9.4,10.13,9.4,9.78,56298
2008-10-27,9.63,10.1,8.91,8.92,107920
2008-10-28,8.92,9.95,8.25,9.88,128061
2008-10-29,10.13,10.87,9.02,9.5,214867
2008-10-30,9.89,10.27,9.53,9.87,103652
2008-10-31,9.8,10.6,9.57,10.44,141319
2008-11-03,10.42,10.85,9.87,10.12,82128
2008-11-04,10.34,10.41,9.46,9.56,87957
2008-11-05,9.4,9.83,8.55,8.68,171668
2008-11-06,8.61,9.29,8.61,8.77,118796
2008-11-07,8.78,9.24,8.57,8.97,86445
2008-11-10,9.24,9.24,8.48,8.59,98768
2008-11-11,8.52,9.06,8.22,8.63,152161
2008-11-12,8.45,8.61,8.01,8.1,92978
2008-11-13,8.15,9.28,7.42,9.19,148490
2008-11-14,9.01,9.12,8.4,8.4,115758
2008-11-17,8.32,8.85,8.02,8.62,91275
2008-11-18,8.64,8.83,8.35,8.69,139387
2008-11-19,8.69,8.86,8.3,8.31,104964
2008-11-20,8.23,8.88,8.07,8.35,166290
2008-11-21,8.53,8.53,7.63,8.01,179836
2008-11-24,7.94,8.84,7.92,8.45,151420
2008-11-25,8.58,8.76,8.06,8.6,118611
2008-11-26,8.33,9.21,8.33,9.17,108776
2008-11-28,9.04,9.15,8.59,9.06,35037
2008-12-01,8.7,9.1,8.02,8.03,143996
2008-12-02,8.27,8.59,8.16,8.54,114962
2008-12-03,8.26,8.82,8.09,8.46,124136
2008-12-04,8.33,8.69,8.15,8.43,147891
2008-12-05,8.23,8.59,8.04,8.59,171757
2008-12-08,8.81,9.4,8.56,9.4,179713
2008-12-09,9.25,9.58,8.83,9.16,171003
2008-12-10,9.26,9.36,8.86,9.14,94122
2008-12-11,8.97,9.18,8.41,8.54,92366
2008-12-12,8.27,8.8,8.27,8.68,140190
2008-12-15,8.74,8.87,8.14,8.25,89489
2008-12-16,8.39,9.01,8.39,9.01,105658
2008-12-17,8.93,9.32,8.55,9.2,96158
2008-12-18,9.01,9.32,8.57,8.91,109033
2008-12-19,9.14,9.8,8.66,9.43,152530
2008-12-22,9.44,9.58,8.72,9.35,93769
2008-12-23,9.38,9.6,9,9.03,43243
2008-12-24,9.05,9.31,9.05,9.13,14065
2008-12-26,9.2,9.44,9.18,9.25,18189
2008-12-29,9.24,9.45,8.96,9.08,98896
2008-12-30,9.17,9.25,8.88,9,54519
2008-12-31,9.04,9.36,8.76,9.2,88957
2009-01-02,9.24,9.89,9.02,9.77,274855
2009-01-05,9.76,10.49,9.2,10.39,130174
2009-01-06,10.47,10.77,10.42,10.5,76041
2009-01-07,10.29,10.55,10.02,10.34,72242
2009-01-08,10.32,11.47,10.16,10.89,219438
2009-01-09,10.72,10.72,9.54,9.54,143075
2009-01-12,9.55,9.68,9.05,9.07,53793
2009-01-13,9.02,9.13,8.66,8.79,51432
2009-01-14,8.6,8.78,7.95,8.22,108675
2009-01-15,8.22,9.16,7.86,9.15,121375
2009-01-16,9.02,9.36,8.61,8.94,104995
2009-01-20,8.81,8.87,8.38,8.55,57818
2009-01-21,8.6,9.24,8.33,9.21,56261
2009-01-22,8.97,9.43,8.74,9.17,42931
2009-01-23,8.85,9.39,8.83,9.26,49551
2009-01-26,9.25,10.48,9.21,9.5,349366
2009-01-27,9.57,9.68,9.46,9.59,51694
2009-01-28,9.76,10,9.75,9.96,55346
2009-01-29,9.85,9.9,8.64,8.76,70303
2009-01-30,8.9,9.17,8.25,8.27,44376
2009-02-02,8.16,8.73,8.11,8.24,70864
2009-02-03,8.3,9.46,8.3,9.44,54726
2009-02-04,9.4,9.63,8.91,9.07,84745
2009-02-05,9.02,9.24,8.47,9.03,49026
2009-02-06,8.99,9.17,8.69,8.92,71258
2009-02-09,8.83,9.22,8.67,8.81,57823
2009-02-10,8.77,8.89,8.18,8.24,96631
2009-02-11,8.27,8.39,8.17,8.26,63385
2009-02-12,8.07,8.34,7.96,8.3,49407
2009-02-13,8.28,8.38,7.83,8.03,47698
2009-02-17,7.82,8,7.63,7.63,39837
2009-02-18,7.69,7.82,7.42,7.75,82642
2009-02-19,7.84,7.9,7.62,7.75,46893
2009-02-20,7.61,7.8,7.55,7.59,51979
2009-02-23,7.65,7.7,7.17,7.19,42771
2009-02-24,7.3,7.68,7.18,7.59,67322
2009-02-25,7.55,7.55,6.9,7.17,74748
2009-02-26,7.27,7.47,6.98,7.04,74775
2009-02-27,6.93,7.82,6.8,7.55,124321
2009-03-02,7.38,7.65,7.14,7.14,75457
2009-03-03,7.27,7.6,7.14,7.16,77193
2009-03-04,7.3,7.6,7.02,7.45,61260
2009-03-05,7.25,7.39,6.75,6.76,55516
2009-03-06,6.84,6.84,6.39,6.72,47597
2009-03-09,6.65,6.98,6.2,6.27,43059
2009-03-10,6.43,6.99,6.3,6.98,73997
2009-03-11,7.01,7.53,6.74,6.75,37068
2009-03-12,6.69,7.75,6.52,7.73,79354
2009-03-13,7.74,7.8,7.34,7.38,51230
2009-03-16,7.45,7.62,6.96,6.99,46906
2009-03-17,6.99,7.22,6.78,7.22,76771
2009-03-18,7.14,8.86,7.14,8.58,71143
2009-03-19,8.7,8.96,8.42,8.92,26158
2009-03-20,9.03,9.22,8.64,8.91,106387
2009-03-23,8.94,9.56,8.43,9.56,112351
2009-03-24,9.12,9.55,7.81,7.82,60227
2009-03-25,7.92,8.37,7.49,8.21,52990
2009-03-26,8.34,9.09,8.06,9.09,49033
2009-03-27,8.9,9.32,8.38,8.38,36061
2009-03-30,8.11,8.44,7.59,8.35,36985
2009-03-31,8.46,8.54,7.91,8.12,64252
2009-04-01,7.96,8.49,7.56,8.39,30428
2009-04-02,8.55,9.28,8.3,8.91,92833
2009-04-03,8.91,9.78,8.82,9.64,41782
2009-04-06,9.45,9.72,9.09,9.69,41594
2009-04-07,9.49,9.72,8.64,8.66,53903
2009-04-08,8.77,9.48,8.6,9.48,33850
2009-04-09,9.6,10,9.56,9.88,61513
2009-04-13,9.57,9.95,9.1,9.65,26856
2009-04-14,9.43,9.79,9.11,9.54,60699
2009-04-15,9.43,10.12,9.43,10.11,45220
2009-04-16,10.21,10.32,9.82,10.26,52452
2009-04-17,10.3,10.3,9.88,10.15,72364
2009-04-20,9.84,9.84,9.05,9.32,87981
2009-04-21,9.3,10.2,9.3,10.17,52360
2009-04-22,9.94,10.91,9.94,10.3,85294
2009-04-23,10.28,10.44,9.28,10.05,65210
2009-04-24,10.1,11,10.1,10.49,81861
2009-04-27,10.26,10.53,10.03,10.5,157383
2009-04-28,10.34,11.75,10.34,11.08,51911
2009-04-29,11.17,11.36,10.26,10.5,85598
2009-04-30,10.58,12.61,10.58,12.2,75920
2009-05-01,12.18,12.18,10.82,11.12,65649
2009-05-04,11.2,11.4,10.7,11.37,112478
2009-05-05,11.25,11.75,11.02,11.11,46018
2009-05-06,11.3,11.52,10.85,11.07,44411
2009-05-07,11.3,11.3,10.39,10.87,57730
2009-05-08,11.05,11.91,11.03,11.54,38363
2009-05-11,11.26,11.43,10.97,11.26,40690
2009-05-12,11.37,11.43,10.54,10.87,40268
2009-05-13,10.63,10.73,10.01,10.1,60812
2009-05-14,10.19,10.96,9.81,10.53,51260
2009-05-15,10.6,11.17,10.42,10.56,38788
2009-05-18,10.7,11.62,10.7,11.52,38153
2009-05-19,11.73,11.76,11.1,11.2,34827
2009-05-20,11.54,11.83,11.1,11.19,46867
2009-05-21,10.98,11.34,10.98,11.16,37697
2009-05-22,11.21,11.62,11.07,11.11,19259
2009-05-26,10.99,12.35,10.99,12.16,57220
2009-05-27,12.09,12.23,11.82,11.92,41802
2009-05-28,12.03,12.35,11.41,11.9,49968
2009-05-29,11.98,12.35,11.6,12.33,104087
2009-06-01,12.56,13.05,12.33,12.99,72071
2009-06-02,12.87,13.39,12.41,13.19,71476
2009-06-03,13.01,13.21,12.76,13.21,39800
2009-06-04,13.24,13.64,13.15,13.53,34449
2009-06-05,13.64,13.91,13.14,13.6,46593
2009-06-08,13.59,13.96,13.45,13.64,42013
2009-06-09,13.71,13.93,13.31,13.32,29603
2009-06-10,13.5,13.5,11.89,12.1,63311
2009-06-11,12,12.5,11.97,12.38,54724
2009-06-12,12.46,13.01,12.21,12.99,55627
2009-06-15,12.65,12.74,11.5,11.84,53013
2009-06-16,12.09,12.2,11.19,11.21,45442
2009-06-17,11.25,12.71,11.24,12.62,40364
2009-06-18,12.56,12.71,12.32,12.66,14137
2009-06-19,12.87,13.15,12.29,12.52,93266
2009-06-22,12.38,12.55,11.19,11.21,66082
2009-06-23,11.35,12.91,11.19,12.53,57162
2009-06-24,12.65,13.19,12.29,12.58,74476
2009-06-25,12.42,14,12.42,13.68,68027
2009-06-26,13.62,13.97,13.08,13.89,180021
2009-06-29,13.9,14.01,13.26,13.39,37310
2009-06-30,13.44,14.06,13.16,13.77,48417
2009-07-01,13.93,14.13,13.79,13.92,56641
2009-07-02,13.67,13.67,12.83,12.9,57800
2009-07-06,12.79,13.1,12.45,12.73,48698
2009-07-07,12.7,12.99,12.45,12.46,33965
2009-07-08,12.57,12.83,12.1,12.49,52069
2009-07-09,12.62,12.8,12.26,12.29,39543
2009-07-10,12.67,12.67,12.21,12.31,18408
2009-07-13,12.31,12.43,12.17,12.28,107768
2009-07-14,12.28,12.3,12.15,12.19,68896
2009-07-15,12.01,13.22,12.01,13.18,56310
2009-07-16,13.76,14.3,13.42,14,71167
2009-07-17,14.05,14.05,13.14,13.33,66429
2009-07-20,13.45,14.2,13.14,14.1,30006
2009-07-21,14.24,14.36,13.75,14.27,47205
2009-07-22,14.27,14.54,14.27,14.44,51584
2009-07-23,15,15.29,15,15.1,109706
2009-07-24,15.1,15.15,14.5,14.76,84901
2009-07-27,14.86,15.21,14.57,15.2,50046
2009-07-28,15.03,15.42,14.81,15.15,56482
2009-07-29,15.03,15.24,14.31,14.48,67815
2009-07-30,14.86,15.5,14.25,15.19,79499
2009-07-31,15.07,15.96,15.07,15.49,85131
2009-08-03,15.83,16.43,15.65,16.35,84836
2009-08-04,16.15,16.87,16.1,16.64,60940
2009-08-05,16.6,16.79,16.32,16.74,57297
2009-08-06,16.7,16.7,14.92,14.95,92205
2009-08-07,15.83,15.95,15.35,15.86,107673
2009-08-10,15.85,16.31,15.75,16.13,50924
2009-08-11,16.07,16.54,16,16.09,39605
2009-08-12,16.16,16.7,16.04,16.35,73810
2009-08-13,16.52,16.81,16.07,16.14,47747
2009-08-14,16.14,16.5,15.34,15.64,57867
2009-08-17,15.29,15.31,14.98,15.23,67139
2009-08-18,15.39,16.65,15.39,16.36,55764
2009-08-19,16.14,16.68,15.55,16.58,35867
2009-08-20,16.58,16.68,16.2,16.42,42583
2009-08-21,16.67,17.02,16.41,16.95,86839
2009-08-24,17,17.29,16.73,16.98,30597
2009-08-25,17.04,17.2,16.44,16.87,39070
2009-08-26,16.81,17.06,16.54,16.89,43343
2009-08-27,16.69,16.77,16.09,16.4,63399
2009-08-28,16.63,16.9,15.89,15.99,56066
2009-08-31,15.91,16.08,15.66,15.78,78135
2009-09-01,15.64,16.4,15.04,15.22,65415
2009-09-02,15.49,15.74,15.23,15.3,29467
2009-09-03,15.38,15.7,15.23,15.64,32887
2009-09-04,15.64,16.15,15.4,16.06,50213
2009-09-08,16.28,16.28,15.9,16.1,38972
2009-09-09,16.1,16.23,15.9,16.09,48660
2009-09-10,16.1,16.37,15.92,16.35,58894
2009-09-11,16.4,16.49,16.28,16.28,20603
2009-09-14,16.08,16.27,16,16.25,31012
2009-09-15,16.16,16.3,15.89,16.18,32021
2009-09-16,16.29,16.39,16.03,16.25,44893
2009-09-17,16.25,16.52,16.21,16.29,39907
2009-09-18,16.38,16.53,16,16.11,82416
2009-09-21,16,16.56,15.96,16.11,34714
2009-09-22,16.21,16.37,16.08,16.1,42291
2009-09-23,16.18,16.36,15.66,15.68,42847
2009-09-24,15.81,16.15,15.6,16.04,43445
2009-09-25,16.03,16.18,15.67,15.82,104854
2009-09-28,15.97,16.56,15.8,16.34,70342
2009-09-29,16.47,16.55,16.08,16.27,52499
2009-09-30,16.23,16.23,15.4,15.65,66625
2009-10-01,15.59,15.8,15.11,15.11,49125
2009-10-02,15.01,15.45,15.01,15.04,43404
2009-10-05,15.17,15.76,15.08,15.36,56355
2009-10-06,15.47,16.24,15.38,16.14,109471
2009-10-07,16.07,16.25,15.94,16.11,54721
2009-10-08,16.25,16.25,15.95,15.95,108745
2009-10-09,15.99,16.2,15.83,16.14,37364
2009-10-12,16.15,16.21,15.9,16.09,38807
2009-10-13,16.11,16.26,15.89,16.09,94370
2009-10-14,16.23,16.39,15.95,16.2,91095
2009-10-15,16.13,16.2,16.06,16.1,31323
2009-10-16,16,16.6,16,16.42,72296
2009-10-19,16.4,16.8,16.32,16.7,29464
2009-10-20,16.78,16.78,16.06,16.29,61914
2009-10-21,16.29,17.09,16.2,16.29,56660
2009-10-22,14.98,14.98,12.71,13.05,450715
2009-10-23,13.75,13.75,12.94,13.08,168638
2009-10-26,13.23,13.29,12.95,13.02,123470
2009-10-27,13.03,13.31,12.98,13.01,153005
2009-10-28,13.02,13.24,12.99,13.1,98131
2009-10-29,13.18,13.2,12.85,12.97,122721
2009-10-30,12.9,13.03,12.58,12.71,106855
2009-11-02,12.77,12.86,12.17,12.46,61950
2009-11-03,12.38,12.49,12,12.11,54401
2009-11-04,12.15,12.51,12.07,12.2,60927
2009-11-05,12.29,12.93,12.29,12.78,47938
2009-11-06,12.65,12.83,12.31,12.39,45918
2009-11-09,12.49,12.72,12.34,12.4,77150
2009-11-10,12.36,12.73,12.34,12.35,55392
2009-11-11,12.4,12.42,12.06,12.25,248853
2009-11-12,12.26,12.38,12.02,12.04,52142
2009-11-13,12.13,12.49,11.95,12.29,74097
2009-11-16,12.44,12.69,12.17,12.25,82545
2009-11-17,12.12,12.31,12.12,12.25,74268
2009-11-18,12.25,12.32,12.11,12.26,73519
2009-11-19,12.21,12.28,11.8,12.2,93302
2009-11-20,12.1,12.34,12.1,12.25,40145
2009-11-23,12.39,12.81,12.38,12.46,77224
2009-11-24,12.4,12.41,11.89,12.05,60090
2009-11-25,12.08,12.08,11.74,11.92,26015
2009-11-27,11.58,11.98,11.49,11.72,45898
2009-11-30,11.73,11.82,11.28,11.78,73884
2009-12-01,11.94,12.32,11.71,11.89,64733
2009-12-02,12.13,12.26,11.81,11.95,59446
2009-12-03,12.03,12.1,11.71,11.75,36346
2009-12-04,11.97,12.78,11.9,12.25,72735
2009-12-07,12.21,12.43,12.05,12.25,52530
2009-12-08,12.12,12.27,11.76,12.14,66898
2009-12-09,12.11,12.25,12.07,12.2,35027
2009-12-10,12.2,12.34,11.83,12.01,53776
2009-12-11,12.09,12.3,12,12.24,50339
2009-12-14,12.25,12.46,12.04,12.15,72097
2009-12-15,12.09,12.34,12.02,12.11,88338
2009-12-16,12.24,12.64,11.98,12.47,80720
2009-12-17,12.34,12.63,11.32,11.46,185883
2009-12-18,11.58,12.38,11.29,12.35,248483
2009-12-21,12.4,12.99,12.31,12.52,60939
2009-12-22,12.59,12.99,12.59,12.86,49718
2009-12-23,12.92,13.18,12.72,13.11,44785
2009-12-24,13.18,13.46,13.07,13.39,16711
2009-12-28,13.41,13.41,13.13,13.32,31172
2009-12-29,13.39,13.47,13.2,13.31,26960
2009-12-30,13.28,13.57,13.1,13.57,59830
2009-12-31,13.6,13.64,13.22,13.26,64363
2010-01-04,13.47,13.61,13.45,13.59,126266
2010-01-05,13.61,13.76,13.31,13.35,86499
2010-01-06,13.35,13.5,13.21,13.26,52208
2010-01-07,13.28,13.5,13.25,13.46,23379
2010-01-08,13.44,13.52,13.3,13.5,28180
2010-01-11,13.55,13.61,13.26,13.37,28292
2010-01-12,13.28,13.43,12.83,12.98,38289
2010-01-13,13.01,13.43,12.76,13.35,34449
2010-01-14,13.27,13.27,12.76,12.97,29171
2010-01-15,13.03,13.1,12.05,12.33,91362
2010-01-19,12.42,13.24,12.2,13.2,83539
2010-01-20,13.05,13.15,12.42,13.03,43941
2010-01-21,13.09,13.12,12.15,12.16,61563
2010-01-22,12.18,12.39,11.93,12.02,44531
2010-01-25,12.12,12.23,12.04,12.1,31394
2010-01-26,12.08,12.08,11.47,11.49,34158
2010-01-27,11.47,12.12,11.4,12.11,62138
2010-01-28,12.1,12.17,11.35,11.47,38152
2010-01-29,11.56,11.67,11.3,11.33,39820
2010-02-01,11.36,11.48,11.27,11.38,26999
2010-02-02,11.37,11.97,11.2,11.35,51586
2010-02-03,11.35,12.25,11.03,12.14,103260
2010-02-04,11.5,11.7,11.05,11.07,101366
2010-02-05,11.13,11.2,10.81,10.82,111765
2010-02-08,10.84,11.02,10.51,10.55,48016
2010-02-09,10.69,10.82,10.48,10.55,82488
2010-02-10,10.49,10.63,10.48,10.63,56462
2010-02-11,10.56,11.71,10.53,11.67,40974
2010-02-12,11.51,11.67,11.1,11.26,51118
2010-02-16,11.35,11.35,11.08,11.34,23108
2010-02-17,11.36,11.59,11.16,11.42,23854
2010-02-18,11.49,11.61,11.19,11.44,59330
2010-02-19,11.43,11.53,11.17,11.38,66143
2010-02-22,11.42,11.75,11.39,11.68,18777
2010-02-23,11.69,12.44,11.48,12.03,72999
2010-02-24,12.11,12.11,11.54,11.64,28566
2010-02-25,11.52,11.59,11.17,11.4,24467
2010-02-26,11.38,11.47,11.07,11.29,31447
2010-03-01,11.38,11.71,11.21,11.67,48596
2010-03-02,11.69,11.87,11.45,11.55,54483
2010-03-03,11.6,11.75,11.51,11.65,35659
2010-03-04,11.73,12.23,11.51,12.2,45711
2010-03-05,12.25,12.48,11.84,12.4,56302
2010-03-08,12.43,12.5,12.1,12.44,36137
2010-03-09,12.4,12.72,11.9,11.92,43645
2010-03-10,11.96,12.04,11.9,11.97,21885
2010-03-11,11.87,11.99,11.82,11.87,38182
2010-03-12,11.95,11.95,11.61,11.66,26976
2010-03-15,11.69,11.93,11.12,11.32,96340
2010-03-16,11.38,11.44,11.05,11.18,70463
2010-03-17,11.06,11.37,11.06,11.23,110724
2010-03-18,11.12,11.25,11.05,11.06,72105
2010-03-19,11.13,11.26,10.86,11.2,153765
2010-03-22,11.02,11.38,11.02,11.3,53885
2010-03-23,11.27,11.72,11.22,11.68,35165
2010-03-24,11.58,11.9,11.49,11.54,32193
2010-03-25,11.67,11.8,10.98,11.02,70272
2010-03-26,11.04,11.2,10.99,11.09,76502
2010-03-29,11.11,11.3,10.98,11.05,62828
2010-03-30,11.1,11.27,10.99,11.2,86408
2010-03-31,11.11,11.35,11.05,11.05,69443
2010-04-05,11.24,11.94,11.24,11.72,44141
2010-04-06,11.6,12,11.47,11.72,80903
2010-04-07,11.67,11.87,11.29,11.37,71388
2010-04-08,11.38,11.74,11.3,11.61,67186
2010-04-09,11.61,11.66,11.16,11.29,34965
2010-04-12,11.33,11.51,11.27,11.42,34107
2010-04-13,11.42,11.54,11.31,11.51,126078
2010-04-14,11.6,12.24,11.56,12.17,72427
2010-04-15,12.2,12.5,12.19,12.45,43410
2010-04-16,12.44,12.49,12.1,12.3,92513
2010-04-19,12.23,12.41,12.01,12.2,64381
2010-04-20,12.3,12.61,12.3,12.59,67589
2010-04-21,12.65,12.65,12.38,12.63,69956
2010-04-22,12.36,12.51,12.08,12.42,185648
2010-04-23,12.44,12.61,12.38,12.6,112193
2010-04-26,12.52,12.6,12.4,12.6,65422
2010-04-27,12.5,12.51,12.02,12.05,84090
2010-04-28,12.12,12.19,11.87,12.15,44942
2010-04-29,12.25,12.49,12.16,12.49,55899
2010-04-30,12.46,12.46,11.96,12.14,70282
2010-05-03,12.21,12.45,12.14,12.27,75950
2010-05-04,12.03,12.18,11.8,11.98,101196
2010-05-05,11.84,11.9,11.62,11.67,52745
2010-05-06,11.55,11.55,11.05,11.25,76427
2010-05-07,11.11,11.56,11.03,11.46,114840
2010-05-10,12.24,12.38,11.75,12.11,104098
2010-05-11,11.93,12.44,11.83,12.06,73273
2010-05-12,12.07,12.48,11.98,12.31,289619
2010-05-13,12.23,12.46,12.02,12.24,100523
2010-05-14,12.12,12.44,11.91,12.14,123036
2010-05-17,12.26,12.39,11.74,12.29,115898
2010-05-18,12.47,12.47,12.05,12.18,86254
2010-05-19,12.12,12.15,11.76,12.02,106956
2010-05-20,11.6,11.81,11.1,11.17,128155
2010-05-21,10.92,11.36,10.91,11.3,104694
2010-05-24,11.25,11.65,11.15,11.3,84065
2010-05-25,10.93,11.3,10.93,11.26,99758
2010-05-26,11.33,11.7,11.3,11.45,164120
2010-05-27,11.87,12.1,11.78,11.96,75262
2010-05-28,11.85,11.87,11.45,11.69,60574
2010-06-01,11.51,11.51,10.99,10.99,71784
2010-06-02,11.05,11.36,10.99,11.35,87425
2010-06-03,11.3,11.48,11.19,11.41,65974
2010-06-04,10.99,11.25,10.92,10.97,117834
2010-06-07,11.01,11.05,10.68,10.7,116182
2010-06-08,10.74,10.81,10.18,10.39,96057
2010-06-09,10.54,10.64,10.33,10.44,87887
2010-06-10,10.7,10.7,10.47,10.6,73996
2010-06-11,10.4,10.86,10.4,10.83,44734
2010-06-14,11.01,11.11,10.69,10.82,75129
2010-06-15,10.95,11.03,10.73,10.98,57131
2010-06-16,10.82,11.14,10.74,11.11,84473
2010-06-17,11.21,11.21,10.88,10.97,62262
2010-06-18,11.06,11.24,10.89,10.95,103982
2010-06-21,11.19,11.34,10.73,10.83,68896
2010-06-22,10.91,11.12,10.75,10.84,74337
2010-06-23,10.82,11.12,10.74,10.95,75273
2010-06-24,10.82,11.25,10.82,11.11,87824
2010-06-25,11.18,11.41,11.08,11.22,170118
2010-06-28,11.29,11.68,11.05,11.37,98458
2010-06-29,11.1,11.17,10.94,11,77658
2010-06-30,10.98,11.49,10.98,11.29,85449
2010-07-01,11.25,11.42,10.96,11.26,112473
2010-07-02,11.38,11.57,11.04,11.44,61636
2010-07-06,11.71,11.99,11.28,11.33,111802
2010-07-07,11.36,11.75,11.36,11.68,80946
2010-07-08,11.87,11.88,11.41,11.66,75420
2010-07-09,11.61,12,11.59,11.98,66810
2010-07-12,11.9,12.08,11.49,11.51,67620
2010-07-13,11.72,11.76,11.5,11.73,71811
2010-07-14,11.65,11.77,11.49,11.75,50451
2010-07-15,11.75,11.77,11.47,11.7,60611
2010-07-16,11.57,11.67,11.05,11.07,83301
2010-07-19,11.14,11.55,11.1,11.55,77401
2010-07-20,11.37,11.51,11.24,11.48,81721
2010-07-21,11.53,11.61,11.11,11.26,97432
2010-07-22,11.46,11.94,10.62,10.63,206860
2010-07-23,10.54,11.32,10.32,11.18,214838
2010-07-26,11.27,11.54,11.04,11.49,81860
2010-07-27,11.51,11.54,11.14,11.24,88346
2010-07-28,11.23,11.35,10.98,11.25,161957
2010-07-29,11.3,11.41,11.06,11.36,77552
2010-07-30,11.16,11.72,11.16,11.34,94656
2010-08-02,11.5,11.74,11.32,11.54,66951
2010-08-03,11.52,11.78,11.49,11.49,99283
2010-08-04,11.54,11.78,11.46,11.73,81438
2010-08-05,11.63,11.79,11.51,11.6,54102
2010-08-06,11.45,11.75,11.45,11.72,41468
2010-08-09,11.8,11.9,11.56,11.86,53923
2010-08-10,11.68,11.87,11.57,11.63,69671
2010-08-11,11.4,11.69,11.4,11.54,93021
2010-08-12,11.31,11.64,11.31,11.55,57642
2010-08-13,11.48,11.62,11.36,11.5,40953
2010-08-16,11.4,11.92,11.4,11.74,74667
2010-08-17,11.79,11.86,11.54,11.59,69775
2010-08-18,11.56,11.99,11.3,11.77,73379
2010-08-19,11.69,11.74,11.08,11.1,65493
2010-08-20,11.03,11.34,10.8,11.25,84379
2010-08-23,11.4,11.4,11.05,11.05,70311
2010-08-24,10.83,11.17,10.83,11.09,67249
2010-08-25,10.97,11.27,10.92,11.26,38256
2010-08-26,11.29,11.38,11.05,11.13,49116
2010-08-27,11.25,11.49,10.98,11.3,64162
2010-08-30,11.23,11.3,11.01,11.02,46367
2010-08-31,11,11.1,10.88,10.98,53861
2010-09-01,11.18,11.3,11.08,11.22,64405
2010-09-02,11.28,11.35,11.01,11.14,66650
2010-09-03,11.28,11.32,10.96,11.1,42521
2010-09-07,11.08,11.08,10.67,10.71,35981
2010-09-08,10.77,10.83,10.62,10.83,67231
2010-09-09,10.97,11.04,10.73,10.79,24908
2010-09-10,10.8,10.97,10.76,10.88,37365
2010-09-13,11,11.41,10.89,11.3,48179
2010-09-14,11.29,11.34,11.11,11.15,32839
2010-09-15,11.13,11.14,11.01,11.09,14399
2010-09-16,11.02,11.11,10.89,10.94,22588
2010-09-17,11.07,11.08,10.74,10.98,96021
2010-09-20,10.97,11.5,10.97,11.49,52240
2010-09-21,11.45,11.68,11.3,11.65,46986
2010-09-22,11.57,11.76,11.15,11.21,21381
2010-09-23,11.11,11.64,11.11,11.37,59216
2010-09-24,11.5,11.76,11.39,11.75,49676
2010-09-27,11.74,12,11.62,11.88,37881
2010-09-28,11.95,12.09,11.71,11.88,73713
2010-09-29,11.8,11.91,11.52,11.57,60778
2010-09-30,11.69,11.88,11.15,11.34,140786
2010-10-01,11.37,11.39,11.13,11.2,83157
2010-10-04,11.14,11.25,11.06,11.13,45161
2010-10-05,11.27,12.02,11.2,11.85,41578
2010-10-06,11.79,12.12,11.68,11.78,41193
2010-10-07,11.88,12.11,11.8,11.81,24808
2010-10-08,11.78,12.04,11.55,11.75,110769
2010-10-11,11.72,12.04,11.62,11.82,35959
2010-10-12,11.75,12,11.63,11.74,58684
2010-10-13,11.74,12.28,11.74,12.21,78868
2010-10-14,12.16,12.28,11.98,12.15,23488
2010-10-15,12.29,12.29,11.89,11.92,73782
2010-10-18,11.92,11.99,11.7,11.76,51377
2010-10-19,11.58,11.75,11.38,11.52,550705
2010-10-20,11.6,11.67,11.44,11.55,109954
2010-10-21,11.62,11.62,10.83,10.94,425104
2010-10-22,10.94,11.06,10.92,11.03,168336
2010-10-25,11.13,11.13,10.88,10.99,221385
2010-10-26,10.93,10.93,10.67,10.77,159024
2010-10-27,10.71,11.01,10.62,10.95,130690
2010-10-28,11.06,11.16,10.81,10.98,106851
2010-10-29,10.89,11.1,10.89,11.09,49669
2010-11-01,11.09,11.11,10.65,10.75,83351
2010-11-02,10.8,11.13,10.69,11.01,102087
2010-11-03,11,11.17,10.97,11.1,16663
2010-11-04,11.3,11.4,11.21,11.35,46851
2010-11-05,11.39,11.42,11.17,11.19,32527
2010-11-08,11.12,11.26,10.9,10.96,122095
2010-11-09,11.01,11.03,10.78,10.88,37843
2010-11-10,10.9,11.03,10.79,11,73530
2010-11-11,10.86,11,10.84,10.85,20895
2010-11-12,10.73,10.96,10.7,10.85,34415
2010-11-15,10.88,11.1,10.8,10.98,38814
2010-11-16,10.87,11,10.51,10.54,55133
2010-11-17,10.56,10.76,10.56,10.65,51187
2010-11-18,10.78,11,10.69,10.79,68897
2010-11-19,10.76,11,10.55,10.99,84159
2010-11-22,10.84,10.87,10.39,10.84,32734
2010-11-23,10.72,10.95,10.63,10.88,28535
2010-11-24,10.94,11.03,10.67,10.79,38985
2010-11-26,10.68,10.72,10.55,10.59,8833
2010-11-29,10.53,11,10.3,10.97,60718
2010-11-30,10.83,11.02,10.83,11.01,118314
2010-12-01,11.1,11.1,10.76,10.94,46926
2010-12-02,10.93,10.93,10.76,10.81,38096
2010-12-03,10.76,11,10.6,11,40437
2010-12-06,10.94,11.02,10.88,10.97,53625
2010-12-07,11.04,11.15,10.8,11.05,30220
2010-12-08,11.1,11.28,11.01,11.05,140908
2010-12-09,11.15,11.15,10.83,10.97,44524
2010-12-10,11.01,11.01,10.71,10.98,48672
2010-12-13,10.96,11.34,10.9,11.19,752908
2010-12-14,11.19,11.19,10.8,11,79760
2010-12-15,11.04,11.32,10.91,11.25,161855
2010-12-16,11.25,11.56,11.25,11.49,84842
2010-12-17,11.49,11.5,11.31,11.42,143925
2010-12-20,11.4,11.59,10.95,11.48,116916
2010-12-21,11.56,11.77,11.5,11.74,58393
2010-12-22,11.74,11.8,11.57,11.61,46255
2010-12-23,11.67,11.68,11.41,11.5,44937
2010-12-27,11.44,11.57,11.44,11.53,38570
2010-12-28,11.5,11.59,11.45,11.5,39062
2010-12-29,11.55,11.6,11.45,11.48,57433
2010-12-30,11.5,11.62,11.46,11.57,77994
2010-12-31,11.51,11.61,11.48,11.5,25590
2011-01-03,11.49,11.81,11.48,11.6,36266
2011-01-04,11.66,11.66,11.41,11.56,34837
2011-01-05,11.56,11.94,11.46,11.91,32606
2011-01-06,11.88,11.88,11.38,11.47,88971
2011-01-07,11.46,11.54,11.07,11.27,53702
2011-01-10,11.17,11.6,11.12,11.58,35959
2011-01-11,11.61,11.62,11.35,11.5,37736
2011-01-12,11.55,11.64,11.44,11.57,34747
2011-01-13,11.59,11.65,11.5,11.62,24088
2011-01-14,11.64,11.66,11.5,11.53,36269
2011-01-18,11.47,11.47,11.26,11.26,41901
2011-01-19,11.25,11.27,10.6,10.65,66228
2011-01-20,10.6,10.92,10.6,10.72,54766
2011-01-21,10.78,11.12,10.78,11,62880
2011-01-24,11.02,11.29,11,11.19,42315
2011-01-25,11.11,11.41,11.02,11.16,29201
2011-01-26,11.16,11.44,11.16,11.44,52881
2011-01-27,11.38,11.75,11.28,11.3,64389
2011-01-28,11.27,11.46,10.8,10.96,93308
2011-01-31,11,11.19,10.87,11.04,48581
2011-02-01,11.09,11.33,11.02,11.32,31703
2011-02-02,11.25,11.45,11.07,11.22,27839
2011-02-03,11.18,11.6,11.03,11.52,44416
2011-02-04,11.54,11.61,11.33,11.42,34370
2011-02-07,11.41,11.61,11.41,11.52,14332
2011-02-08,11.48,11.58,11.37,11.5,14724
2011-02-09,11.43,11.59,11.34,11.58,28347
2011-02-10,11.5,11.5,10.98,11.09,41398
2011-02-11,10.98,11.23,10.8,10.98,58157
2011-02-14,10.98,11.22,10.87,10.88,33491
2011-02-15,10.83,10.94,10.75,10.87,25573
2011-02-16,10.94,10.95,10.88,10.94,24103
2011-02-17,10.95,11.02,10.87,11.02,18746
2011-02-18,11.05,11.05,10.9,10.95,52925
2011-02-22,10.9,11.08,10.87,10.88,61161
2011-02-23,10.87,11.03,10.51,10.53,67522
2011-02-24,10.58,10.74,10.5,10.66,39977
2011-02-25,10.6,10.62,10.47,10.56,27342
2011-02-28,10.66,10.73,10.5,10.65,41096
2011-03-01,10.67,10.69,10.49,10.55,36675
2011-03-02,10.51,10.58,10.4,10.45,84014
2011-03-03,10.56,10.7,10.38,10.46,91642
2011-03-04,10.43,10.48,10.31,10.36,74394
2011-03-07,10.38,10.46,10.24,10.32,70217
2011-03-08,10.3,10.7,10.3,10.54,58775
2011-03-09,10.55,10.55,10.3,10.42,41282
2011-03-10,10.26,10.35,10.22,10.25,48007
2011-03-11,10.25,10.38,10.13,10.2,63297
2011-03-14,10.1,10.33,10.06,10.25,25594
2011-03-15,10.06,10.27,10.06,10.08,44364
2011-03-16,10.08,10.13,9.76,9.83,78241
2011-03-17,10.01,10.07,9.74,9.77,49333
2011-03-18,9.81,10.4,9.8,10.25,105654
2011-03-21,10.35,10.35,10.17,10.25,35009
2011-03-22,10.23,10.34,10.2,10.33,44205
2011-03-23,10.28,10.44,10.27,10.37,69438
2011-03-24,10.39,10.45,10.27,10.3,53828
2011-03-25,10.37,10.75,10.25,10.52,38977
2011-03-28,10.52,10.77,10.46,10.64,35311
2011-03-29,10.64,10.71,10.59,10.63,43870
2011-03-30,10.63,10.71,10.55,10.65,62013
2011-03-31,10.6,11.11,10.6,10.95,96678
2011-04-01,11,11,10.62,10.62,94936
2011-04-04,10.67,10.75,10.59,10.68,63817
2011-04-05,10.69,11.06,10.62,10.98,68022
2011-04-06,11.01,11.04,10.91,10.96,62590
2011-04-07,10.99,10.99,10.85,10.9,33404
2011-04-08,11,11,10.44,10.51,24155
2011-04-11,10.47,10.62,10.38,10.45,51837
2011-04-12,10.46,10.46,10.13,10.13,67696
2011-04-13,10.18,10.25,9.84,9.88,37001
2011-04-14,9.79,10.3,9.78,10.25,28164
2011-04-15,10.19,10.28,10.03,10.24,38725
2011-04-18,10.1,10.19,9.99,10.01,17809
2011-04-19,10.07,10.14,10.02,10.09,23844
2011-04-20,10.18,10.25,10.02,10.14,18662
2011-04-21,10.22,10.24,10.05,10.08,22778
2011-04-25,10.07,10.2,9.9,10.11,31950
2011-04-26,10.11,10.32,10.06,10.3,24464
2011-04-27,10.25,10.31,10.16,10.23,37037
2011-04-28,10.19,10.24,9.9,10.24,91563
2011-04-29,10.27,10.34,10.04,10.08,39176
2011-05-02,10.12,10.15,9.84,9.84,29884
2011-05-03,9.85,9.97,9.54,9.57,319342
2011-05-04,9.57,9.94,9.4,9.76,261578
2011-05-05,9.73,9.99,9.67,9.68,27498
2011-05-06,9.78,9.87,9.55,9.75,44567
2011-05-09,9.74,9.8,9.62,9.78,28067
2011-05-10,9.84,9.9,9.82,9.84,46087
2011-05-11,9.82,9.87,9.73,9.81,41516
2011-05-12,9.73,10.05,9.69,10,56546
2011-05-13,9.99,10,9.83,9.89,262657
2011-05-16,9.82,9.92,9.82,9.86,70297
2011-05-17,9.78,9.9,9.7,9.73,264298
2011-05-18,9.75,9.78,9.7,9.74,66816
2011-05-19,9.75,9.76,9.67,9.73,21395
2011-05-20,9.67,9.71,9.43,9.46,47885
2011-05-23,9.3,9.65,9.19,9.44,57285
2011-05-24,9.35,9.35,9.1,9.1,73137
2011-05-25,9.06,9.26,9,9.16,37013
2011-05-26,9.11,9.28,9.08,9.28,26362
2011-05-27,9.3,9.37,9.23,9.29,15750
2011-05-31,9.35,9.52,9.28,9.52,109070
2011-06-01,9.47,9.59,9.4,9.4,53911
2011-06-02,9.47,9.47,9.18,9.32,38782
2011-06-03,9.18,9.24,9.16,9.2,53162
2011-06-06,9.19,9.43,9.18,9.29,34047
2011-06-07,9.37,9.45,9.18,9.2,19781
2011-06-08,9.2,9.35,9.2,9.33,41041
2011-06-09,9.27,9.45,9.27,9.32,27685
2011-06-10,9.25,9.33,9.03,9.1,146563
2011-06-13,9.11,9.13,8.94,9.04,55201
2011-06-14,9.15,9.15,8.92,8.97,79914
2011-06-15,8.87,8.95,8.75,8.84,47420
2011-06-16,8.78,9.06,8.78,9.01,92215
2011-06-17,9.04,9.12,8.76,8.77,193691
2011-06-20,8.73,8.98,8.73,8.94,41835
2011-06-21,8.99,9.39,8.83,9.37,39841
2011-06-22,9.31,9.31,9.01,9.01,32519
2011-06-23,8.95,9.05,8.79,8.95,98737
2011-06-24,8.94,9,8.68,8.71,625108
2011-06-27,8.75,8.8,8.55,8.73,63108
2011-06-28,8.7,8.94,8.69,8.92,81312
2011-06-29,8.81,8.88,8.67,8.69,34062
2011-06-30,8.72,8.85,8.72,8.83,67503
2011-07-01,8.83,8.96,8.81,8.88,25132
2011-07-05,8.76,8.82,8.67,8.8,20822
2011-07-06,8.8,8.89,8.72,8.85,24664
2011-07-07,8.91,9.13,8.9,9,58663
2011-07-08,8.93,9.15,8.93,8.95,41354
2011-07-11,8.89,8.91,8.73,8.74,19699
2011-07-12,8.74,8.98,8.7,8.79,28305
2011-07-13,8.81,9,8.7,8.84,25895
2011-07-14,8.83,8.89,8.78,8.82,69948
2011-07-15,8.86,8.9,8.8,8.81,41810
2011-07-18,8.79,8.86,8.66,8.77,23748
2011-07-19,8.85,8.87,8.73,8.84,30192
2011-07-20,8.89,8.89,8.74,8.82,12899
2011-07-21,8.83,8.87,8.71,8.77,75125
2011-07-22,8.73,8.86,8.69,8.79,46912
2011-07-25,8.69,8.73,8.49,8.52,25526
2011-07-26,8.54,8.6,8.32,8.49,42759
2011-07-27,8.43,8.55,8.23,8.44,68022
2011-07-28,8.44,8.6,8.2,8.41,81655
2011-07-29,8.35,8.6,8.32,8.52,61871
2011-08-01,8.6,8.76,8.34,8.39,56147
2011-08-02,8.39,8.09,7.97,8.03,112406
2011-08-03,8.03,8.09,7.97,8.01,102771
2011-08-04,8,8.07,7.9,7.94,109662
2011-08-05,8,8.14,7.8,7.8,56927
2011-08-08,7.63,7.96,7.48,7.48,93651
2011-08-09,7.64,7.86,6.78,7.69,132961
2011-08-10,7.55,7.6,7.02,7.05,88467
2011-08-11,7.11,7.22,6.9,7.02,91590
2011-08-12,7.05,7.26,6.93,7.01,86573
2011-08-15,7.04,7.2,6.98,7.05,41009
2011-08-16,7,7,6.68,6.72,102031
2011-08-17,6.74,6.96,6.7,6.93,200965
2011-08-18,6.78,6.91,6.47,6.54,95814
2011-08-19,6.46,6.97,6.35,6.37,95039
2011-08-22,6.53,6.8,6.38,6.8,85931
2011-08-23,6.73,6.95,6.65,6.89,110515
2011-08-24,6.89,7.25,6.86,7.21,36943
2011-08-25,7.24,7.24,7,7.09,60574
2011-08-26,7.02,7.19,7.02,7.12,33060
2011-08-29,7.1,7.5,7.1,7.48,50654
2011-08-30,7.41,7.58,7.38,7.53,52166
2011-08-31,7.55,7.62,7.43,7.6,112550
2011-09-01,7.61,7.75,7.36,7.39,57271
2011-09-02,7.25,7.33,6.79,6.95,73158
2011-09-06,6.78,6.93,6.64,6.92,64189
2011-09-07,6.99,7.24,6.94,7.09,81047
2011-09-08,7.2,7.2,6.67,6.7,37985
2011-09-09,6.62,6.66,6.37,6.43,67368
2011-09-12,6.37,6.64,6.32,6.61,71051
2011-09-13,6.65,6.95,6.63,6.81,69988
2011-09-14,6.87,7.03,6.84,6.92,78792
2011-09-15,6.95,6.95,6.69,6.77,65273
2011-09-16,6.8,6.84,6.67,6.83,85698
2011-09-19,6.71,6.71,6.35,6.35,43269
2011-09-20,6.39,6.48,6.03,6.1,146547
2011-09-21,6.11,6.16,5.9,5.93,89183
2011-09-22,5.78,5.97,5.48,5.57,306825
2011-09-23,5.57,5.85,5.57,5.76,173404
2011-09-26,5.8,5.91,5.75,5.87,98141
2011-09-27,5.99,5.99,5.81,5.89,89651
2011-09-28,5.86,5.98,5.75,5.75,93804
2011-09-29,5.89,6.02,5.85,5.95,64733
2011-09-30,5.86,5.94,5.71,5.73,125079
2011-10-03,5.71,5.9,5.53,5.53,122442
2011-10-04,5.53,5.8,5.53,5.64,137720
2011-10-05,5.68,5.75,5.62,5.69,47716
2011-10-06,5.7,5.72,5.64,5.7,60068
2011-10-07,5.75,5.86,5.59,5.62,139335
2011-10-10,5.72,5.9,5.72,5.87,68601
2011-10-11,5.87,5.9,5.81,5.85,52670
2011-10-12,5.89,6,5.82,5.99,80501
2011-10-13,5.96,6.04,5.82,6,48799
2011-10-14,6.04,6.07,5.92,6,37754
2011-10-17,5.94,6.04,5.76,5.82,54591
2011-10-18,5.83,6.06,5.79,6.02,61111
2011-10-19,6,6.09,5.87,5.92,152355
2011-10-20,5.93,5.98,5.81,5.97,19069
2011-10-21,6.07,6.07,5.9,5.98,51052
2011-10-24,5.98,6.07,5.96,6,57200
2011-10-25,5.97,6,5.85,5.87,35241
2011-10-26,5.97,5.99,5.74,5.99,38701
2011-10-27,6.46,6.46,5.15,5.4,390049
2011-10-28,5.35,5.36,4.9,5.06,1253027
2011-10-31,5,5.18,4.94,4.96,70634
2011-11-01,4.85,4.99,4.55,4.6,419074
2011-11-02,4.69,4.85,4.63,4.63,226637
2011-11-03,4.7,4.7,4.45,4.6,238216
2011-11-04,4.57,4.63,4.48,4.5,186711
2011-11-07,4.5,4.69,4.47,4.6,230628
2011-11-08,4.63,4.86,4.51,4.77,127267
2011-11-09,4.66,4.73,4.48,4.52,493253
2011-11-10,4.58,4.67,4.49,4.67,76485
2011-11-11,4.7,4.78,4.64,4.75,62190
2011-11-14,4.76,4.76,4.51,4.54,52613
2011-11-15,4.53,4.65,4.52,4.55,111129
2011-11-16,4.51,4.54,4.36,4.41,101621
2011-11-17,4.41,4.45,4.27,4.28,76223
2011-11-18,4.3,4.42,4.27,4.28,111578
2011-11-21,4.14,4.26,4.13,4.16,68226
2011-11-22,4.16,4.2,4.01,4.02,109032
2011-11-23,4.04,4.1,3.95,3.98,106190
2011-11-25,3.96,4.05,3.88,3.88,29111
2011-11-28,4,4.17,4,4.14,230919
2011-11-29,4.14,4.3,4.13,4.23,50883
2011-11-30,4.38,4.59,4.38,4.49,557317
2011-12-01,4.5,4.59,4.3,4.3,71339
2011-12-02,4.36,4.46,4.32,4.44,60306
2011-12-05,4.5,4.73,4.44,4.59,48386
2011-12-06,4.59,4.75,4.58,4.68,81723
2011-12-07,4.68,4.68,4.55,4.57,40826
2011-12-08,4.53,4.57,4.26,4.3,58198
2011-12-09,4.32,4.64,4.32,4.41,118798
2011-12-12,4.35,4.57,4.3,4.52,62438
2011-12-13,4.56,4.69,4.31,4.37,50943
2011-12-14,4.34,4.42,4.32,4.38,43630
2011-12-15,4.45,4.51,4.28,4.33,72181
2011-12-16,4.37,4.5,4.28,4.3,93321
2011-12-19,4.3,4.39,4.28,4.32,40079
2011-12-20,4.41,4.72,4.29,4.57,147831
2011-12-21,4.57,4.61,4.36,4.52,115005
2011-12-22,4.54,4.58,4.41,4.5,49078
2011-12-23,4.51,4.71,4.48,4.7,49525
2011-12-27,4.65,4.68,4.53,4.57,32546
2011-12-28,4.57,4.61,4.48,4.48,24213
2011-12-29,4.48,4.53,4.42,4.49,20303
2011-12-30,4.47,4.55,4.47,4.51,104697
2012-01-03,4.61,4.61,4.29,4.34,68138
2012-01-04,4.3,4.35,4.22,4.32,29115
2012-01-05,4.3,4.35,4.28,4.31,51734
2012-01-06,4.32,4.32,4.26,4.3,25937
2012-01-09,4.33,4.47,4.33,4.41,25786
2012-01-10,4.43,4.48,4.31,4.45,70452
2012-01-11,4.45,4.54,4.32,4.43,32498
2012-01-12,4.42,4.52,4.37,4.45,38339
2012-01-13,4.39,4.48,4.35,4.4,35261
2012-01-17,4.4,4.49,4.35,4.41,67445
2012-01-18,4.41,4.48,4.36,4.44,42695
2012-01-19,4.46,4.55,4.4,4.54,31945
2012-01-20,4.53,4.65,4.53,4.61,52638
2012-01-23,4.6,4.61,4.44,4.52,29054
2012-01-24,4.5,4.57,4.43,4.53,27944
2012-01-25,4.54,4.6,4.5,4.57,27857
2012-01-26,4.58,4.58,4.43,4.56,102336
2012-01-27,4.57,4.58,4.48,4.56,55631
2012-01-30,4.53,4.59,4.49,4.54,44996
2012-01-31,4.57,4.6,4.48,4.51,51891
2012-02-01,4.56,4.97,4.56,4.95,98777
2012-02-02,4.95,4.99,4.81,4.87,47919
2012-02-03,4.95,5.15,4.84,5.15,73674
2012-02-06,5.13,5.17,5,5.05,28835
2012-02-07,5.07,5.12,4.9,4.99,62701
2012-02-08,4.99,5,4.81,4.99,59308
2012-02-09,5,5,4.65,4.94,69599
2012-02-10,4.89,4.94,4.88,4.9,58301
2012-02-13,4.95,5.14,4.9,5.12,87728
2012-02-14,5.08,5.83,5.02,5.5,184495
2012-02-15,5.53,5.53,5.18,5.22,70466
2012-02-16,5.22,5.66,5.18,5.65,67919
2012-02-17,5.68,5.97,5.68,5.83,90569
2012-02-21,5.84,5.84,5.42,5.42,42953
2012-02-22,5.4,5.44,5.18,5.2,26188
2012-02-23,5.21,5.45,5.21,5.38,36213
2012-02-24,5.39,5.56,5.36,5.45,18466
2012-02-27,5.39,5.68,5.34,5.54,35030
2012-02-28,5.5,5.53,5.33,5.35,17424
2012-02-29,5.38,5.6,5.27,5.27,98034
2012-03-01,5.3,5.34,5.2,5.3,105268
2012-03-02,5.31,5.37,5.22,5.3,179063
2012-03-05,5.3,5.34,5.24,5.33,42046
2012-03-06,5.31,5.36,5.28,5.3,89527
2012-03-07,5.31,5.42,5.28,5.33,151731
2012-03-08,5.38,5.4,5.27,5.33,39568
2012-03-09,5.33,5.45,5.33,5.4,76285
2012-03-12,5.39,5.46,5.3,5.41,92610
2012-03-13,5.47,5.68,5.42,5.67,49416
2012-03-14,5.66,5.66,5.46,5.57,21302
2012-03-15,5.58,5.77,5.55,5.75,28773
2012-03-16,5.77,5.92,5.69,5.88,83259
2012-03-19,5.89,5.9,5.79,5.85,47949
2012-03-20,5.79,5.79,5.42,5.47,76958
2012-03-21,5.5,5.62,5.48,5.56,68367
2012-03-22,5.5,5.6,5.36,5.47,80648
2012-03-23,5.46,5.75,5.42,5.68,32060
2012-03-26,5.75,5.86,5.68,5.84,174560
2012-03-27,5.86,5.87,5.51,5.53,47789
2012-03-28,5.54,5.62,5.4,5.5,38200
2012-03-29,5.45,5.47,5.3,5.44,56204
2012-03-30,5.49,5.52,5.32,5.35,72944
2012-04-02,5.36,5.8,5.35,5.77,87454
2012-04-03,5.76,5.76,5.58,5.67,73297
2012-04-04,5.6,5.71,5.59,5.68,43592
2012-04-05,5.66,5.75,5.64,5.66,23597
2012-04-09,5.55,5.6,5.37,5.45,52829
2012-04-10,5.46,5.5,5.3,5.3,61883
2012-04-11,5.36,5.36,5.29,5.33,41948
2012-04-12,5.31,5.37,5.3,5.33,24414
2012-04-13,5.3,5.32,5.25,5.25,34410
2012-04-16,5.26,5.32,5.1,5.1,72972
2012-04-17,5.19,5.25,5.13,5.16,37241
2012-04-18,5.13,5.23,5.1,5.1,63082
2012-04-19,5.1,5.12,4.95,4.96,38591
2012-04-20,5.07,5.19,4.99,5.13,70510
2012-04-23,5.03,5.17,5.01,5.1,60070
2012-04-24,5.09,5.38,5.09,5.37,28736
2012-04-25,5.44,5.46,5.3,5.4,37600
2012-04-26,5.37,5.49,5.02,5.46,18067
2012-04-27,5.49,5.57,5.39,5.49,21559
2012-04-30,5.51,5.51,5.35,5.39,34356
2012-05-01,5.38,5.58,5.27,5.28,68264
2012-05-02,5.24,5.36,5.1,5.2,34129
2012-05-03,5.19,5.26,4.93,5.06,39213
2012-05-04,5.03,5.04,4.82,4.93,35780
2012-05-07,4.92,5.31,4.92,5.15,30794
2012-05-08,5.07,5.12,4.97,5.11,31332
2012-05-09,5.05,5.23,5.05,5.15,20631
2012-05-10,5.2,5.25,5,5.08,77603
2012-05-11,5.05,5.25,5.02,5.04,25379
2012-05-14,5,5.07,4.98,5,33626
2012-05-15,5,5.14,5,5.07,29201
2012-05-16,5.04,5.09,4.98,5,46646
2012-05-17,5,5.1,4.97,5.02,46544
2012-05-18,5.01,5.14,5,5.04,33199
2012-05-21,5.07,5.08,4.96,5.07,36989
2012-05-22,5.06,5.1,4.95,5,54000
2012-05-23,5,5.12,4.98,5.12,32700
2012-05-24,5.14,5.15,5.05,5.13,73625
2012-05-25,5.14,5.15,5.08,5.12,15812
2012-05-29,5.14,5.14,5.05,5.09,102389
2012-05-30,5.05,5.12,5.04,5.08,26234
2012-05-31,5.08,5.08,4.99,5.01,96023
2012-06-01,4.95,4.96,4.79,4.83,60940
2012-06-04,4.88,5.13,4.88,5.12,91370
2012-06-05,5.08,5.24,4.97,5,75641
2012-06-06,5.04,5.15,5,5.13,64918
2012-06-07,5.2,5.25,5.1,5.11,61265
2012-06-08,5.11,5.19,5.07,5.11,38532
2012-06-11,5.17,5.17,5,5,77495
2012-06-12,5.04,5.04,4.95,5.02,66348
2012-06-13,5.03,5.03,4.95,4.99,82588
2012-06-14,4.98,5.06,4.98,4.99,190836
2012-06-15,4.97,5.12,4.96,5,232362
2012-06-18,5.03,5.15,5.02,5.07,89739
2012-06-19,5.11,5.14,5.03,5.05,121859
2012-06-20,5.05,5.1,4.99,5,72101
2012-06-21,5,5.03,4.9,4.94,181349
2012-06-22,4.95,5.24,4.92,5.08,2803002
2012-06-25,5.01,5.65,5.01,5.46,180273
2012-06-26,5.48,5.48,5.2,5.25,117645
2012-06-27,5.24,5.4,5.22,5.26,47226
2012-06-28,5.26,5.3,5.15,5.26,29494
2012-06-29,5.34,5.48,5.24,5.44,40473
2012-07-02,5.47,5.63,5.36,5.44,41707
2012-07-03,5.47,5.47,5.34,5.44,27266
2012-07-05,5.43,5.45,5.28,5.38,43450
2012-07-06,5.38,5.45,5.24,5.3,23624
2012-07-09,5.31,5.35,5.19,5.26,36082
2012-07-10,5.34,5.4,5.27,5.27,26081
2012-07-11,5.3,5.42,5.25,5.26,14391
2012-07-12,5.27,5.28,5.12,5.18,94952
2012-07-13,5.12,5.34,5.11,5.13,19378
2012-07-16,5.14,5.19,5.08,5.12,23488
2012-07-17,5.12,5.12,4.96,5,24153
2012-07-18,5,5.06,4.95,5.01,92497
2012-07-19,5.05,5.05,4.98,5.01,11401
2012-07-20,5.04,5.06,4.98,5.02,24038
2012-07-23,4.98,5.1,4.95,5,48265
2012-07-24,5,5.09,4.95,5.01,71000
2012-07-25,5.05,5.16,5,5.1,47134
2012-07-26,5.19,5.27,5.07,5.26,45277
2012-07-27,5.26,5.36,5.19,5.31,23011
2012-07-30,5.26,5.49,5.26,5.41,55551
2012-07-31,5.43,5.67,5.29,5.46,66072
2012-08-01,5.51,5.56,5.44,5.46,10401
2012-08-02,5.46,5.59,5.39,5.41,26617
2012-08-03,5.48,5.71,5.47,5.63,26690
2012-08-06,5.68,5.68,5.41,5.51,26047
2012-08-07,5.57,5.6,5.37,5.4,18965
2012-08-08,5.34,5.59,5.34,5.48,16579
2012-08-09,5.5,5.6,5.36,5.4,18787
2012-08-10,5.34,5.58,5.33,5.48,12914
2012-08-13,5.5,5.5,5.19,5.26,23739
2012-08-14,5.24,5.37,5.12,5.12,20779
2012-08-15,5.1,5.32,5.1,5.22,78528
2012-08-16,5.3,5.39,5.23,5.39,21131
2012-08-17,5.36,5.38,5.13,5.36,25855
2012-08-20,5.32,5.39,5.21,5.22,60250
2012-08-21,5.27,5.5,5.2,5.3,47896
2012-08-22,5.25,5.35,5.15,5.25,54703
2012-08-23,5.25,5.32,5.23,5.31,15252
2012-08-24,5.32,5.59,5.3,5.52,8034
2012-08-27,5.5,5.65,5.45,5.51,9351
2012-08-28,5.49,5.61,5.38,5.5,31250
2012-08-29,5.49,5.63,5.49,5.51,12806
2012-08-30,5.46,5.57,5.41,5.55,17106
2012-08-31,5.53,5.56,5.41,5.43,19042
2012-09-04,5.4,5.55,5.3,5.48,56712
2012-09-05,5.44,5.55,5.35,5.45,13416
2012-09-06,5.45,5.55,5.45,5.46,17311
2012-09-07,5.45,5.59,5.4,5.4,14167
2012-09-10,5.45,5.5,5.4,5.45,28321
2012-09-11,5.4,5.52,5.4,5.47,49502
2012-09-12,5.45,5.45,5.36,5.4,18530
2012-09-13,5.35,5.4,5.35,5.38,19822
2012-09-14,5.4,5.5,5.35,5.37,11077
2012-09-17,5.4,5.4,5.35,5.36,16586
2012-09-18,5.35,5.45,5.33,5.42,29696
2012-09-19,5.38,5.42,5.35,5.4,12100
2012-09-20,5.4,5.5,5.33,5.33,23365
2012-09-21,5.4,5.54,5.4,5.5,51937
2012-09-24,5.5,5.58,5.42,5.42,50966
2012-09-25,5.44,5.46,5.4,5.43,29056
2012-09-26,5.4,5.45,5.39,5.39,47041
2012-09-27,5.42,5.44,5.4,5.44,17770
2012-09-28,5.42,5.43,5.38,5.4,25239
2012-10-01,5.38,5.49,5.38,5.4,14781
2012-10-02,5.42,5.42,5.37,5.37,13385
2012-10-03,5.37,5.42,5.37,5.39,11787
2012-10-04,5.4,5.41,5.38,5.38,9963
2012-10-05,5.4,5.4,5.32,5.32,37017
2012-10-08,5.42,5.46,5.36,5.38,79136
2012-10-09,5.4,5.42,5.37,5.4,11654
2012-10-10,5.4,5.42,5.38,5.38,17277
2012-10-11,5.4,5.75,5.39,5.55,46991
2012-10-12,5.55,5.55,5.38,5.52,8999
2012-10-15,5.43,5.54,5.43,5.44,935
2012-10-16,5.51,5.52,5.4,5.4,15539
2012-10-17,5.43,5.47,5.4,5.45,36765
2012-10-18,5.42,5.43,5.15,5.26,47465
2012-10-19,5.25,5.33,5.21,5.22,16621
2012-10-22,5.19,5.39,5.17,5.29,13880
2012-10-23,5.28,5.28,5.15,5.21,3112
2012-10-24,5.15,5.26,5.09,5.09,15877
2012-10-25,5.17,5.17,4.93,4.98,44006
2012-10-26,5.27,5.27,4.91,5.04,44819
2012-10-31,5.05,5.3,5.05,5.12,24750
2012-11-01,5.1,5.44,5.01,5.17,70406
2012-11-02,4.76,4.8,4.53,4.55,31712
2012-11-05,4.5,4.64,4.5,4.51,10581
2012-11-06,4.56,4.75,4.54,4.61,321884
2012-11-07,4.64,4.69,4.51,4.54,30763
2012-11-08,4.51,4.64,4.5,4.57,4083
2012-11-09,4.55,4.55,4.41,4.47,16968
2012-11-12,4.46,4.54,4.41,4.53,10178
2012-11-13,4.52,4.58,4.41,4.47,18581
2012-11-14,4.57,4.59,4.49,4.54,6099
2012-11-15,4.51,4.59,4.49,4.51,6730
2012-11-16,4.51,4.59,4.49,4.56,13700
2012-11-19,4.6,4.82,4.57,4.79,39228
2012-11-20,4.72,4.76,4.66,4.69,12764
2012-11-21,4.69,4.74,4.65,4.68,7479
2012-11-23,4.73,4.75,4.65,4.69,10242
2012-11-26,4.75,4.84,4.66,4.76,325849
2012-11-27,4.75,4.88,4.72,4.88,31979
2012-11-28,4.83,5.15,4.7,4.78,20150
2012-11-29,4.76,4.9,4.76,4.78,18026
2012-11-30,4.85,4.9,4.72,4.75,15880
2012-12-03,4.79,4.97,4.76,4.8,23052
2012-12-04,4.77,4.91,4.72,4.77,37302
2012-12-05,4.76,4.77,4.75,4.75,1394
2012-12-06,4.78,4.87,4.63,4.64,12793
2012-12-07,4.93,4.93,4.65,4.66,11708
2012-12-10,4.66,4.71,4.55,4.66,7689
2012-12-11,4.67,4.69,4.59,4.65,11099
2012-12-12,4.66,4.92,4.6,4.71,8268
2012-12-13,4.71,4.72,4.56,4.6,31183
2012-12-14,4.58,4.81,4.51,4.54,35122
2012-12-17,4.62,4.69,4.49,4.52,29357
2012-12-18,4.63,4.63,4.5,4.53,27866
2012-12-19,4.52,4.55,4.45,4.48,22908
2012-12-20,4.48,4.58,4.41,4.5,47480
2012-12-21,4.46,4.6,4.42,4.45,22981
2012-12-24,4.48,4.8,4.48,4.79,2300
2012-12-26,4.77,4.77,4.49,4.5,15611
2012-12-27,4.52,4.54,4.48,4.48,32466
2012-12-28,4.45,4.49,4.4,4.41,6228
2012-12-31,4.43,4.44,4.23,4.26,46004
2013-01-02,4.4,4.4,4.17,4.21,33279
2013-01-03,4.22,4.39,4.03,4.16,51704
2013-01-04,4.17,4.38,4.17,4.22,24895
2013-01-07,4.24,4.47,4.24,4.46,66205
2013-01-08,4.5,4.68,4.5,4.68,29598
2013-01-09,4.66,4.7,4.57,4.59,8439
2013-01-10,4.6,4.67,4.55,4.55,8938
2013-01-11,4.59,4.8,4.59,4.76,18106
2013-01-14,4.8,5,4.77,4.87,53724
2013-01-15,4.89,5.04,4.82,4.91,15238
2013-01-16,4.91,5.02,4.9,4.92,29449
2013-01-17,4.95,5.08,4.9,4.94,22788
2013-01-18,5.03,5.06,4.9,4.93,27692
2013-01-22,4.97,4.98,4.86,4.91,13905
2013-01-23,4.86,4.97,4.85,4.85,20661
2013-01-24,4.85,4.98,4.76,4.85,24114
2013-01-25,4.9,4.9,4.8,4.84,13971
2013-01-28,4.95,4.95,4.75,4.95,18475
2013-01-29,4.95,4.97,4.9,4.93,19632
2013-01-30,4.93,5.12,4.89,4.94,83521
2013-01-31,4.95,4.95,4.82,4.93,9509
2013-02-01,4.96,4.99,4.8,4.99,13614
2013-02-04,4.99,4.99,4.91,4.99,8123
2013-02-05,4.99,5.23,4.94,5.23,32537
2013-02-06,5.16,5.35,5.09,5.35,31093
2013-02-07,4.93,4.93,4.45,4.49,147992
2013-02-08,4.52,4.66,4.46,4.55,27429
2013-02-11,4.5,4.72,4.5,4.65,18024
2013-02-12,4.68,4.68,4.55,4.67,20165
2013-02-13,4.72,4.73,4.63,4.63,19245
2013-02-14,4.67,4.72,4.66,4.68,29456
2013-02-15,4.7,4.79,4.7,4.71,35842
2013-02-19,4.78,4.91,4.75,4.9,54485
2013-02-20,4.91,4.91,4.52,4.52,22977
2013-02-21,4.55,4.82,4.5,4.52,27044
2013-02-22,4.72,4.72,4.51,4.55,8154
2013-02-25,4.57,4.59,4.4,4.47,35935
2013-02-26,4.51,4.63,4.49,4.56,8557
2013-02-27,4.63,4.65,4.42,4.42,17990
2013-02-28,4.49,4.67,4.39,4.5,14782
2013-03-01,4.61,4.61,4.43,4.5,4350
2013-03-04,4.5,4.63,4.37,4.43,30005
2013-03-05,4.55,4.55,4.45,4.47,18437
2013-03-06,4.46,4.51,4.41,4.5,18858
2013-03-07,4.51,4.59,4.45,4.45,20034
2013-03-08,4.5,4.55,4.38,4.49,76168
2013-03-11,4.49,4.58,4.4,4.54,27284
2013-03-12,4.5,4.55,4.44,4.5,8414
2013-03-13,4.4,4.53,4.4,4.41,10261
2013-03-14,4.38,4.49,4.36,4.46,22120
2013-03-15,4.41,4.48,4.3,4.34,107223
2013-03-18,4.3,4.42,4.3,4.38,15523
2013-03-19,4.36,4.39,4.36,4.37,1032
2013-03-20,4.37,4.44,4.3,4.36,16752
2013-03-21,4.37,4.37,4.34,4.34,1705
2013-03-22,4.32,4.42,4.32,4.37,4319
2013-03-25,4.4,4.47,4.37,4.37,14148
2013-03-26,4.41,4.45,4.38,4.45,1680
2013-03-27,4.44,4.44,4.3,4.32,17550
2013-03-28,4.3,4.44,4.3,4.31,21314
2013-04-01,4.3,4.32,4.3,4.32,1078
2013-04-02,4.32,4.38,4.2,4.2,17715
2013-04-03,4.2,4.23,4.2,4.23,12808
2013-04-04,4.23,4.23,4.1,4.12,29050
2013-04-05,4.1,4.15,4.07,4.11,30533
2013-04-08,4.15,4.25,4.07,4.11,41455
2013-04-09,4.14,4.16,4,4.03,26039
2013-04-10,4.12,4.27,4.11,4.12,14387
2013-04-11,4.13,4.15,4.06,4.11,52888
2013-04-12,4.08,4.13,4,4.09,42932
2013-04-15,4.03,4.08,3.96,4.02,44824
2013-04-16,4.05,4.05,3.96,4.01,31944
2013-04-17,3.7,3.8,3.4,3.4,275923
2013-04-18,3.4,3.44,3.3,3.36,71569
2013-04-19,3.37,3.43,3.3,3.4,884869
2013-04-22,3.41,3.77,3.4,3.42,71279
2013-04-23,3.3,3.49,3.3,3.42,18272
2013-04-24,3.39,3.46,3.37,3.42,9470
2013-04-25,3.43,3.5,3.38,3.41,21916
2013-04-26,3.43,3.58,3.43,3.49,21443
2013-04-29,3.44,3.57,3.44,3.48,31746
2013-04-30,3.49,3.5,3.31,3.35,18907
2013-05-01,3.35,3.36,3.29,3.29,28198
2013-05-02,3.24,3.37,3.2,3.22,15426
2013-05-03,3.22,3.3,3.18,3.18,11681
2013-05-06,3.17,3.3,3.17,3.27,237349
2013-05-07,3.25,3.5,3.25,3.45,224401
2013-05-08,3.47,3.68,3.41,3.67,411853
2013-05-09,3.68,3.8,3.55,3.7,37281
2013-05-10,3.53,3.82,3.52,3.59,22774
2013-05-13,3.65,3.74,3.65,3.73,68548
2013-05-14,3.76,3.79,3.66,3.74,26100
2013-05-15,3.82,3.82,3.69,3.71,31853
2013-05-16,3.75,3.75,3.66,3.69,7573
2013-05-17,3.67,3.74,3.6,3.65,10101
2013-05-20,3.61,3.68,3.59,3.62,9164
2013-05-21,3.59,3.65,3.52,3.6,19311
2013-05-22,3.68,3.71,3.52,3.58,214960
2013-05-23,3.55,3.67,3.53,3.67,8287
2013-05-24,3.78,3.81,3.67,3.76,114769
2013-05-28,3.81,3.82,3.65,3.75,40085
2013-05-29,3.65,3.7,3.65,3.67,58133
2013-05-30,3.65,3.65,3.55,3.56,24605
2013-05-31,3.51,3.6,3.51,3.55,29334
2013-06-03,3.55,3.66,3.55,3.61,7739
2013-06-04,3.63,3.73,3.63,3.65,61790
2013-06-05,3.65,3.73,3.56,3.56,8656
2013-06-06,3.6,3.69,3.6,3.66,24028
2013-06-07,3.68,3.7,3.62,3.62,74073
2013-06-10,3.66,3.7,3.64,3.68,29867
2013-06-11,3.67,3.69,3.64,3.64,38353
2013-06-12,3.64,3.65,3.62,3.62,5383
2013-06-13,3.65,3.75,3.62,3.69,34974
2013-06-14,3.66,3.69,3.64,3.65,18702
2013-06-17,3.65,3.69,3.58,3.58,14599
2013-06-18,3.57,3.63,3.52,3.6,8372
2013-06-19,3.59,3.6,3.51,3.53,33479
2013-06-20,3.52,3.53,3.43,3.47,28807
2013-06-21,3.47,3.5,3.39,3.4,34343
2013-06-24,3.4,3.4,3.3,3.32,31545
2013-06-25,3.48,3.48,3.41,3.44,2973
2013-06-26,3.47,3.47,3.44,3.44,958
2013-06-27,3.49,3.55,3.49,3.54,3120
2013-06-28,3.46,3.58,3.31,3.55,31474
2013-07-01,3.51,3.51,3.4,3.5,24231
2013-07-02,3.46,3.5,3.4,3.49,2207
2013-07-03,3.44,3.51,3.44,3.49,6175
2013-07-05,3.5,3.51,3.45,3.5,16056
2013-07-08,3.48,3.5,3.33,3.4,38256
2013-07-09,3.35,3.4,3.33,3.4,2396
2013-07-10,3.41,3.45,3.41,3.43,1776
2013-07-11,3.44,3.45,3.41,3.45,15627
2013-07-12,3.45,3.45,3.41,3.43,11631
2013-07-15,3.42,3.5,3.42,3.44,9027
2013-07-16,3.45,3.59,3.44,3.59,40480
2013-07-17,3.5,3.58,3.47,3.51,62545
2013-07-18,3.52,3.52,3.49,3.52,4920
2013-07-19,3.52,3.52,3.52,3.52,978
2013-07-22,3.52,3.69,3.45,3.49,17814
2013-07-23,3.67,3.75,3.5,3.52,12777
2013-07-24,3.5,3.72,3.5,3.57,7362
2013-07-25,3.44,3.56,3.44,3.5,1531
2013-07-26,3.55,3.55,3.45,3.48,16124
2013-07-29,3.6,3.63,3.53,3.54,21181
2013-07-30,3.65,3.71,3.52,3.53,10513
2013-07-31,3.54,3.77,3.5,3.64,93723
2013-08-01,3.6,3.6,3.43,3.46,93918
2013-08-02,3.43,3.54,3.4,3.46,48842
2013-08-05,3.43,3.54,3.41,3.44,24017
2013-08-06,3.44,3.49,3.38,3.43,23842
2013-08-07,3.45,3.45,3.37,3.37,19590
2013-08-08,3.41,3.45,3.4,3.41,31860
2013-08-09,3.43,3.44,3.39,3.39,20816
2013-08-12,3.41,3.59,3.38,3.38,63934
2013-08-13,3.39,3.52,3.39,3.46,4306
2013-08-14,3.42,3.58,3.4,3.43,27064
2013-08-15,3.47,3.54,3.4,3.44,7505
2013-08-16,3.42,3.46,3.42,3.42,1245
2013-08-19,3.48,3.48,3.42,3.42,3758
2013-08-20,3.43,3.58,3.43,3.43,110677
2013-08-21,3.46,3.58,3.46,3.49,6875
2013-08-22,3.57,3.59,3.54,3.54,7183
2013-08-23,3.53,3.55,3.47,3.54,26859
2013-08-26,3.52,3.56,3.5,3.55,10715
2013-08-27,3.54,3.54,3.48,3.5,2483
2013-08-28,3.53,3.57,3.47,3.52,9718
2013-08-29,3.52,3.56,3.47,3.56,21275
2013-08-30,3.47,3.55,3.47,3.48,13996
2013-09-03,3.52,3.56,3.52,3.53,1597
2013-09-04,3.52,3.54,3.52,3.52,4305
2013-09-05,3.52,3.56,3.47,3.5,18287
2013-09-06,3.47,3.51,3.47,3.48,7153
2013-09-09,3.49,3.57,3.48,3.5,23831
2013-09-10,3.59,3.59,3.47,3.47,14304
2013-09-11,3.44,3.56,3.44,3.54,32711
2013-09-12,3.58,3.59,3.47,3.53,51489
2013-09-13,3.55,3.59,3.5,3.54,34027
2013-09-16,3.54,3.57,3.42,3.54,18017
2013-09-17,3.56,3.56,3.54,3.55,23482
2013-09-18,3.54,3.58,3.44,3.57,13891
2013-09-19,3.54,3.59,3.51,3.59,42090
2013-09-20,3.61,3.74,3.52,3.55,53017
2013-09-23,3.62,3.64,3.5,3.51,17278
2013-09-24,3.5,3.52,3.45,3.49,6476
2013-09-25,3.47,3.52,3.46,3.49,7868
2013-09-26,3.5,3.51,3.43,3.5,5333
2013-09-27,3.5,3.51,3.46,3.47,17129
2013-09-30,3.48,3.65,3.45,3.45,28476
2013-10-01,3.5,3.56,3.47,3.47,86961
2013-10-02,3.49,3.6,3.47,3.49,51929
2013-10-03,3.48,3.53,3.44,3.44,24696
2013-10-04,3.58,3.58,3.44,3.47,13388
2013-10-07,3.48,3.57,3.48,3.51,12539
2013-10-08,3.51,3.57,3.45,3.47,8665
2013-10-09,3.47,3.54,3.45,3.46,8944
2013-10-10,3.5,3.5,3.45,3.45,9188
2013-10-11,3.46,3.5,3.45,3.49,16053
2013-10-14,3.46,3.6,3.45,3.46,10471
2013-10-15,3.55,3.61,3.45,3.49,17906
2013-10-16,3.6,3.61,3.46,3.46,2681
2013-10-17,3.45,3.48,3.44,3.48,22084
2013-10-18,3.5,3.5,3.4,3.42,14719
2013-10-21,3.41,3.54,3.41,3.46,32140
2013-10-22,3.48,3.66,3.4,3.42,88093
2013-10-23,3.6,3.6,3.5,3.5,7748
2013-10-24,3.5,3.51,3.41,3.43,34369
2013-10-25,3.43,3.43,3.41,3.42,33366
2013-10-28,3.43,3.48,3.4,3.4,79456
2013-10-29,3.44,3.54,3.44,3.53,145386
2013-10-30,3.55,3.69,3.55,3.69,59310
2013-10-31,3.67,3.7,3.6,3.69,299518
2013-11-01,3.65,4.09,3.62,3.95,162909
2013-11-04,3.92,4.24,3.92,4.03,83496
2013-11-05,4.05,4.12,4.01,4.04,44848
2013-11-06,4.1,4.14,4.03,4.05,62455
2013-11-07,4.09,4.13,4.02,4.1,50520
2013-11-08,4.13,4.13,3.95,4,17956
2013-11-11,4.09,4.1,4.01,4.02,119414
2013-11-12,4.02,4.1,4.02,4.09,29764
2013-11-13,4.1,4.4,4.1,4.38,36527
2013-11-14,4.29,4.35,4.25,4.3,18714
2013-11-15,4.28,4.43,4.27,4.41,75501
2013-11-18,4.44,4.48,4.34,4.34,25345
2013-11-19,4.4,4.4,4.3,4.3,14948
2013-11-20,4.28,4.42,4.21,4.3,20369
2013-11-21,4.28,4.43,4.28,4.37,29249
2013-11-22,4.34,4.42,4.3,4.35,8634
2013-11-25,4.32,4.36,4.1,4.33,56834
2013-11-26,4.33,4.37,4.27,4.37,9371
2013-11-27,4.36,4.4,4.28,4.4,15155
2013-11-29,4.37,4.61,4.37,4.61,9282
2013-12-02,4.56,4.57,4.43,4.54,24248
2013-12-03,4.49,4.52,4.34,4.4,53719
2013-12-04,4.43,4.47,4.35,4.38,9323
2013-12-05,4.41,4.42,4.25,4.41,4624
2013-12-06,4.45,4.5,4.4,4.47,81877
2013-12-09,4.47,4.47,4.41,4.46,11970
2013-12-10,4.47,4.6,4.47,4.52,33972
2013-12-11,4.5,4.6,4.48,4.5,8916
2013-12-12,4.45,4.56,4.45,4.5,23209
2013-12-13,4.54,4.84,4.54,4.67,20300
2013-12-16,4.77,5.34,4.72,5.34,16644
2013-12-17,5.24,5.24,4.91,5.13,39240
2013-12-18,5,5.11,4.75,5,23459
2013-12-19,5.04,5.12,4.96,4.99,13806
2013-12-20,4.81,5,4.81,5,18171
2013-12-23,4.86,4.91,4.83,4.84,15717
2013-12-24,4.74,4.97,4.74,4.94,4053
2013-12-26,4.89,4.9,4.61,4.79,18927
2013-12-27,4.78,4.98,4.72,4.9,16600
2013-12-30,4.85,4.96,4.8,4.85,28921
2013-12-31,4.82,4.82,4.51,4.65,15773
2014-01-02,4.66,4.74,4.53,4.58,20225
2014-01-03,4.65,4.78,4.54,4.72,17940
2014-01-06,4.74,4.84,4.73,4.78,18591
2014-01-07,4.75,4.85,4.55,4.64,31035
2014-01-08,4.6,4.85,4.6,4.64,35038
2014-01-09,4.61,4.75,4.61,4.67,11040
2014-01-10,4.71,4.79,4.67,4.7,7251
2014-01-13,4.7,4.75,4.62,4.62,10422
2014-01-14,4.67,4.82,4.67,4.78,22899
2014-01-15,4.75,4.82,4.62,4.75,21603
2014-01-16,4.63,4.89,4.62,4.75,7543
2014-01-17,4.81,4.9,4.65,4.8,17156
2014-01-21,4.77,4.79,4.62,4.62,15484
2014-01-22,4.67,4.85,4.66,4.7,21004
2014-01-23,4.72,4.88,4.72,4.81,15778
2014-01-24,4.89,5,4.8,4.96,17291
2014-01-27,4.85,5,4.85,4.87,24753
2014-01-28,4.95,5.13,4.95,5.13,31464
2014-01-29,5.16,5.27,4.96,5.02,19024
2014-01-30,5,5.05,4.97,4.97,10981
2014-01-31,4.97,5.05,4.97,4.97,10251
2014-02-03,5.04,5.05,4.62,4.67,74022
2014-02-04,4.66,4.75,4.61,4.69,22895
2014-02-05,4.64,4.93,4.63,4.63,9567
2014-02-06,4.11,4.14,3.84,3.85,31843
2014-02-07,3.88,4,3.6,3.66,37598
2014-02-10,3.65,3.84,3.55,3.61,24909
2014-02-11,3.61,3.65,3.55,3.6,29902
2014-02-12,3.56,3.66,3.55,3.62,19829
2014-02-13,3.64,3.64,3.55,3.59,12384
2014-02-14,3.6,3.64,3.56,3.63,4077
2014-02-18,3.6,3.72,3.6,3.72,50762
2014-02-19,3.7,3.89,3.7,3.72,6991
2014-02-20,3.79,3.91,3.79,3.85,6611
2014-02-21,3.91,4,3.81,3.97,10192
2014-02-24,3.9,3.9,3.75,3.78,27502
2014-02-25,3.75,3.93,3.75,3.77,7696
2014-02-26,3.83,3.9,3.76,3.86,3867
2014-02-27,3.89,4.22,3.89,4.09,16434
2014-02-28,4,4.04,3.95,3.95,11597
2014-03-03,3.95,4.18,3.75,3.92,15412
2014-03-04,3.84,4.14,3.84,4.09,6887
2014-03-05,4.01,4.14,3.92,4.12,3704
2014-03-06,4.19,4.19,3.98,4.15,13532
2014-03-07,4.17,4.17,4.09,4.11,12103
2014-03-10,4.11,4.17,3.82,3.85,26124
2014-03-11,3.9,3.9,3.78,3.85,8365
2014-03-12,3.78,3.78,3.75,3.78,4061
2014-03-13,3.78,3.79,3.75,3.76,13775
2014-03-14,3.78,3.81,3.75,3.78,2811
2014-03-17,3.81,3.88,3.81,3.88,9445
2014-03-18,3.85,4.13,3.85,4.05,18849
2014-03-19,4.15,4.16,4.01,4.02,11068
2014-03-20,4.03,4.04,3.82,3.86,9501
2014-03-21,3.93,4.07,3.81,3.81,125366
2014-03-24,3.94,3.97,3.85,3.86,11032
2014-03-25,3.9,3.9,3.78,3.78,41837
2014-03-26,3.85,3.85,3.62,3.62,10312
2014-03-27,3.78,3.8,3.78,3.79,23543
2014-03-28,3.78,3.8,3.78,3.8,8905
2014-03-31,3.8,3.96,3.78,3.96,8069
2014-04-01,4,4.09,3.9,3.92,8304
2014-04-02,3.92,3.99,3.79,3.99,2640
2014-04-03,3.93,3.97,3.83,3.95,19776
2014-04-04,3.88,3.88,3.83,3.84,14902
2014-04-07,3.9,3.9,3.85,3.85,1365
2014-04-08,3.92,3.92,3.85,3.86,6106
2014-04-10,3.86,4.07,3.85,3.87,17391
2014-04-11,3.9,4,3.9,3.95,10331
2014-04-14,4.05,4.05,3.85,3.86,9842
2014-04-15,3.93,3.99,3.85,3.99,20100
2014-04-16,4.03,4.03,3.94,4,6158
2014-04-17,4.05,4.06,3.96,4.06,6906
2014-04-21,4.04,4.09,3.92,4.09,2562
2014-04-22,4.1,4.1,3.96,3.96,1282
2014-04-23,3.95,3.96,3.95,3.96,2913
2014-04-24,3.95,4.09,3.95,4,3475
2014-04-25,4.07,4.44,4.07,4.43,13423
2014-04-28,4.54,4.63,4.4,4.41,21066
2014-04-29,4.42,4.42,4.19,4.19,6322
2014-04-30,4.24,4.24,4.15,4.24,5336
2014-05-01,4.15,4.15,4.01,4.01,53871
2014-05-02,4.07,4.18,4.05,4.08,8847
2014-05-05,4.06,4.06,3.6,3.63,7981
2014-05-06,3.63,3.93,3.6,3.62,20717
2014-05-07,3.62,3.73,3.62,3.62,15602
2014-05-08,3.69,3.79,3.62,3.7,26655
2014-05-09,3.78,3.78,3.75,3.75,23601
2014-05-12,3.76,3.76,3.75,3.76,28017
2014-05-13,3.75,3.98,3.62,3.69,114200
2014-05-14,3.75,3.8,3.65,3.66,16864
2014-05-15,3.58,3.63,3.56,3.6,48359
2014-05-16,3.61,3.73,3.61,3.64,6536
2014-05-19,3.72,3.83,3.65,3.71,14209
2014-05-20,3.72,3.72,3.55,3.55,34033
2014-05-21,3.57,3.78,3.57,3.78,15236
2014-05-22,3.65,3.91,3.61,3.77,55332
2014-05-23,3.85,3.85,3.78,3.85,1510
2014-05-27,3.85,3.93,3.85,3.9,4483
2014-05-28,4,4.14,3.95,4.14,24124
2014-05-29,4.1,4.24,4.1,4.13,7676
2014-05-30,4.05,4.2,4.05,4.06,8692
2014-06-02,4.06,4.18,4.06,4.13,5255
2014-06-03,4.08,4.22,4.06,4.06,23681
2014-06-04,4.06,4.19,4.06,4.19,46409
2014-06-05,4.2,4.25,4.17,4.25,5671
2014-06-06,4.21,4.48,4.21,4.43,14956
2014-06-09,4.42,4.47,4.25,4.39,11743
2014-06-10,4.44,4.47,4.35,4.4,16847
2014-06-11,4.35,4.38,4.3,4.3,22638
2014-06-12,4.35,4.45,4.35,4.35,9219
2014-06-13,4.43,4.45,4.3,4.31,11079
2014-06-16,4.3,4.35,4.3,4.3,32411
2014-06-17,4.3,4.47,4.3,4.33,64215
2014-06-18,4.37,4.6,4.09,4.12,39101
2014-06-19,4.25,4.49,4.15,4.29,18724
2014-06-20,4.33,5,4.26,4.95,57989
2014-06-23,4.84,4.9,4.51,4.72,36365
2014-06-24,4.73,4.82,4.7,4.7,8423
2014-06-25,4.86,4.86,4.7,4.85,10217
2014-06-26,4.75,4.75,4.5,4.51,11437
2014-06-27,4.52,4.72,4.42,4.72,31513
2014-06-30,4.6,4.64,4.55,4.61,15631
2014-07-01,4.6,4.6,4.41,4.43,90340
2014-07-02,4.43,4.5,4.37,4.46,9808
2014-07-03,4.49,4.5,4.33,4.42,8944
2014-07-07,4.48,4.48,4.2,4.24,9917
2014-07-08,4.43,4.48,4.14,4.19,17597
2014-07-09,4.15,4.38,4.07,4.26,5561
2014-07-10,4.58,4.58,4.15,4.16,10080
2014-07-11,4.55,4.55,4.15,4.16,7972
2014-07-14,4.21,4.31,4.21,4.22,2369
2014-07-15,4.27,4.34,4.14,4.16,3150
2014-07-16,4.36,4.43,4.18,4.24,2503
2014-07-17,4.35,4.35,4.15,4.15,18063
2014-07-18,4.24,4.3,4.15,4.15,4770
2014-07-21,4.15,4.8,4.15,4.17,4176
2014-07-22,4.2,4.25,4.04,4.18,9983
2014-07-23,4.01,4.01,3.87,3.93,21335
2014-07-24,4.09,4.11,4,4.09,2257
2014-07-25,4.05,4.2,4.02,4.17,5590
2014-07-28,4.17,4.33,4.1,4.16,17120
2014-07-29,4.22,4.42,4.2,4.32,7426
2014-07-30,4.35,4.5,4.3,4.3,14219
2014-07-31,4.41,4.41,4.3,4.3,14347
2014-08-01,4.3,4.61,4.3,4.3,28256
2014-08-04,4.3,4.44,4.3,4.44,1262
2014-08-05,4.33,4.43,4.3,4.32,4294
2014-08-06,4.31,4.38,4.3,4.36,7029
2014-08-07,4.35,4.37,4.3,4.3,3495
2014-08-08,4.31,4.32,4.3,4.3,6337
2014-08-11,4.32,4.43,4.32,4.35,1006
2014-08-12,4.35,4.35,4.3,4.3,5900
2014-08-13,4.44,4.44,4.16,4.16,9813
2014-08-14,4.15,4.19,4.02,4.1,7533
2014-08-15,4.1,4.1,4.1,4.1,202
2014-08-18,4.09,4.2,3.83,3.83,8364
2014-08-19,3.85,4.06,3.85,3.86,3359
2014-08-20,3.82,3.96,3.82,3.9,2099
2014-08-21,3.86,3.99,3.86,3.89,9893
2014-08-22,3.89,4.01,3.85,3.85,1300
2014-08-25,3.9,3.9,3.85,3.86,4461
2014-08-26,3.97,3.98,3.86,3.86,1585
2014-08-27,3.9,3.95,3.9,3.91,3468
2014-08-28,3.9,4.04,3.9,3.93,3538
2014-08-29,3.92,3.92,3.92,3.92,360
2014-09-02,4.03,4.09,3.93,3.93,9986
2014-09-03,3.93,3.94,3.85,3.86,21370
2014-09-04,3.9,3.9,3.85,3.85,10911
2014-09-05,3.92,3.99,3.85,3.91,22698
2014-09-08,3.9,3.95,3.85,3.9,8514
2014-09-09,3.91,3.94,3.85,3.89,3953
2014-09-10,3.86,3.94,3.85,3.9,4170
2014-09-11,3.85,3.94,3.85,3.88,4792
2014-09-12,3.89,3.89,3.89,3.89,458
2014-09-15,3.86,3.93,3.85,3.89,6343
2014-09-16,3.89,3.9,3.79,3.84,13977
2014-09-17,3.84,3.84,3.81,3.84,2168
2014-09-18,3.79,3.8,3.75,3.76,7807
2014-09-19,3.79,3.84,3.65,3.65,23820
2014-09-22,3.67,3.7,3.67,3.7,558
2014-09-23,3.65,3.7,3.65,3.66,5565
2014-09-24,3.65,3.7,3.65,3.66,2007
2014-09-26,3.65,3.8,3.65,3.8,1895
2014-09-29,3.68,3.8,3.65,3.78,6173
2014-09-30,3.65,3.7,3.65,3.7,882
2014-10-01,3.74,3.74,3.6,3.66,1499
2014-10-02,3.62,3.68,3.61,3.61,3052
2014-10-03,3.6,3.62,3.6,3.6,2547
2014-10-06,3.61,3.61,3.61,3.61,447
2014-10-07,3.6,3.65,3.6,3.61,5320
2014-10-08,3.6,3.65,3.6,3.61,710
2014-10-09,3.6,3.6,3.58,3.58,6546
2014-10-10,3.6,3.6,3.55,3.55,5751
2014-10-13,3.55,3.55,3.54,3.55,11631
2014-10-14,3.54,3.54,3.5,3.5,8198
2014-10-15,3.5,3.53,3.5,3.51,4208
2014-10-16,3.5,3.55,3.5,3.51,3508
2014-10-17,3.51,3.51,3.42,3.42,35977
2014-10-20,3.45,3.45,3.4,3.4,7901
2014-10-21,3.4,3.45,3.4,3.41,29323
2014-10-22,3.4,3.43,3.4,3.43,1551
2014-10-23,3.4,3.42,3.4,3.4,5588
2014-10-24,3.4,3.45,3.4,3.4,5247
2014-10-27,3.5,3.54,3.49,3.5,99570
2014-10-28,3.5,3.5,3.4,3.42,25030
2014-10-29,3.44,3.54,3.4,3.45,73855
2014-10-30,3.47,3.6,3.44,3.59,1128
2014-10-31,3.6,3.6,3.43,3.55,3676
2014-11-03,3.58,3.58,3.41,3.41,6149
2014-11-04,3.41,3.57,3.37,3.37,4854
2014-11-05,3.47,3.56,3.4,3.55,11140
2014-11-06,3.29,3.3,2.8,2.93,115613
2014-11-07,2.95,2.95,2.75,2.76,139985
2014-11-10,2.84,2.89,2.7,2.72,18113
2014-11-11,2.72,2.83,2.6,2.6,59552
2014-11-12,2.6,2.65,2.38,2.4,154900
2014-11-13,2.46,2.5,2.41,2.44,4335
2014-11-14,2.46,2.46,2.36,2.36,77664
2014-11-17,2.3,2.4,2.3,2.3,68806
2014-11-18,2.36,2.38,2.2,2.26,85611
2014-11-19,2.31,2.31,2.2,2.2,13112
2014-11-20,2.21,2.34,2.2,2.34,112784
2014-11-21,2.36,2.36,2.23,2.35,2785
2014-11-24,2.32,2.42,2.29,2.29,2900
2014-11-25,2.33,2.46,2.32,2.36,3414
2014-11-26,2.27,2.35,2.26,2.33,6281
2014-11-28,2.33,2.33,2.28,2.28,3364
2014-12-01,2.31,2.32,2.23,2.24,3900
2014-12-02,2.37,2.37,2.24,2.31,1316
2014-12-03,2.34,2.34,2.26,2.33,5347
2014-12-04,2.3,2.33,2.21,2.21,17735
2014-12-05,2.2,2.3,2.2,2.3,60836
2014-12-08,2.25,2.3,2.25,2.26,7622
2014-12-09,2.26,2.28,2.2,2.26,110923
2014-12-10,2.22,2.23,2.14,2.15,63613
2014-12-11,2.22,2.27,2.15,2.19,7303
2014-12-12,2.19,2.19,2.15,2.15,7164
2014-12-15,2.19,2.19,2.15,2.16,8364
2014-12-16,2.17,2.2,2.15,2.19,8408
2014-12-17,2.2,2.2,2.15,2.15,10045
2014-12-18,2.16,2.19,2.15,2.15,38155
2014-12-19,2.16,2.19,2.14,2.16,24773
2014-12-22,2.24,2.48,2.24,2.36,103412
2014-12-23,2.42,2.92,2.39,2.54,89276
2014-12-24,2.66,2.7,2.46,2.46,14567
2014-12-26,2.49,2.79,2.33,2.44,29730
2014-12-29,2.5,2.56,2.45,2.45,12782
2014-12-30,2.45,2.57,2.45,2.51,8928
2014-12-31,2.48,2.64,2.48,2.5,21157
2015-01-02,2.5,2.57,2.5,2.55,13584
2015-01-05,2.55,2.55,2.46,2.47,11320
2015-01-06,2.51,2.51,2.47,2.5,3120
2015-01-07,2.46,2.59,2.46,2.46,23201
2015-01-08,2.57,2.57,2.46,2.46,14004
2015-01-09,2.46,2.59,2.38,2.53,73952
2015-01-12,2.52,2.59,2.52,2.55,18483
