"Index","JLA.Close"
2010-01-04,NA
2010-01-05,-0.0023
2010-01-06,-0.00927
2010-01-07,0.00078
2010-01-08,0.00772
2010-01-11,-0.00077
2010-01-12,-0.00463
2010-01-13,0.0054
2010-01-14,0.00613
2010-01-15,-0.00767
2010-01-19,0.00461
2010-01-20,-0.00615
2010-01-21,-0.00775
2010-01-22,-0.0141
2010-01-25,0.00394
2010-01-26,-0.00394
2010-01-27,-0.0111
2010-01-28,-0.01446
2010-01-29,-0.01139
2010-02-01,0.01623
2010-02-02,0.00962
2010-02-03,0.00557
2010-02-04,-0.0257
2010-02-05,-0.00489
2010-02-08,-0.00656
2010-02-09,0.01875
2010-02-10,0.00081
2010-02-11,0.01283
2010-02-12,0.00477
2010-02-16,0.01808
2010-02-17,0.00544
2010-02-18,0.00309
2010-02-19,0.00539
2010-02-22,0
2010-02-23,0.0023
2010-02-24,0.01143
2010-02-25,0.00454
2010-02-26,0.00376
2010-03-01,0.00674
2010-03-02,0.01113
2010-03-03,-0.00964
2010-03-04,0.00446
2010-03-05,0.01033
2010-03-08,-0.00442
2010-03-09,0.01027
2010-03-10,0.00437
2010-03-11,-0.02204
2010-03-12,-0.00521
2010-03-15,0.00075
2010-03-16,0.00669
2010-03-17,0.0037
2010-03-18,0.00074
2010-03-19,-0.01487
2010-03-22,0.01043
2010-03-23,0.00296
2010-03-24,-0.00444
2010-03-25,0.00371
2010-03-26,0.00074
2010-03-29,0
2010-03-30,0.00736
2010-03-31,-0.00294
2010-04-01,0.01243
2010-04-05,-0.00145
2010-04-06,0
2010-04-07,-0.00657
2010-04-08,-0.00073
2010-04-09,0.00803
2010-04-12,-0.00146
2010-04-13,-0.00438
2010-04-14,0.00801
2010-04-15,-0.00291
2010-04-16,-0.01985
2010-04-19,-0.0097
2010-04-20,0.00299
2010-04-21,-0.00224
2010-04-22,0.01117
2010-04-23,0.00296
2010-04-26,0.00516
2010-04-27,-0.01108
2010-04-28,0.00297
2010-04-29,0.01032
2010-04-30,-0.01254
2010-05-03,0.01474
2010-05-04,-0.02369
2010-05-05,-0.01738
2010-05-06,-0.07599
2010-05-07,0.00574
2010-05-10,0.03613
2010-05-11,-0.00079
2010-05-12,0.01954
2010-05-13,-0.00388
2010-05-14,-0.01882
2010-05-17,-0.00397
2010-05-18,-0.00558
2010-05-19,-0.00883
2010-05-20,-0.03446
2010-05-21,0.00748
2010-05-24,0.00083
2010-05-25,-0.00249
2010-05-26,0.01564
2010-05-27,0.02819
2010-05-28,-0.01359
2010-06-01,-0.00242
2010-06-02,0.01522
2010-06-03,-0.00478
2010-06-04,-0.02425
2010-06-07,0.00082
2010-06-08,0.01461
2010-06-09,0
2010-06-10,0.02624
2010-06-11,-0.0319
2010-06-14,0.00485
2010-06-15,0.00963
2010-06-16,-0.0024
2010-06-17,-0.00723
2010-06-18,-0.00323
2010-06-21,0.01126
2010-06-22,-0.00965
2010-06-23,0.00161
2010-06-24,-0.01217
2010-06-25,0.01378
2010-06-28,0.00402
2010-06-29,-0.01454
2010-06-30,-0.00899
2010-07-01,-0.00082
2010-07-02,-0.00991
2010-07-06,-0.00583
2010-07-07,0.01162
2010-07-08,0.0074
2010-07-09,0.00653
2010-07-12,-0.00489
2010-07-13,0.01219
2010-07-14,-0.00648
2010-07-15,0
2010-07-16,-0.01145
2010-07-19,0.01145
2010-07-20,0.0081
2010-07-21,-0.00647
2010-07-22,0.02722
2010-07-23,0.00237
2010-07-26,0.00628
2010-07-27,0.00313
2010-07-28,-0.00862
2010-07-29,0.00236
2010-07-30,0.01016
2010-08-02,0.00852
2010-08-03,0.00231
2010-08-04,0.00154
2010-08-05,0.0023
2010-08-06,0.00991
2010-08-09,0.00982
2010-08-10,-0.00754
2010-08-11,-0.03075
2010-08-12,0.00623
2010-08-13,0.0108
2010-08-16,0.00612
2010-08-17,0.01288
2010-08-18,-0.00604
2010-08-19,-0.01296
2010-08-20,0.00612
2010-08-23,-0.00382
2010-08-24,-0.00537
2010-08-25,0.01452
2010-08-26,-0.00915
2010-08-27,0.01066
2010-08-30,-0.00456
2010-08-31,-0.00076
2010-09-01,0.02334
2010-09-02,-0.00298
2010-09-03,-0.00224
2010-09-07,-0.00525
2010-09-08,0.01567
2010-09-09,-0.00074
2010-09-10,0.01032
2010-09-13,-0.01925
2010-09-14,-0.01127
2010-09-15,0
2010-09-16,-0.00227
2010-09-17,-0.01296
2010-09-20,0.00841
2010-09-21,-0.00841
2010-09-22,-0.00231
2010-09-23,0.0046
2010-09-24,0.00915
2010-09-27,-0.00685
2010-09-28,0.00305
2010-09-29,0.00076
2010-09-30,0.00456
2010-10-01,0.00151
2010-10-04,-0.01524
2010-10-05,0.01297
2010-10-06,-0.00685
2010-10-07,-0.00306
2010-10-08,0.00229
2010-10-11,-0.00076
2010-10-12,-0.00153
2010-10-13,0.01142
2010-10-14,0
2010-10-15,-0.00607
2010-10-18,-0.00076
2010-10-19,-0.01381
2010-10-20,0.00693
2010-10-21,0.00917
2010-10-22,-0.00076
2010-10-25,0.00228
2010-10-26,-0.00076
2010-10-27,0
2010-10-28,0.00076
2010-10-29,0
2010-11-01,0.00379
2010-11-02,0.00603
2010-11-03,-0.00226
2010-11-04,0.01049
2010-11-05,-0.00299
2010-11-08,-0.0045
2010-11-09,-0.00982
2010-11-10,-0.00152
2010-11-11,-0.00304
2010-11-12,-0.00765
2010-11-15,0.00077
2010-11-16,-0.01547
2010-11-17,0.01162
2010-11-18,0.01377
2010-11-19,-0.00304
2010-11-22,0.00532
2010-11-23,-0.00532
2010-11-24,0.01212
2010-11-26,-0.00226
2010-11-29,0.00075
2010-11-30,0.00151
2010-12-01,0.01495
2010-12-02,-0.00148
2010-12-03,-0.00372
2010-12-06,0.00446
2010-12-07,0
2010-12-08,-0.00223
2010-12-09,0.00223
2010-12-10,0.00222
2010-12-13,-0.0202
2010-12-14,-0.01064
2010-12-15,-0.00998
2010-12-16,-0.01869
2010-12-17,-0.00236
2010-12-20,-0.00158
2010-12-21,0.00708
2010-12-22,0.00858
2010-12-23,-0.00389
2010-12-27,0.00156
2010-12-28,-0.00156
2010-12-29,0
2010-12-30,0.00312
2010-12-31,0.00311
2011-01-03,0.00772
2011-01-04,-0.0085
2011-01-05,-0.00078
2011-01-06,-0.00545
2011-01-07,-0.00156
2011-01-10,0.00078
2011-01-11,0
2011-01-12,0.00312
2011-01-13,-0.00078
2011-01-14,-0.00312
2011-01-18,-0.00392
2011-01-19,-0.00551
2011-01-20,0.00158
2011-01-21,0.01019
2011-01-24,0.00156
2011-01-25,-0.00468
2011-01-26,0.00468
2011-01-27,-0.00156
2011-01-28,-0.0189
2011-01-31,0.01107
2011-02-01,0.0125
2011-02-02,0.00078
2011-02-03,0.00078
2011-02-04,0.00232
2011-02-07,0.00463
2011-02-08,0.00461
2011-02-09,-0.00461
2011-02-10,0.00231
2011-02-11,0.00613
2011-02-14,0.00076
2011-02-15,-0.00076
2011-02-16,0.0076
2011-02-17,-0.00456
2011-02-18,-0.00076
2011-02-22,-0.0138
2011-02-23,-0.00232
2011-02-24,-0.00232
2011-02-25,0.00464
2011-02-28,0
2011-03-01,-0.00309
2011-03-02,0.00077
2011-03-03,0.01231
2011-03-04,-0.00767
2011-03-07,-0.00309
2011-03-08,0.00693
2011-03-09,-0.00154
2011-03-10,-0.01082
2011-03-11,-0.01566
2011-03-14,-0.00713
2011-03-15,-0.00638
2011-03-16,-0.0145
2011-03-17,0.00324
2011-03-18,0.00081
2011-03-21,0.01365
2011-03-22,0.00159
2011-03-23,0.00793
2011-03-24,0.00394
2011-03-25,0.00157
2011-03-28,0
2011-03-29,0.00392
2011-03-30,0.00234
2011-03-31,0.00234
2011-04-01,0.00698
2011-04-04,-0.00387
2011-04-05,-0.00545
2011-04-06,0.00234
2011-04-07,-0.00468
2011-04-08,-0.00392
2011-04-11,-0.00236
2011-04-12,-0.00474
2011-04-13,0.00316
2011-04-14,0
2011-04-15,-0.00079
2011-04-18,-0.00872
2011-04-19,0.00556
2011-04-20,0.00789
2011-04-21,-0.00157
2011-04-25,-0.00473
2011-04-26,0.00237
2011-04-27,0.00236
2011-04-28,-0.00157
2011-04-29,0.00472
2011-05-02,-0.00078
2011-05-03,-0.00079
2011-05-04,-0.0063
2011-05-05,-0.00396
2011-05-06,0.00396
2011-05-09,0.0063
2011-05-10,0.0047
2011-05-11,-0.00785
2011-05-12,0.00315
2011-05-13,-0.00079
2011-05-16,-0.00079
2011-05-17,-0.00157
2011-05-18,0.00707
2011-05-19,0.00078
2011-05-20,-0.00549
2011-05-23,-0.00315
2011-05-24,0.00315
2011-05-25,0.00236
2011-05-26,-0.00078
2011-05-27,0.00157
2011-05-31,0.00625
2011-06-01,-0.00782
2011-06-02,0.00235
2011-06-03,-0.0055
2011-06-06,-0.00632
2011-06-07,0.00553
2011-06-08,-0.00791
2011-06-09,0.00633
2011-06-10,-0.01271
2011-06-13,-0.02755
2011-06-14,0.00818
2011-06-15,-0.01809
2011-06-16,-0.00499
2011-06-17,0.00582
2011-06-20,0.00248
2011-06-21,0.01396
2011-06-22,0.00163
2011-06-23,-0.00245
2011-06-24,-0.00491
2011-06-27,0.00491
2011-06-28,0.00813
2011-06-29,0.00646
2011-06-30,0.00961
2011-07-01,0.00635
2011-07-05,-0.00238
2011-07-06,-0.00238
2011-07-07,0.01265
2011-07-08,-0.0071
2011-07-11,-0.00715
2011-07-12,-0.00159
2011-07-13,0.00159
2011-07-14,-0.00639
2011-07-15,-8e-04
2011-07-18,-0.01049
2011-07-19,0.01129
2011-07-20,-0.00241
2011-07-21,0.00721
2011-07-22,-0.0024
2011-07-25,-0.00723
2011-07-26,-0.00081
2011-07-27,-0.01135
2011-07-28,-0.00245
2011-07-29,-0.00821
2011-08-01,0.00329
2011-08-02,-0.01074
2011-08-03,-0.00083
2011-08-04,-0.02867
2011-08-05,-0.01465
2011-08-08,-0.09081
2011-08-09,0.04189
2011-08-10,-0.011
2011-08-11,0.04064
2011-08-12,0.01231
2011-08-15,0.02076
2011-08-16,-0.0086
2011-08-17,0.00086
2011-08-18,-0.03602
2011-08-19,-0.01714
2011-08-22,0.00182
2011-08-23,0.03217
2011-08-24,0.01484
2011-08-25,-0.00608
2011-08-26,0.01041
2011-08-29,0.01711
2011-08-30,0
2011-08-31,0
2011-09-01,-0.00852
2011-09-02,-0.01987
2011-09-06,-0.00788
2011-09-07,0.02347
2011-09-08,-0.0121
2011-09-09,-0.01401
2011-09-12,0.0044
2011-09-13,-0.01772
2011-09-14,0.00978
2011-09-15,0.00881
2011-09-16,0
2011-09-19,-0.00881
2011-09-20,0.0053
2011-09-21,-0.01597
2011-09-22,-0.01441
2011-09-23,0.00181
2011-09-26,0.00812
2011-09-27,0.01427
2011-09-28,-0.01338
2011-09-29,0.00626
2011-09-30,-0.02073
2011-10-03,-0.02583
2011-10-04,-0.00468
2011-10-05,0.01584
2011-10-06,0.01922
2011-10-07,0.00181
2011-10-10,0.02414
2011-10-11,-0.0062
2011-10-12,0.00443
2011-10-13,0.00177
2011-10-14,0.01142
2011-10-17,-0.01585
2011-10-18,0.01933
2011-10-19,-0.00962
2011-10-20,0.00263
2011-10-21,0.00873
2011-10-24,0.00693
2011-10-25,-0.02092
2011-10-26,0.01487
2011-10-27,0.01636
2011-10-28,-0.00686
2011-10-31,-0.02173
2011-11-01,-0.00971
2011-11-02,0.00619
2011-11-03,0.01053
2011-11-04,-0.00175
2011-11-07,0.00523
2011-11-08,0.00693
2011-11-09,-0.02714
2011-11-10,0.00619
2011-11-11,0.0114
2011-11-14,-0.00612
2011-11-15,0.01221
2011-11-16,-0.00521
2011-11-17,-0.00612
2011-11-18,0.00263
2011-11-21,-0.01853
2011-11-22,0.00356
2011-11-23,-0.0143
2011-11-25,0.00539
2011-11-28,0.01422
2011-11-29,0
2011-11-30,0.02183
2011-12-01,0.00173
2011-12-02,-0.00086
2011-12-05,0.00345
2011-12-06,0.00086
2011-12-07,0.00172
2011-12-08,-0.01905
2011-12-09,0.01303
2011-12-12,-0.0139
2011-12-13,-0.01498
2011-12-14,-0.00178
2011-12-15,-0.00178
2011-12-16,0.00267
2011-12-19,-0.00535
2011-12-20,0.01684
2011-12-21,-0.00529
2011-12-22,0.00704
2011-12-23,0.00699
2011-12-27,-0.00262
2011-12-28,-0.00701
2011-12-29,0.00701
2011-12-30,0.00087
2012-01-03,0.00348
2012-01-04,-0.00174
2012-01-05,0.00435
2012-01-06,0.01035
2012-01-09,0.00428
2012-01-10,0.0102
2012-01-11,-0.00764
2012-01-12,-0.00256
2012-01-13,-0.00428
2012-01-17,0.00086
2012-01-18,0.01024
2012-01-19,0.00761
2012-01-20,0.00252
2012-01-23,0.00503
2012-01-24,-0.00167
2012-01-25,0.01
2012-01-26,-0.00415
2012-01-27,0.00415
2012-01-30,-0.00499
2012-01-31,0.00582
2012-02-01,0.00578
2012-02-02,-0.00247
2012-02-03,-0.00083
2012-02-06,0.00412
2012-02-07,0.00738
2012-02-08,0.00163
2012-02-09,-0.00655
2012-02-10,-0.00494
2012-02-13,0.00658
2012-02-14,-0.00082
2012-02-15,-0.00164
2012-02-16,0.00328
2012-02-17,0.00245
2012-02-21,0.00082
2012-02-22,-0.00245
2012-02-23,0.01301
2012-02-24,-0.00324
2012-02-27,-0.00569
2012-02-28,0.00163
2012-02-29,-0.00326
2012-03-01,0.00732
2012-03-02,-0.0065
2012-03-05,-0.00901
2012-03-06,-0.00993
2012-03-07,0.01321
2012-03-08,0.00654
2012-03-09,-0.00082
2012-03-12,-0.00491
2012-03-13,-0.00823
2012-03-14,-0.00913
2012-03-15,0.00582
2012-03-16,-0.00083
2012-03-19,0.00249
2012-03-20,-0.00415
2012-03-21,-0.00083
2012-03-22,-0.0025
2012-03-23,0.00083
2012-03-26,0.00499
2012-03-27,0.00166
2012-03-28,-0.00498
2012-03-29,0
2012-03-30,0.00829
2012-04-02,0.00658
2012-04-03,-0.01154
2012-04-04,-0.00499
2012-04-05,-0.00083
2012-04-09,-0.00586
2012-04-10,-0.00842
2012-04-11,0.00759
2012-04-12,0.01086
2012-04-13,-0.00667
2012-04-16,-0.00167
2012-04-17,0.01083
2012-04-18,0.00248
2012-04-19,-0.00331
2012-04-20,0.00331
2012-04-23,-0.00414
2012-04-24,0.00497
2012-04-25,0.0074
2012-04-26,0.00246
2012-04-27,-0.00328
2012-04-30,-0.00246
2012-05-01,0.00328
2012-05-02,0
2012-05-03,-0.00575
2012-05-04,-0.00496
2012-05-07,0.00083
2012-05-08,-0.00498
2012-05-09,-0.00083
2012-05-10,0.00166
2012-05-11,0
2012-05-14,-0.01423
2012-05-15,0.00505
2012-05-16,-0.0042
2012-05-17,-0.00676
2012-05-18,-0.01195
2012-05-21,0.00599
2012-05-22,0.00595
2012-05-23,0
2012-05-24,0.01013
2012-05-25,0.00084
2012-05-29,0.01085
2012-05-30,-0.0075
2012-05-31,-0.00335
2012-06-01,-0.01607
2012-06-04,-0.01028
2012-06-05,0.0043
2012-06-06,0.01953
2012-06-07,0.00503
2012-06-08,0.00501
2012-06-11,-0.0025
2012-06-12,0.00748
2012-06-13,-0.02602
2012-06-14,0.0017
2012-06-15,0.00085
2012-06-18,-0.0017
2012-06-19,0.01182
2012-06-20,-0.00252
2012-06-21,-0.0093
2012-06-22,0.0093
2012-06-25,-0.00591
2012-06-26,0.00169
2012-06-27,0.00674
2012-06-28,-0.00589
2012-06-29,0.01509
2012-07-02,0.00663
2012-07-03,0.00741
2012-07-05,0
2012-07-06,-0.00246
2012-07-09,0
2012-07-10,-0.00577
2012-07-11,0
2012-07-12,-0.00581
2012-07-13,0.01404
2012-07-16,-0.01072
2012-07-17,0.00826
2012-07-18,0.00492
2012-07-19,0
2012-07-20,-0.00904
2012-07-23,0.00412
2012-07-24,0.00246
2012-07-25,0.00246
2012-07-26,0.00408
2012-07-27,0.00407
2012-07-30,-0.00162
2012-07-31,-0.00244
2012-08-01,-0.00163
2012-08-02,0
2012-08-03,0.017
2012-08-06,-0.00725
2012-08-07,0.00242
2012-08-08,-0.00242
2012-08-09,-0.00243
2012-08-10,-0.00162
2012-08-13,0.00243
2012-08-14,-0.00081
2012-08-15,0
2012-08-16,0.00404
2012-08-17,0.00242
2012-08-20,-0.00565
2012-08-21,0.00565
2012-08-22,-0.00484
2012-08-23,-0.00324
2012-08-24,0.00324
2012-08-27,-0.00081
2012-08-28,0.00243
2012-08-29,0.00081
2012-08-30,-0.00242
2012-08-31,0.00484
2012-09-04,0.00241
2012-09-05,-0.00402
2012-09-06,0.00803
2012-09-07,-8e-04
2012-09-10,-0.00321
2012-09-11,0.00321
2012-09-12,-0.01533
2012-09-13,0.00729
2012-09-14,0.00644
2012-09-17,-0.00161
2012-09-18,-0.00483
2012-09-19,0.00724
2012-09-20,0.0032
2012-09-21,0.00716
2012-09-24,0.00158
2012-09-25,-0.00635
2012-09-26,8e-04
2012-09-27,0.01187
2012-09-28,-0.00394
2012-10-01,0.00865
2012-10-02,-0.01738
2012-10-03,-0.00399
2012-10-04,0.00558
2012-10-05,-0.00239
2012-10-08,0.00715
2012-10-09,-0.00795
2012-10-10,-0.0048
2012-10-11,-8e-04
2012-10-12,0.0016
2012-10-15,8e-04
2012-10-16,-0.0024
2012-10-17,-0.00563
2012-10-18,-0.00485
2012-10-19,-0.01388
2012-10-22,0.00082
2012-10-23,0.00492
2012-10-24,-0.0041
2012-10-25,-0.00576
2012-10-26,0.00412
2012-10-31,0.00492
2012-11-01,0.00896
2012-11-02,-0.00406
2012-11-05,-0.00245
2012-11-06,0.01298
2012-11-07,-0.01461
2012-11-08,-0.00903
2012-11-09,-0.00995
2012-11-12,0.00167
2012-11-13,-0.00584
2012-11-14,-0.03838
2012-11-15,-0.02198
2012-11-16,0.02718
2012-11-19,0.02899
2012-11-20,0.00168
2012-11-21,0.01416
2012-11-23,0.00495
2012-11-26,0.00329
2012-11-27,0.00164
2012-11-28,0.00653
2012-11-29,0
2012-11-30,-0.00735
2012-12-03,-0.00493
2012-12-04,-0.00247
2012-12-05,-0.00663
2012-12-06,-0.00416
2012-12-07,0.00748
2012-12-10,-0.00249
2012-12-11,0.0058
2012-12-12,-0.0217
2012-12-13,-0.00253
2012-12-14,-0.00339
2012-12-17,0.00508
2012-12-18,0.00589
2012-12-19,-0.00168
2012-12-20,0.00336
2012-12-21,-0.00588
2012-12-24,0
2012-12-26,-0.00084
2012-12-27,-0.00084
2012-12-28,-0.00678
2012-12-31,0.01183
2013-01-02,0.02244
2013-01-03,-0.00577
2013-01-04,0.00987
2013-01-07,0
2013-01-08,0.00082
2013-01-09,0.00489
2013-01-10,0.0073
2013-01-11,0.00081
2013-01-14,-0.00404
2013-01-15,-0.00081
2013-01-16,0.00727
2013-01-17,0.00161
2013-01-18,0
2013-01-22,0.00321
2013-01-23,0.0032
2013-01-24,0.0016
2013-01-25,0.00477
2013-01-28,-0.00877
2013-01-29,8e-04
2013-01-30,-0.00884
2013-01-31,0.00161
2013-02-01,-0.00161
2013-02-04,-0.00485
2013-02-05,0.00566
2013-02-06,0.00803
2013-02-07,8e-04
2013-02-08,8e-04
2013-02-11,-0.004
2013-02-12,0.00719
2013-02-13,-0.00159
2013-02-14,0
2013-02-15,8e-04
2013-02-19,0.00159
2013-02-20,-0.00959
2013-02-21,-0.00645
2013-02-22,0.01125
2013-02-25,-0.00883
2013-02-26,0.00402
2013-02-27,0.00241
2013-02-28,-0.00241
2013-03-01,0.0072
2013-03-04,8e-04
2013-03-05,0.00635
2013-03-06,0.00158
2013-03-07,-0.00158
2013-03-08,0.00237
2013-03-11,0.00394
2013-03-12,0.00157
2013-03-13,-0.02064
2013-03-14,-0.00161
2013-03-15,-0.00402
2013-03-18,-0.00404
2013-03-19,-0.00324
2013-03-20,0.00809
2013-03-21,0
2013-03-22,0.00803
2013-03-25,-0.004
2013-03-26,0.0064
2013-03-27,-0.004
2013-03-28,-0.00482
2013-04-01,-8e-04
2013-04-02,0.00402
2013-04-03,-0.00402
2013-04-04,8e-04
2013-04-05,8e-04
2013-04-08,0
2013-04-09,0.00561
2013-04-10,0.00637
2013-04-11,0.00079
2013-04-12,-0.00079
2013-04-15,-0.0144
2013-04-16,0.01281
2013-04-17,-0.00799
2013-04-18,-0.00482
2013-04-19,0.00562
2013-04-22,0.00639
2013-04-23,0.00397
2013-04-24,-0.00079
2013-04-25,0.00712
2013-04-26,-0.00079
2013-04-29,-0.00158
2013-04-30,0
2013-05-01,-0.00158
2013-05-02,0.00945
2013-05-03,0.00235
2013-05-06,-0.00313
2013-05-07,0.00859
2013-05-08,-0.00624
2013-05-09,-0.00078
2013-05-10,0.00547
2013-05-13,0.00311
2013-05-14,0.00696
2013-05-15,0.00308
2013-05-16,0
2013-05-17,0.0023
2013-05-20,-0.00461
2013-05-21,0.00384
2013-05-22,-0.00384
2013-05-23,0.00077
2013-05-24,-0.00231
2013-05-28,0.00308
2013-05-29,-0.01161
2013-05-30,0.00233
2013-05-31,-0.01171
2013-06-03,-0.00947
2013-06-04,0.00079
2013-06-05,-0.01437
2013-06-06,0.0088
2013-06-07,0.01345
2013-06-10,0.00157
2013-06-11,-0.00236
2013-06-12,-0.02873
2013-06-13,0.01047
2013-06-14,-0.00724
2013-06-17,-0.00485
2013-06-18,0.00888
2013-06-19,-0.00564
2013-06-20,-0.01877
2013-06-21,0.00247
2013-06-24,-0.0216
2013-06-25,0.00669
2013-06-26,0.02145
2013-06-27,0.00245
2013-06-28,0.00487
2013-07-01,0.00968
2013-07-02,-0.00241
2013-07-03,-0.00889
2013-07-05,0.00728
2013-07-08,0.00241
2013-07-09,0.00561
2013-07-10,-0.0016
2013-07-11,0.01273
2013-07-12,-0.00714
2013-07-15,0.00477
2013-07-16,-0.00716
2013-07-17,8e-04
2013-07-18,0
2013-07-19,-0.0048
2013-07-22,-0.00966
2013-07-23,0.00886
2013-07-24,-0.00482
2013-07-25,0.01201
2013-07-26,0.00872
2013-07-29,-0.00633
2013-07-30,-0.00318
2013-07-31,0.00239
2013-08-01,0.00238
2013-08-02,-0.00636
2013-08-05,-0.0048
2013-08-06,0.00719
2013-08-07,-0.00159
2013-08-08,-8e-04
2013-08-09,-0.00641
2013-08-12,0.00641
2013-08-13,8e-04
2013-08-14,-0.00801
2013-08-15,-0.00726
2013-08-16,-0.00162
2013-08-19,0
2013-08-20,0.00324
2013-08-21,0
2013-08-22,0.00564
2013-08-23,8e-04
2013-08-26,8e-04
2013-08-27,-0.01292
2013-08-28,0.00244
2013-08-29,0.00243
2013-08-30,-0.00243
2013-09-03,0.00081
2013-09-04,0.00646
2013-09-05,-0.00484
2013-09-06,0.00242
2013-09-09,0.00804
2013-09-10,0.00638
2013-09-11,-0.02171
2013-09-12,0
2013-09-13,0.00325
2013-09-16,0.00081
2013-09-17,0.00081
2013-09-18,0.01286
2013-09-19,-0.0048
2013-09-20,-0.00563
2013-09-23,-0.00323
2013-09-24,-0.00162
2013-09-25,-0.00325
2013-09-26,0.0073
2013-09-27,-0.00405
2013-09-30,-0.01635
2013-10-01,0.01229
2013-10-02,-0.00408
2013-10-03,-0.00574
2013-10-04,0.00492
2013-10-07,-0.00739
2013-10-08,-0.00828
2013-10-09,0
2013-10-10,0.01649
2013-10-11,0.00163
2013-10-14,-0.00082
2013-10-15,-0.00985
2013-10-16,0.01067
2013-10-17,0.00407
2013-10-18,0.00648
2013-10-21,-0.00243
2013-10-22,0.00404
2013-10-23,-0.00404
2013-10-24,0.00081
2013-10-25,0.00242
2013-10-28,0
2013-10-29,0.00161
2013-10-30,-0.00161
2013-10-31,0.00242
2013-11-01,0.00161
2013-11-04,0.00401
2013-11-05,-0.00482
2013-11-06,0.00161
2013-11-07,-0.00969
2013-11-08,0.00566
2013-11-11,-0.00081
2013-11-12,-0.00242
2013-11-13,0.00484
2013-11-14,0.00482
2013-11-15,0.004
2013-11-18,-0.0032
2013-11-19,-0.0016
2013-11-20,-0.00241
2013-11-21,0.01119
2013-11-22,0.00079
2013-11-25,-0.00239
2013-11-26,-0.00159
2013-11-27,-0.0024
2013-11-29,0.00399
2013-12-02,-0.00319
2013-12-03,0.00239
2013-12-04,-8e-04
2013-12-05,-0.0024
2013-12-06,0.00796
2013-12-09,0
2013-12-10,0.00396
2013-12-11,-0.02398
2013-12-12,-0.00405
2013-12-13,-0.00163
2013-12-16,0.00325
2013-12-17,-0.00244
2013-12-18,0.01212
2013-12-19,-0.00161
2013-12-20,0.00881
2013-12-23,0.00715
2013-12-24,0.00237
2013-12-26,-0.00079
2013-12-27,0
2013-12-30,-0.00079
2013-12-31,0
2014-01-02,-0.01194
2014-01-03,-0.0024
2014-01-06,8e-04
2014-01-07,0.01196
2014-01-08,0.00079
2014-01-09,0.00158
2014-01-10,0.00158
2014-01-13,-0.01191
2014-01-14,0.00558
2014-01-15,0.00475
2014-01-16,-0.00079
2014-01-17,-0.00158
2014-01-21,0.00553
2014-01-22,-0.00079
2014-01-23,-0.00395
2014-01-24,-0.00875
2014-01-27,-0.00721
2014-01-28,0.0104
2014-01-29,-0.00639
2014-01-30,0.0048
2014-01-31,-0.004
2014-02-03,-0.0137
2014-02-04,0.00647
2014-02-05,0.00081
2014-02-06,0.01042
2014-02-07,0.0111
2014-02-10,0.00158
2014-02-11,0.0094
2014-02-12,-0.00234
2014-02-13,0.00156
2014-02-14,0.00545
2014-02-18,-0.00233
2014-02-19,-0.0039
2014-02-20,0.00856
2014-02-21,-0.00155
2014-02-24,0.00542
2014-02-25,-0.00077
2014-02-26,0.00385
2014-02-27,0.00154
2014-02-28,0.0023
2014-03-03,-0.00692
2014-03-04,0.01303
2014-03-05,-0.00458
2014-03-06,0.00306
2014-03-07,-0.00612
2014-03-10,-0.00462
2014-03-11,0.00308
2014-03-12,-0.02097
2014-03-13,-0.00551
2014-03-14,-0.00158
2014-03-17,0.00709
2014-03-18,0.00548
2014-03-19,-0.00469
2014-03-20,0.00391
2014-03-21,-0.00313
2014-03-24,0.00078
2014-03-25,-0.00157
2014-03-26,-0.00314
2014-03-27,-0.0079
2014-03-28,0.00317
2014-03-31,0.00316
2014-04-01,0.0055
2014-04-02,0.00235
2014-04-03,-0.00156
2014-04-04,-0.00157
2014-04-07,-0.01501
2014-04-08,-0.00239
2014-04-09,0.01348
2014-04-10,-0.00315
2014-04-11,-0.00396
2014-04-14,0.00079
2014-04-15,0
2014-04-16,0.00946
2014-04-17,0.00157
2014-04-21,0.00157
2014-04-22,0.00313
2014-04-23,0.00389
2014-04-24,0.00155
2014-04-25,0.00232
2014-04-28,-0.00388
2014-04-29,0.00388
2014-04-30,0.00232
2014-05-01,0.00077
2014-05-02,0.00998
2014-05-05,0.00685
2014-05-06,0.00076
2014-05-07,0.01056
2014-05-08,0.00449
2014-05-09,0.00149
2014-05-12,0.00149
2014-05-13,0.00074
2014-05-14,-0.00597
2014-05-15,0.00075
2014-05-16,0.00149
2014-05-19,0.00224
2014-05-20,-0.00149
2014-05-21,0.00595
2014-05-22,0.00222
2014-05-23,0.00369
2014-05-27,0.00074
2014-05-28,-0.00295
2014-05-29,-0.00074
2014-05-30,-0.00074
2014-06-02,-0.00297
2014-06-03,-0.00297
2014-06-04,0.00594
2014-06-05,0.00148
2014-06-06,0
2014-06-09,-0.00222
2014-06-10,0.0037
2014-06-11,-0.02013
2014-06-12,-0.00453
2014-06-13,0.00528
2014-06-16,0
2014-06-17,-0.00151
2014-06-18,0.00075
2014-06-19,-0.00075
2014-06-20,-0.00756
2014-06-23,0.00076
2014-06-24,0
2014-06-25,0.00454
2014-06-26,0.00452
2014-06-27,-0.00528
2014-06-30,0.00452
2014-07-01,-0.00151
2014-07-02,-0.00529
2014-07-03,0.00454
2014-07-07,0.00376
2014-07-08,-0.0015
2014-07-09,0.00525
2014-07-10,-0.0015
2014-07-11,0.00225
2014-07-14,0.00224
2014-07-15,-0.00299
2014-07-16,0.00374
2014-07-17,-0.00824
2014-07-18,0.006
2014-07-21,0
2014-07-22,0.00299
2014-07-23,0.00742
2014-07-24,0.00222
2014-07-25,-0.00222
2014-07-28,0.00074
2014-07-29,-0.00222
2014-07-30,0.00074
2014-07-31,-0.01191
2014-08-01,-0.00979
2014-08-04,0.00076
2014-08-05,-0.00455
2014-08-06,-0.00457
2014-08-07,-0.00382
2014-08-08,0.00382
2014-08-11,0.00533
2014-08-12,0
2014-08-13,0.0053
2014-08-14,0.00677
2014-08-15,0.0015
2014-08-18,0.00448
2014-08-19,0.00446
2014-08-20,0.00148
2014-08-21,0.0037
2014-08-22,-0.00444
2014-08-25,0.00296
2014-08-26,0
2014-08-27,0.00074
2014-08-28,0.00074
2014-08-29,0.00221
2014-09-02,0
2014-09-03,-0.00221
2014-09-04,0
2014-09-05,-0.00148
2014-09-08,0
2014-09-09,-0.0037
2014-09-10,0.00148
2014-09-11,-0.01869
2014-09-12,0
2014-09-15,0.00151
2014-09-16,0.00826
2014-09-17,0
2014-09-18,0.00447
2014-09-19,-0.00149
2014-09-22,-0.01124
2014-09-23,0
2014-09-24,0.00075
2014-09-25,-0.00908
2014-09-26,0.00455
2014-09-29,-0.00912
2014-09-30,-0.00306
2014-10-01,-0.00384
2014-10-02,-0.00462
2014-10-03,0.01152
2014-10-06,0.00457
2014-10-07,-0.00228
2014-10-08,0.01587
2014-10-09,-0.01055
2014-10-10,-0.01604
2014-10-13,-0.01865
2014-10-14,-0.01741
2014-10-15,-0.0226
2014-10-16,0.0186
2014-10-17,0.0159
2014-10-20,0.0102
2014-10-21,0.02239
2014-10-22,0.00685
2014-10-23,0.01131
2014-10-24,0.00449
2014-10-27,0
2014-10-28,0.00521
2014-10-29,0.00074
2014-10-30,-0.00074
2014-10-31,0.00518
2014-11-03,-0.00296
2014-11-04,-0.0052
2014-11-05,0.00372
2014-11-06,-0.00223
2014-11-07,-0.00447
2014-11-10,-0.00299
2014-11-11,0.00821
2014-11-12,0.00445
2014-11-13,-0.00296
2014-11-14,0.00222
2014-11-17,0.00443
2014-11-18,0.00661
2014-11-19,0.00438
2014-11-20,0.00726
2014-11-21,0.00361
2014-11-24,0
2014-11-25,0.00144
2014-11-26,-0.00216
2014-11-28,-0.00072
2014-12-01,-0.00579
2014-12-02,0
2014-12-03,0.00362
2014-12-04,-0.00508
2014-12-05,-0.00218
2014-12-08,-0.00073
2014-12-09,0.00944
2014-12-10,-0.02191
2014-12-11,0.00662
2014-12-12,-0.00662
2014-12-15,-0.01263
2014-12-16,-0.00826
2014-12-17,0.01497
2014-12-18,0.02059
2014-12-19,0.00725
