"Index","THRX.Close"
2007-01-03,31.36
2007-01-04,31.59
2007-01-05,31.54
2007-01-08,31.69
2007-01-09,32
2007-01-10,31.87
2007-01-11,32.06
2007-01-12,33.6
2007-01-16,35.85
2007-01-17,35.52
2007-01-18,34.38
2007-01-19,34.78
2007-01-22,34.69
2007-01-23,34.96
2007-01-24,34.99
2007-01-25,34.69
2007-01-26,33.87
2007-01-29,34.35
2007-01-30,34.32
2007-01-31,34.32
2007-02-01,35.46
2007-02-02,35
2007-02-05,35.17
2007-02-06,35.55
2007-02-07,36.24
2007-02-08,36.74
2007-02-09,35.55
2007-02-12,34.99
2007-02-13,34.23
2007-02-14,34
2007-02-15,33.41
2007-02-16,33.28
2007-02-20,32.99
2007-02-21,34.7
2007-02-22,33.98
2007-02-23,33.89
2007-02-26,33.29
2007-02-27,32.77
2007-02-28,32.25
2007-03-01,31.85
2007-03-02,30.88
2007-03-05,31.04
2007-03-06,30.99
2007-03-07,30.73
2007-03-08,30.62
2007-03-09,30.59
2007-03-12,30.82
2007-03-13,30.09
2007-03-14,30
2007-03-15,30.42
2007-03-16,30
2007-03-19,29.75
2007-03-20,29.75
2007-03-21,29.86
2007-03-22,29.77
2007-03-23,29.81
2007-03-26,29.48
2007-03-27,29.32
2007-03-28,29.22
2007-03-29,29.33
2007-03-30,29.5
2007-04-02,29.7
2007-04-03,28.74
2007-04-04,29.52
2007-04-05,30
2007-04-09,30.48
2007-04-10,31.88
2007-04-11,31.77
2007-04-12,32.35
2007-04-13,32.41
2007-04-16,32.64
2007-04-17,32.43
2007-04-18,32.31
2007-04-19,32.15
2007-04-20,32.37
2007-04-23,33.27
2007-04-24,33.32
2007-04-25,33.25
2007-04-26,33.07
2007-04-27,33.68
2007-04-30,33.13
2007-05-01,32.44
2007-05-02,32.7
2007-05-03,32.71
2007-05-04,32.75
2007-05-07,33.35
2007-05-08,33.29
2007-05-09,33.27
2007-05-10,33.36
2007-05-11,33.8
2007-05-14,33.7
2007-05-15,33.75
2007-05-16,33.67
2007-05-17,34.11
2007-05-18,34.24
2007-05-21,35.43
2007-05-22,36.81
2007-05-23,35.25
2007-05-24,34.37
2007-05-25,34.57
2007-05-29,34.77
2007-05-30,34.71
2007-05-31,34.34
2007-06-01,34.04
2007-06-04,34.22
2007-06-05,34.27
2007-06-06,34.98
2007-06-07,34.15
2007-06-08,34.01
2007-06-11,33.88
2007-06-12,33.6
2007-06-13,33.96
2007-06-14,33.59
2007-06-15,33.2
2007-06-18,32.6
2007-06-19,32.07
2007-06-20,31.34
2007-06-21,31.35
2007-06-22,31.9
2007-06-25,31.32
2007-06-26,32.46
2007-06-27,33.12
2007-06-28,33.59
2007-06-29,32
2007-07-02,32.78
2007-07-03,33.13
2007-07-05,32.79
2007-07-06,32.44
2007-07-09,31.91
2007-07-10,31.39
2007-07-11,32.75
2007-07-12,32.84
2007-07-13,32.88
2007-07-16,32.77
2007-07-17,32.72
2007-07-18,32
2007-07-19,32.2
2007-07-20,31.27
2007-07-23,31
2007-07-24,30.58
2007-07-25,30.54
2007-07-26,29.35
2007-07-27,27.7
2007-07-30,27.77
2007-07-31,26.77
2007-08-01,26.1
2007-08-02,27.2
2007-08-03,28.45
2007-08-06,27.77
2007-08-07,28.29
2007-08-08,29.04
2007-08-09,29.6
2007-08-10,28.28
2007-08-13,27.69
2007-08-14,27.6
2007-08-15,27.86
2007-08-16,28.53
2007-08-17,29.57
2007-08-20,29.12
2007-08-21,29.35
2007-08-22,29.49
2007-08-23,30.17
2007-08-24,30.41
2007-08-27,30.1
2007-08-28,30.43
2007-08-29,30.1
2007-08-30,30.98
2007-08-31,31.41
2007-09-04,32.05
2007-09-05,31.9
2007-09-06,31.75
2007-09-07,28.38
2007-09-10,28.78
2007-09-11,29.01
2007-09-12,28.5
2007-09-13,28
2007-09-14,27.32
2007-09-17,27.44
2007-09-18,28.06
2007-09-19,26.85
2007-09-20,26.51
2007-09-21,26.26
2007-09-24,26.52
2007-09-25,25.43
2007-09-26,24.69
2007-09-27,24.44
2007-09-28,26.09
2007-10-01,26.51
2007-10-02,26.94
2007-10-03,27.08
2007-10-04,26.42
2007-10-05,26.44
2007-10-08,27.99
2007-10-09,27.31
2007-10-10,27.4
2007-10-11,26.7
2007-10-12,26.92
2007-10-15,26.11
2007-10-16,26.42
2007-10-17,25.83
2007-10-18,26
2007-10-19,25.46
2007-10-22,24.8
2007-10-23,24.13
2007-10-24,23.45
2007-10-25,23.06
2007-10-26,23.97
2007-10-29,24.27
2007-10-30,24.27
2007-10-31,25.02
2007-11-01,24.24
2007-11-02,24.77
2007-11-05,24.52
2007-11-06,24.55
2007-11-07,24.67
2007-11-08,24.66
2007-11-09,23.94
2007-11-12,24.05
2007-11-13,24.84
2007-11-14,25.21
2007-11-15,24.55
2007-11-16,24.49
2007-11-19,23.81
2007-11-20,22.95
2007-11-21,22.65
2007-11-23,22.86
2007-11-26,22.53
2007-11-27,22.27
2007-11-28,22.61
2007-11-29,23.42
2007-11-30,24.09
2007-12-03,24.31
2007-12-04,24.33
2007-12-05,24.25
2007-12-06,24.99
2007-12-07,24.24
2007-12-10,24.11
2007-12-11,23.59
2007-12-12,23.62
2007-12-13,23.03
2007-12-14,22.6
2007-12-17,21.76
2007-12-18,22
2007-12-19,21.75
2007-12-20,21.8
2007-12-21,21.42
2007-12-24,21.73
2007-12-26,21.7
2007-12-27,21.3
2007-12-28,19.33
2007-12-31,19.5
2008-01-02,19.45
2008-01-03,20.31
2008-01-04,20.53
2008-01-07,21.04
2008-01-08,20.78
2008-01-09,20.5
2008-01-10,21.43
2008-01-11,22.18
2008-01-14,22.21
2008-01-15,21.68
2008-01-16,19.9
2008-01-17,21.32
2008-01-18,20.52
2008-01-22,20.31
2008-01-23,19.74
2008-01-24,19.46
2008-01-25,18.7
2008-01-28,19.74
2008-01-29,19.8
2008-01-30,19.37
2008-01-31,19.73
2008-02-01,19.86
2008-02-04,20.08
2008-02-05,18.64
2008-02-06,18.7
2008-02-07,18.16
2008-02-08,17.77
2008-02-11,17.6
2008-02-12,18.4
2008-02-13,18.1
2008-02-14,17.49
2008-02-15,16.99
2008-02-19,18.04
2008-02-20,18
2008-02-21,17.57
2008-02-22,17.02
2008-02-25,18
2008-02-26,17.66
2008-02-27,17.22
2008-02-28,16.79
2008-02-29,16.45
2008-03-03,16.22
2008-03-04,12.25
2008-03-05,12.36
2008-03-06,11.54
2008-03-07,11.15
2008-03-10,10
2008-03-11,10.66
2008-03-12,10.52
2008-03-13,10.54
2008-03-14,10.39
2008-03-17,9.85
2008-03-18,10.09
2008-03-19,10.01
2008-03-20,9.4
2008-03-24,10.5
2008-03-25,10.31
2008-03-26,10.3
2008-03-27,10.31
2008-03-28,10.34
2008-03-31,10.53
2008-04-01,11.16
2008-04-02,11.56
2008-04-03,11.22
2008-04-04,11.92
2008-04-07,11.65
2008-04-08,12.32
2008-04-09,12.32
2008-04-10,13.03
2008-04-11,12.35
2008-04-14,12.48
2008-04-15,12.63
2008-04-16,13.4
2008-04-17,14.07
2008-04-18,13.72
2008-04-21,13.74
2008-04-22,13
2008-04-23,13.14
2008-04-24,13.25
2008-04-25,13.02
2008-04-28,12.99
2008-04-29,12.74
2008-04-30,12.49
2008-05-01,12.87
2008-05-02,12.3
2008-05-05,12.22
2008-05-06,12.44
2008-05-07,12.2
2008-05-08,12.36
2008-05-09,12.31
2008-05-12,12.35
2008-05-13,12.65
2008-05-14,12.62
2008-05-15,13.34
2008-05-16,13.43
2008-05-19,12.96
2008-05-20,13.26
2008-05-21,13.34
2008-05-22,14.23
2008-05-23,13.77
2008-05-27,13.58
2008-05-28,13.18
2008-05-29,13.83
2008-05-30,13.53
2008-06-02,12.97
2008-06-03,12.82
2008-06-04,13
2008-06-05,13.15
2008-06-06,12.56
2008-06-09,12.39
2008-06-10,12.1
2008-06-11,12.33
2008-06-12,12.54
2008-06-13,12.8
2008-06-16,13.5
2008-06-17,14.15
2008-06-18,13.91
2008-06-19,13.91
2008-06-20,13.49
2008-06-23,12.9
2008-06-24,12.85
2008-06-25,12.65
2008-06-26,11.99
2008-06-27,11.86
2008-06-30,11.87
2008-07-01,12.16
2008-07-02,12.72
2008-07-03,12.48
2008-07-07,12.48
2008-07-08,12.8
2008-07-09,12.53
2008-07-10,12.77
2008-07-11,13.14
2008-07-14,13.5
2008-07-15,13.49
2008-07-16,14.11
2008-07-17,13.61
2008-07-18,14.48
2008-07-21,14.31
2008-07-22,16.21
2008-07-23,16.25
2008-07-24,15.97
2008-07-25,15.75
2008-07-28,15.93
2008-07-29,15.55
2008-07-30,16.11
2008-07-31,15.98
2008-08-01,16.76
2008-08-04,16.2
2008-08-05,16.12
2008-08-06,16.51
2008-08-07,15.18
2008-08-08,16.5
2008-08-11,16.82
2008-08-12,16.54
2008-08-13,16.6
2008-08-14,16.5
2008-08-15,15.7
2008-08-18,15.28
2008-08-19,14.62
2008-08-20,13.95
2008-08-21,13.9
2008-08-22,14.32
2008-08-25,13.94
2008-08-26,14.13
2008-08-27,13.69
2008-08-28,13.99
2008-08-29,13.63
2008-09-02,13.6
2008-09-03,13.69
2008-09-04,13.26
2008-09-05,13.38
2008-09-08,13.5
2008-09-09,13.49
2008-09-10,13.65
2008-09-11,13.92
2008-09-12,14.06
2008-09-15,13.58
2008-09-16,14.62
2008-09-17,12.91
2008-09-18,13.04
2008-09-19,13.3
2008-09-22,12.98
2008-09-23,13.28
2008-09-24,13.14
2008-09-25,13.44
2008-09-26,13.24
2008-09-29,12.94
2008-09-30,12.46
2008-10-01,12.4
2008-10-02,11.45
2008-10-03,11.45
2008-10-06,10.15
2008-10-07,9.25
2008-10-08,9.28
2008-10-09,8.34
2008-10-10,8.77
2008-10-13,10.81
2008-10-14,11.19
2008-10-15,10.04
2008-10-16,10.22
2008-10-17,10.56
2008-10-20,11.62
2008-10-21,10.78
2008-10-22,10.44
2008-10-23,10.21
2008-10-24,8.22
2008-10-27,6.85
2008-10-28,6.75
2008-10-29,6.59
2008-10-30,6.7
2008-10-31,6.78
2008-11-03,6.7
2008-11-04,6.71
2008-11-05,6.53
2008-11-06,6.57
2008-11-07,6.7
2008-11-10,6.6
2008-11-11,6.51
2008-11-12,5.86
2008-11-13,6.52
2008-11-14,6.16
2008-11-17,6.58
2008-11-18,6.73
2008-11-19,6.85
2008-11-20,6.13
2008-11-21,5.77
2008-11-24,5.77
2008-11-25,6.19
2008-11-26,6.54
2008-11-28,6.68
2008-12-01,6.15
2008-12-02,6.99
2008-12-03,7.73
2008-12-04,7.96
2008-12-05,8.83
2008-12-08,9
2008-12-09,8.77
2008-12-10,9.6
2008-12-11,10.06
2008-12-12,10.64
2008-12-15,10.59
2008-12-16,11.3
2008-12-17,11.64
2008-12-18,11.5
2008-12-19,11.27
2008-12-22,11.66
2008-12-23,11.71
2008-12-24,11.82
2008-12-26,11.77
2008-12-29,11.37
2008-12-30,12.26
2008-12-31,12.39
2009-01-02,14.13
2009-01-05,13.7
2009-01-06,13.7
2009-01-07,12.71
2009-01-08,13.64
2009-01-09,12.56
2009-01-12,13
2009-01-13,12.99
2009-01-14,12.39
2009-01-15,12.94
2009-01-16,12.41
2009-01-20,10.94
2009-01-21,11.71
2009-01-22,11.69
2009-01-23,11.75
2009-01-26,12.58
2009-01-27,13.33
2009-01-28,14.27
2009-01-29,13.42
2009-01-30,13.18
2009-02-02,14.2
2009-02-03,14.63
2009-02-04,15.45
2009-02-05,16.58
2009-02-06,16.68
2009-02-09,16.65
2009-02-10,15.33
2009-02-11,15.4
2009-02-12,16
2009-02-13,16.65
2009-02-17,17.1
2009-02-18,16.02
2009-02-19,15.18
2009-02-20,14.87
2009-02-23,14.07
2009-02-24,14.99
2009-02-25,14.22
2009-02-26,13.13
2009-02-27,13.94
2009-03-02,14.31
2009-03-03,13.97
2009-03-04,13.74
2009-03-05,12.16
2009-03-06,12.15
2009-03-09,12.09
2009-03-10,12.83
2009-03-11,12.44
2009-03-12,13.64
2009-03-13,14.05
2009-03-16,13.5
2009-03-17,14.03
2009-03-18,14
2009-03-19,15.31
2009-03-20,14.65
2009-03-23,16.94
2009-03-24,16.53
2009-03-25,17.21
2009-03-26,18.48
2009-03-27,17.7
2009-03-30,16.44
2009-03-31,17
2009-04-01,17.03
2009-04-02,17.6
2009-04-03,17.29
2009-04-06,16.33
2009-04-07,16.1
2009-04-08,16.11
2009-04-09,16.57
2009-04-13,15.75
2009-04-14,14.95
2009-04-15,14.29
2009-04-16,14.5
2009-04-17,14.43
2009-04-20,14.83
2009-04-21,15.09
2009-04-22,14.58
2009-04-23,14.49
2009-04-24,14.98
2009-04-27,14.46
2009-04-28,14.15
2009-04-29,14.54
2009-04-30,14.33
2009-05-01,14.37
2009-05-04,14.54
2009-05-05,14.5
2009-05-06,14.36
2009-05-07,14.38
2009-05-08,14.46
2009-05-11,14.49
2009-05-12,13.71
2009-05-13,12.94
2009-05-14,13.43
2009-05-15,13.42
2009-05-18,14.09
2009-05-19,14.08
2009-05-20,14.06
2009-05-21,14.06
2009-05-22,13.38
2009-05-26,14.14
2009-05-27,14.44
2009-05-28,14.13
2009-05-29,14.8
2009-06-01,13.8
2009-06-02,14.45
2009-06-03,14.67
2009-06-04,14.48
2009-06-05,13.8
2009-06-08,13.85
2009-06-09,13.96
2009-06-10,13.36
2009-06-11,13.63
2009-06-12,13.97
2009-06-15,13.64
2009-06-16,13.66
2009-06-17,13.98
2009-06-18,13.99
2009-06-19,13.91
2009-06-22,13.22
2009-06-23,13.49
2009-06-24,13.7
2009-06-25,14
2009-06-26,14.45
2009-06-29,14.17
2009-06-30,14.64
2009-07-01,15.19
2009-07-02,14.8
2009-07-06,14.11
2009-07-07,13.52
2009-07-08,13.47
2009-07-09,13.58
2009-07-10,13.52
2009-07-13,13.35
2009-07-14,13.31
2009-07-15,13.75
2009-07-16,13.47
2009-07-17,13.34
2009-07-20,13.55
2009-07-21,13.44
2009-07-22,13.13
2009-07-23,14.11
2009-07-24,16.49
2009-07-27,15.49
2009-07-28,15.56
2009-07-29,15.24
2009-07-30,15.2
2009-07-31,15.1
2009-08-03,14.73
2009-08-04,15
2009-08-05,14.91
2009-08-06,14.47
2009-08-07,14.71
2009-08-10,14.52
2009-08-11,14.01
2009-08-12,14.52
2009-08-13,14.52
2009-08-14,14.66
2009-08-17,14.62
2009-08-18,15.02
2009-08-19,15.68
2009-08-20,15.65
2009-08-21,15.63
2009-08-24,15.22
2009-08-25,15.67
2009-08-26,16.18
2009-08-27,15.97
2009-08-28,15.74
2009-08-31,15.53
2009-09-01,15.47
2009-09-02,15.39
2009-09-03,15.84
2009-09-04,15.82
2009-09-08,15.84
2009-09-09,16.75
2009-09-10,18.38
2009-09-11,18.2
2009-09-14,17.95
2009-09-15,17.73
2009-09-16,17.83
2009-09-17,17.59
2009-09-18,16.8
2009-09-21,17.05
2009-09-22,16.35
2009-09-23,16.2
2009-09-24,15.46
2009-09-25,15.05
2009-09-28,15.13
2009-09-29,14.75
2009-09-30,14.64
2009-10-01,14.01
2009-10-02,14.23
2009-10-05,14.62
2009-10-06,14.9
2009-10-07,14.57
2009-10-08,14.81
2009-10-09,15.14
2009-10-12,14.97
2009-10-13,15.16
2009-10-14,15.36
2009-10-15,14.91
2009-10-16,14.68
2009-10-19,15.16
2009-10-20,14.97
2009-10-21,14.95
2009-10-22,15.1
2009-10-23,15.01
2009-10-26,14.77
2009-10-27,14.75
2009-10-28,14.17
2009-10-29,14.41
2009-10-30,13.97
2009-11-02,13.84
2009-11-03,14.05
2009-11-04,13.76
2009-11-05,14.66
2009-11-06,14.81
2009-11-09,14.75
2009-11-10,15.09
2009-11-11,15.4
2009-11-12,14.86
2009-11-13,14.5
2009-11-16,15.3
2009-11-17,14.94
2009-11-18,14.75
2009-11-19,14.17
2009-11-20,14.04
2009-11-23,13.66
2009-11-24,13.4
2009-11-25,13.13
2009-11-27,13.13
2009-11-30,13.16
2009-12-01,13.73
2009-12-02,14.21
2009-12-03,13.92
2009-12-04,14.12
2009-12-07,14.38
2009-12-08,13.23
2009-12-09,13.14
2009-12-10,13.25
2009-12-11,13.09
2009-12-14,13.1
2009-12-15,13.13
2009-12-16,13.07
2009-12-17,13
2009-12-18,13.28
2009-12-21,13.49
2009-12-22,13.47
2009-12-23,13.66
2009-12-24,13.25
2009-12-28,13.01
2009-12-29,13.07
2009-12-30,13.28
2009-12-31,13.07
2010-01-04,13.34
2010-01-05,13.38
2010-01-06,13.38
2010-01-07,13.47
2010-01-08,13.4
2010-01-11,13.49
2010-01-12,13.43
2010-01-13,13.58
2010-01-14,13.77
2010-01-15,13.54
2010-01-19,13.85
2010-01-20,13.52
2010-01-21,13.36
2010-01-22,13.49
2010-01-25,13.41
2010-01-26,13.46
2010-01-27,13.85
2010-01-28,13.5
2010-01-29,10.97
2010-02-01,10.85
2010-02-02,10.74
2010-02-03,10.63
2010-02-04,9.93
2010-02-05,9.93
2010-02-08,9.85
2010-02-09,10.21
2010-02-10,10.12
2010-02-11,10.05
2010-02-12,9.7
2010-02-16,9.98
2010-02-17,10.41
2010-02-18,10.22
2010-02-19,10.22
2010-02-22,10.17
2010-02-23,10.25
2010-02-24,10.52
2010-02-25,10.8
2010-02-26,10.89
2010-03-01,11.49
2010-03-02,11.72
2010-03-03,11.98
2010-03-04,12.22
2010-03-05,12.54
2010-03-08,12.56
2010-03-09,12.73
2010-03-10,12.72
2010-03-11,12.67
2010-03-12,12.63
2010-03-15,12.69
2010-03-16,12.57
2010-03-17,12.49
2010-03-18,11.99
2010-03-19,12.27
2010-03-22,12.66
2010-03-23,12.72
2010-03-24,12.7
2010-03-25,12.74
2010-03-26,12.97
2010-03-29,13.26
2010-03-30,13.64
2010-03-31,13.32
2010-04-05,14.19
2010-04-06,13.84
2010-04-07,13.75
2010-04-08,14.27
2010-04-09,14.06
2010-04-12,14.21
2010-04-13,14.55
2010-04-14,15.4
2010-04-15,15.59
2010-04-16,15.68
2010-04-19,16.26
2010-04-20,16.86
2010-04-21,16.17
2010-04-22,15.82
2010-04-23,15.95
2010-04-26,15.56
2010-04-27,14.89
2010-04-28,15.57
2010-04-29,16.78
2010-04-30,16.77
2010-05-03,17.15
2010-05-04,16.52
2010-05-05,15.9
2010-05-06,15
2010-05-07,14.4
2010-05-10,14.75
2010-05-11,14.93
2010-05-12,15.15
2010-05-13,14.93
2010-05-14,14.49
2010-05-17,14.3
2010-05-18,14.49
2010-05-19,14.23
2010-05-20,13.02
2010-05-21,13.14
2010-05-24,12.74
2010-05-25,12.56
2010-05-26,12.52
2010-05-27,12.99
2010-05-28,12.71
2010-06-01,13.2
2010-06-02,14.09
2010-06-03,14.81
2010-06-04,14.51
2010-06-07,14.48
2010-06-08,14.6
2010-06-09,14.73
2010-06-10,15.25
2010-06-11,15.34
2010-06-14,15.52
2010-06-15,15.42
2010-06-16,15.29
2010-06-17,15.44
2010-06-18,15.04
2010-06-21,15
2010-06-22,14.38
2010-06-23,13.66
2010-06-24,13.41
2010-06-25,13.68
2010-06-28,13.32
2010-06-29,12.79
2010-06-30,12.57
2010-07-01,12.34
2010-07-02,12.38
2010-07-06,11.83
2010-07-07,12.75
2010-07-08,12.8
2010-07-09,13.14
2010-07-12,13.06
2010-07-13,13.55
2010-07-14,13.31
2010-07-15,13.06
2010-07-16,12.73
2010-07-19,12.87
2010-07-20,13.06
2010-07-21,12.88
2010-07-22,13.52
2010-07-23,14.88
2010-07-26,15.53
2010-07-27,15.12
2010-07-28,14.64
2010-07-29,14.68
2010-07-30,14.81
2010-08-02,14.93
2010-08-03,15.28
2010-08-04,16.93
2010-08-05,16.5
2010-08-06,17.1
2010-08-09,17.19
2010-08-10,16.58
2010-08-11,15.56
2010-08-12,15.53
2010-08-13,15.27
2010-08-16,15.01
2010-08-17,15.41
2010-08-18,14.86
2010-08-19,14.12
2010-08-20,14
2010-08-23,13.38
2010-08-24,12.83
2010-08-25,12.9
2010-08-26,12.71
2010-08-27,12.83
2010-08-30,12.41
2010-08-31,12.09
2010-09-01,13.1
2010-09-02,13.09
2010-09-03,13.66
2010-09-07,13.34
2010-09-08,14.02
2010-09-09,14.01
2010-09-10,14.99
2010-09-13,15.13
2010-09-14,15.46
2010-09-15,15.76
2010-09-16,15.85
2010-09-17,16.12
2010-09-20,16.73
2010-09-21,17.18
2010-09-22,18.23
2010-09-23,18.83
2010-09-24,19.06
2010-09-27,18.94
2010-09-28,19.39
2010-09-29,19.86
2010-09-30,20.1
2010-10-01,20.09
2010-10-04,20
2010-10-05,21
2010-10-06,21
2010-10-07,21.51
2010-10-08,21.86
2010-10-11,21.77
2010-10-12,22.28
2010-10-13,22.61
2010-10-14,22.52
2010-10-15,22.85
2010-10-18,22.51
2010-10-19,21.92
2010-10-20,21.96
2010-10-21,21.99
2010-10-22,20.54
2010-10-25,20.46
2010-10-26,20.05
2010-10-27,20.19
2010-10-28,20.04
2010-10-29,20.38
2010-11-01,20.59
2010-11-02,20.84
2010-11-03,20.38
2010-11-04,20.85
2010-11-05,20.66
2010-11-08,20.72
2010-11-09,20.22
2010-11-10,20.77
2010-11-11,20.78
2010-11-12,20.97
2010-11-15,21.45
2010-11-16,21.12
2010-11-17,21.75
2010-11-18,22.36
2010-11-19,22.52
2010-11-22,22.14
2010-11-23,21.71
2010-11-24,22.95
2010-11-26,22.85
2010-11-29,25.2
2010-11-30,24.98
2010-12-01,25.28
2010-12-02,26.06
2010-12-03,26.5
2010-12-06,26.31
2010-12-07,26.82
2010-12-08,26.29
2010-12-09,26.44
2010-12-10,27.1
2010-12-13,26.83
2010-12-14,27.55
2010-12-15,27.5
2010-12-16,27.98
2010-12-17,27.11
2010-12-20,27.97
2010-12-21,28.64
2010-12-22,28.02
2010-12-23,27.14
2010-12-27,26.81
2010-12-28,25.74
2010-12-29,25.74
2010-12-30,25.55
2010-12-31,25.07
2011-01-03,25.67
2011-01-04,25.14
2011-01-05,25.34
2011-01-06,24.56
2011-01-07,24.43
2011-01-10,24.61
2011-01-11,24.83
2011-01-12,25.02
2011-01-13,25.78
2011-01-14,25
2011-01-18,24.93
2011-01-19,23.04
2011-01-20,22.74
2011-01-21,22.15
2011-01-24,22.09
2011-01-25,21.75
2011-01-26,23.8
2011-01-27,23.08
2011-01-28,20.98
2011-01-31,21.04
2011-02-01,21.52
2011-02-02,22.91
2011-02-03,24.13
2011-02-04,24.57
2011-02-07,24.6
2011-02-08,24.83
2011-02-09,24.08
2011-02-10,24.43
2011-02-11,24.73
2011-02-14,24.36
2011-02-15,24.18
2011-02-16,23.44
2011-02-17,23.7
2011-02-18,22.5
2011-02-22,21.34
2011-02-23,21.2
2011-02-24,21.65
2011-02-25,22.84
2011-02-28,22.78
2011-03-01,22.6
2011-03-02,22.9
2011-03-03,23.31
2011-03-04,22.8
2011-03-07,21.99
2011-03-08,22.78
2011-03-09,22.42
2011-03-10,21.24
2011-03-11,22.6
2011-03-14,22.52
2011-03-15,21.93
2011-03-16,21.56
2011-03-17,21.27
2011-03-18,22.03
2011-03-21,22.82
2011-03-22,23.03
2011-03-23,23.37
2011-03-24,22.93
2011-03-25,23.5
2011-03-28,23.47
2011-03-29,24.11
2011-03-30,24.34
2011-03-31,24.22
2011-04-01,25.31
2011-04-04,25.43
2011-04-05,25.73
2011-04-06,25.8
2011-04-07,25.67
2011-04-08,26.03
2011-04-11,26.12
2011-04-12,25.58
2011-04-13,26.17
2011-04-14,26.32
2011-04-15,26.4
2011-04-18,26.24
2011-04-19,26.35
2011-04-20,27.7
2011-04-21,27.63
2011-04-25,27.51
2011-04-26,27.52
2011-04-27,28.5
2011-04-28,28.7
2011-04-29,27.75
2011-05-02,25.6
2011-05-03,24.54
2011-05-04,25
2011-05-05,25.03
2011-05-06,25.63
2011-05-09,26.4
2011-05-10,26.49
2011-05-11,26.06
2011-05-12,26.22
2011-05-13,26.3
2011-05-16,25.39
2011-05-17,25.45
2011-05-18,25.47
2011-05-19,25.25
2011-05-20,25.48
2011-05-23,25.23
2011-05-24,23.98
2011-05-25,24.71
2011-05-26,25.39
2011-05-27,25.42
2011-05-31,26.13
2011-06-01,24.38
2011-06-02,23.51
2011-06-03,23.08
2011-06-06,23.02
2011-06-07,23.15
2011-06-08,23.18
2011-06-09,22.86
2011-06-10,22.48
2011-06-13,22.49
2011-06-14,22.96
2011-06-15,22.66
2011-06-16,22.76
2011-06-17,21.18
2011-06-20,21.2
2011-06-21,22.12
2011-06-22,21.97
2011-06-23,21.92
2011-06-24,21.24
2011-06-27,21.52
2011-06-28,21.94
2011-06-29,22.15
2011-06-30,22.21
2011-07-01,22.63
2011-07-05,22.92
2011-07-06,23.46
2011-07-07,24.4
2011-07-08,24.23
2011-07-11,24.25
2011-07-12,24.52
2011-07-13,24.61
2011-07-14,23.95
2011-07-15,24.18
2011-07-18,24.1
2011-07-19,24.71
2011-07-20,24.11
2011-07-21,24.87
2011-07-22,24.8
2011-07-25,23.8
2011-07-26,23.04
2011-07-27,21.77
2011-07-28,22.11
2011-07-29,21.38
2011-08-01,19.71
2011-08-02,18.6
2011-08-03,19.55
2011-08-04,18.79
2011-08-05,19.17
2011-08-08,17.44
2011-08-09,19.19
2011-08-10,17.6
2011-08-11,18.52
2011-08-12,18.51
2011-08-15,20.06
2011-08-16,19.66
2011-08-17,19.26
2011-08-18,17.54
2011-08-19,17.5
2011-08-22,16.89
2011-08-23,17.87
2011-08-24,17.96
2011-08-25,17.7
2011-08-26,18.33
2011-08-29,18.99
2011-08-30,19.37
2011-08-31,19
2011-09-01,18.27
2011-09-02,17.68
2011-09-06,17.73
2011-09-07,18.61
2011-09-08,19.85
2011-09-09,19.49
2011-09-12,19.39
2011-09-13,19.79
2011-09-14,20.45
2011-09-15,20.51
2011-09-16,20.79
2011-09-19,19.96
2011-09-20,20.93
2011-09-21,20.45
2011-09-22,19.9
2011-09-23,20.8
2011-09-26,21.15
2011-09-27,21.87
2011-09-28,20.25
2011-09-29,20.61
2011-09-30,20.14
2011-10-03,19.02
2011-10-04,20.66
2011-10-05,20.74
2011-10-06,21.05
2011-10-07,20.04
2011-10-10,20.76
2011-10-11,20.61
2011-10-12,20.72
2011-10-13,21.23
2011-10-14,21.69
2011-10-17,20.72
2011-10-18,21.43
2011-10-19,20.68
2011-10-20,20.9
2011-10-21,21.66
2011-10-24,23
2011-10-25,21.78
2011-10-26,22.4
2011-10-27,23.5
2011-10-28,22.81
2011-10-31,22.23
2011-11-01,21.17
2011-11-02,21.59
2011-11-03,23
2011-11-04,22.29
2011-11-07,22.22
2011-11-08,23.06
2011-11-09,22.03
2011-11-10,21.71
2011-11-11,22.78
2011-11-14,23
2011-11-15,23.4
2011-11-16,23.14
2011-11-17,23.42
2011-11-18,22.34
2011-11-21,21.52
2011-11-22,21.78
2011-11-23,20.31
2011-11-25,20.02
2011-11-28,20.99
2011-11-29,21.18
2011-11-30,23.34
2011-12-01,23.91
2011-12-02,23.43
2011-12-05,23.47
2011-12-06,23.36
2011-12-07,22.73
2011-12-08,21.84
2011-12-09,23.34
2011-12-12,23.24
2011-12-13,22.78
2011-12-14,21.8
2011-12-15,22.08
2011-12-16,22.09
2011-12-19,21.36
2011-12-20,22.97
2011-12-21,22.57
2011-12-22,22.52
2011-12-23,22
2011-12-27,22.2
2011-12-28,21.78
2011-12-29,22.17
2011-12-30,22.1
2012-01-03,20.5
2012-01-04,19.58
2012-01-05,20.02
2012-01-06,20.2
2012-01-09,16.39
2012-01-10,16.54
2012-01-11,17.62
2012-01-12,17.67
2012-01-13,18.1
2012-01-17,18.28
2012-01-18,18.55
2012-01-19,18.41
2012-01-20,18.15
2012-01-23,17.96
2012-01-24,17.95
2012-01-25,18.1
2012-01-26,18.25
2012-01-27,18.82
2012-01-30,19.37
2012-01-31,17.74
2012-02-01,18.57
2012-02-02,17.9
2012-02-03,18.6
2012-02-06,18.31
2012-02-07,17.94
2012-02-08,17.9
2012-02-09,17.35
2012-02-10,16.53
2012-02-13,18.12
2012-02-14,18.1
2012-02-15,18.11
2012-02-16,19.3
2012-02-17,18.54
2012-02-21,18.27
2012-02-22,17.82
2012-02-23,18.29
2012-02-24,18.27
2012-02-27,18.22
2012-02-28,18.41
2012-02-29,18.7
2012-03-01,18.37
2012-03-02,17.62
2012-03-05,17.69
2012-03-06,17.22
2012-03-07,17.19
2012-03-08,17.9
2012-03-09,18.01
2012-03-12,18.46
2012-03-13,18.27
2012-03-14,18.26
2012-03-15,18.4
2012-03-16,18.75
2012-03-19,19.31
2012-03-20,19.15
2012-03-21,19.11
2012-03-22,18.62
2012-03-23,19.47
2012-03-26,19.72
2012-03-27,19.99
2012-03-28,19.91
2012-03-29,19.51
2012-03-30,19.5
2012-04-02,23.29
2012-04-03,23.42
2012-04-04,22.82
2012-04-05,23.07
2012-04-09,22.24
2012-04-10,20.99
2012-04-11,21.15
2012-04-12,21.47
2012-04-13,20.57
2012-04-16,20.28
2012-04-17,20.94
2012-04-18,20.41
2012-04-19,20.45
2012-04-20,21.13
2012-04-23,21.06
2012-04-24,20.95
2012-04-25,21.56
2012-04-26,21.14
2012-04-27,21.73
2012-04-30,21.64
2012-05-01,21.4
2012-05-02,21.66
2012-05-03,21
2012-05-04,20.11
2012-05-07,20.67
2012-05-08,21.69
2012-05-09,21.29
2012-05-10,21.8
2012-05-11,22.61
2012-05-14,21.91
2012-05-15,21.62
2012-05-16,21.44
2012-05-17,20.4
2012-05-18,20.33
2012-05-21,20.81
2012-05-22,21.44
2012-05-23,21.09
2012-05-24,21.83
2012-05-25,22.02
2012-05-29,22.73
2012-05-30,20.98
2012-05-31,20.69
2012-06-01,18.79
2012-06-04,18.64
2012-06-05,18.7
2012-06-06,19.03
2012-06-07,18.48
2012-06-08,18.37
2012-06-11,17.61
2012-06-12,18.19
2012-06-13,17.92
2012-06-14,18.58
2012-06-15,18.79
2012-06-18,18.67
2012-06-19,19.42
2012-06-20,19.51
2012-06-21,19.25
2012-06-22,20.81
2012-06-25,20.27
2012-06-26,21.16
2012-06-27,21.57
2012-06-28,21.27
2012-06-29,22.22
2012-07-02,24.71
2012-07-03,27.1
2012-07-05,27.93
2012-07-06,27.63
2012-07-09,28.18
2012-07-10,28.31
2012-07-11,29.32
2012-07-12,29.33
2012-07-13,29.49
2012-07-16,29.5
2012-07-17,30.74
2012-07-18,31.69
2012-07-19,29.79
2012-07-20,29.97
2012-07-23,30.55
2012-07-24,29.67
2012-07-25,29.75
2012-07-26,29.97
2012-07-27,29.81
2012-07-30,29.69
2012-07-31,29.13
2012-08-01,27.59
2012-08-02,28.21
2012-08-03,27.64
2012-08-06,26.93
2012-08-07,27.07
2012-08-08,26.55
2012-08-09,26.15
2012-08-10,25.93
2012-08-13,26.18
2012-08-14,26.42
2012-08-15,26.76
2012-08-16,26.92
2012-08-17,26.24
2012-08-20,27.01
2012-08-21,26.39
2012-08-22,26.78
2012-08-23,27.41
2012-08-24,27.91
2012-08-27,26.91
2012-08-28,27.19
2012-08-29,27.03
2012-08-30,27.1
2012-08-31,26.67
2012-09-04,25.85
2012-09-05,24.23
2012-09-06,24.19
2012-09-07,23.91
2012-09-10,23.81
2012-09-11,24.75
2012-09-12,25.61
2012-09-13,25.71
2012-09-14,26.15
2012-09-17,26
2012-09-18,26
2012-09-19,26.17
2012-09-20,25.95
2012-09-21,26.53
2012-09-24,26.11
2012-09-25,25.76
2012-09-26,25.34
2012-09-27,25.9
2012-09-28,25.91
2012-10-01,25.72
2012-10-02,26.39
2012-10-03,26.41
2012-10-04,26.25
2012-10-05,26.53
2012-10-08,26.32
2012-10-09,25.6
2012-10-10,25.25
2012-10-11,25.7
2012-10-12,25.17
2012-10-15,25.5
2012-10-16,26.57
2012-10-17,26.9
2012-10-18,25.57
2012-10-19,24.22
2012-10-22,23.93
2012-10-23,24.22
2012-10-24,25.05
2012-10-25,25.61
2012-10-26,24.85
2012-10-31,22.51
2012-11-01,22.35
2012-11-02,21.03
2012-11-05,21.85
2012-11-06,21.7
2012-11-07,20.89
2012-11-08,20.34
2012-11-09,21.45
2012-11-12,20.96
2012-11-13,20.53
2012-11-14,20.12
2012-11-15,20.21
2012-11-16,20.21
2012-11-19,20.6
2012-11-20,21.08
2012-11-21,21.1
2012-11-23,21.59
2012-11-26,21.28
2012-11-27,21.64
2012-11-28,21.4
2012-11-30,22.48
2012-12-03,21.29
2012-12-04,21.62
2012-12-05,22.34
2012-12-06,22.21
2012-12-07,21.78
2012-12-10,21.99
2012-12-11,22.63
2012-12-12,22.69
2012-12-13,22.39
2012-12-14,21.75
2012-12-17,22.08
2012-12-18,22.65
2012-12-19,22.29
2012-12-20,22.18
2012-12-21,21.88
2012-12-24,22.27
2012-12-26,22.03
2012-12-27,21.71
2012-12-28,21.28
2012-12-31,22.24
2013-01-02,22.44
2013-01-03,22.28
2013-01-04,21.57
2013-01-07,21.76
2013-01-08,21.72
2013-01-09,22.69
2013-01-10,23.51
2013-01-11,23.27
2013-01-14,22.74
2013-01-15,23.5
2013-01-16,22.74
2013-01-17,20.96
2013-01-18,20.69
2013-01-22,20.35
2013-01-23,20.29
2013-01-24,20.16
2013-01-25,21.27
2013-01-28,21.09
2013-01-29,21.93
2013-01-30,22.2
2013-01-31,22.25
2013-02-01,22.79
2013-02-04,22.54
2013-02-05,22.66
2013-02-06,22.7
2013-02-07,22.22
2013-02-08,21.95
2013-02-11,21.73
2013-02-12,21.6
2013-02-13,22.13
2013-02-14,22.03
2013-02-15,22.13
2013-02-19,22.23
2013-02-20,22.1
2013-02-21,21.46
2013-02-22,21.64
2013-02-25,21.54
2013-02-26,20.48
2013-02-27,20.48
2013-02-28,20.29
2013-03-01,20.92
2013-03-04,24.29
2013-03-05,24.69
2013-03-06,24.29
2013-03-07,24.7
2013-03-08,24.84
2013-03-11,24.47
2013-03-12,24.62
2013-03-13,24.03
2013-03-14,24.41
2013-03-15,24.05
2013-03-18,23.52
2013-03-19,23.62
2013-03-20,23.6
2013-03-21,23.3
2013-03-22,22.74
2013-03-25,23.45
2013-03-26,23.38
2013-03-27,23.88
2013-03-28,23.62
2013-04-01,23.93
2013-04-02,24.25
2013-04-03,23.35
2013-04-04,23.29
2013-04-05,23.06
2013-04-08,22.72
2013-04-09,22.53
2013-04-10,23.13
2013-04-11,23.34
2013-04-12,23.76
2013-04-15,28.36
2013-04-16,28.01
2013-04-18,32.56
2013-04-19,31.93
2013-04-22,32.25
2013-04-23,31.79
2013-04-24,30.54
2013-04-25,30.92
2013-04-26,34
2013-04-29,34.61
2013-04-30,33.75
2013-05-01,33.66
2013-05-02,34.3
2013-05-03,33.87
2013-05-06,32.77
2013-05-07,32.12
2013-05-08,31.54
2013-05-09,31.31
2013-05-10,34.94
2013-05-13,41.2
2013-05-14,41.87
2013-05-15,40.89
2013-05-16,39.54
2013-05-17,39.58
2013-05-20,37.01
2013-05-21,37.52
2013-05-22,36.21
2013-05-23,36.78
2013-05-24,36.24
2013-05-28,35.55
2013-05-29,35.34
2013-05-30,36.02
2013-05-31,35.04
2013-06-03,35.49
2013-06-04,35.02
2013-06-05,33.17
2013-06-06,34.34
2013-06-07,35.51
2013-06-10,36.21
2013-06-11,36.35
2013-06-12,35.81
2013-06-13,35.38
2013-06-14,36.04
2013-06-17,35.41
2013-06-18,35.71
2013-06-19,35.25
2013-06-20,34.12
2013-06-21,37.6
2013-06-24,37.6
2013-06-25,37.41
2013-06-26,38
2013-06-27,39.01
2013-06-28,38.53
2013-07-01,38.92
2013-07-02,38.41
2013-07-03,38.42
2013-07-05,39.56
2013-07-08,39.65
2013-07-09,39.78
2013-07-10,40.94
2013-07-11,42.64
2013-07-12,42.09
2013-07-15,41.54
2013-07-16,40.29
2013-07-17,39.64
2013-07-18,38.94
2013-07-19,38.75
2013-07-22,38.44
2013-07-23,38.89
2013-07-24,38
2013-07-25,37.29
2013-07-26,36.6
2013-07-29,36.5
2013-07-30,36.57
2013-07-31,38.56
2013-08-01,38.42
2013-08-02,38.72
2013-08-05,39.06
2013-08-06,37.72
2013-08-07,36.85
2013-08-08,36.81
2013-08-09,37.2
2013-08-12,36.39
2013-08-13,36.8
2013-08-14,36.86
2013-08-15,36.09
2013-08-16,35.98
2013-08-19,35.82
2013-08-20,35.89
2013-08-21,36.21
2013-08-22,36.09
2013-08-23,36.12
2013-08-26,38
2013-08-27,36.62
2013-08-28,36.29
2013-08-29,36.34
2013-08-30,35.85
2013-09-03,37.42
2013-09-04,36.62
2013-09-05,36.71
2013-09-06,37.52
2013-09-09,37.79
2013-09-11,38.74
2013-09-12,41.19
2013-09-13,40.7
2013-09-16,41.34
2013-09-17,41
2013-09-18,40.82
2013-09-19,41.2
2013-09-20,42.1
2013-09-23,41.22
2013-09-24,41.3
2013-09-25,41.08
2013-09-26,41.44
2013-09-27,41.36
2013-09-30,40.87
2013-10-01,41.53
2013-10-02,40.72
2013-10-03,40.21
2013-10-04,40.32
2013-10-07,39.09
2013-10-08,37
2013-10-09,35.64
2013-10-10,36.82
2013-10-11,36.27
2013-10-14,36.1
2013-10-15,35.65
2013-10-16,35.53
2013-10-17,35.12
2013-10-18,34.17
2013-10-21,34.12
2013-10-22,36.3
2013-10-23,36.08
2013-10-24,36.15
2013-10-25,39.07
2013-10-28,37.66
2013-10-29,37.53
2013-10-30,36.4
2013-10-31,36.64
2013-11-01,36.57
2013-11-04,36.84
2013-11-05,36.94
2013-11-06,34.62
2013-11-07,33.74
2013-11-08,34.62
2013-11-11,35.14
2013-11-12,34.4
2013-11-13,35.19
2013-11-14,35.42
2013-11-15,36.02
2013-11-18,35.8
2013-11-19,36.7
2013-11-20,36.4
2013-11-21,36.86
2013-11-22,37.1
2013-11-25,37.08
2013-11-26,37.21
2013-11-27,37.4
2013-11-29,37.76
2013-12-02,37.86
2013-12-03,36.77
2013-12-04,36.92
2013-12-05,35.55
2013-12-06,37.34
2013-12-09,36.4
2013-12-10,36.77
2013-12-11,35.23
2013-12-12,35.24
2013-12-13,35.62
2013-12-16,35.25
2013-12-17,36.06
2013-12-18,35.75
2013-12-19,34.98
2013-12-20,34.5
2013-12-23,34.06
2013-12-24,34
2013-12-26,34.13
2013-12-27,34.27
2013-12-30,35
2013-12-31,35.65
2014-01-02,36.3
2014-01-03,36.37
2014-01-06,35.81
2014-01-07,36.32
2014-01-08,36.91
2014-01-09,37.18
2014-01-10,38.04
2014-01-13,38.14
2014-01-14,38.8
2014-01-15,38.37
2014-01-16,38.62
2014-01-17,38.14
2014-01-21,38.43
2014-01-22,38.43
2014-01-23,38.24
2014-01-24,37.6
2014-01-27,36.56
2014-01-28,37.38
2014-01-29,37
2014-01-30,37.96
2014-01-31,36.82
2014-02-03,35.98
2014-02-04,36.15
2014-02-05,36.09
2014-02-06,36.13
2014-02-07,36.58
2014-02-10,37.55
2014-02-11,37.77
2014-02-12,38.4
2014-02-13,38.47
2014-02-14,39.65
2014-02-18,40.49
2014-02-19,40.31
2014-02-20,39.98
2014-02-21,39.29
2014-02-24,39.78
2014-02-25,39.83
2014-02-26,39.22
2014-02-27,38.89
2014-02-28,37
2014-03-03,36.88
2014-03-04,36.23
2014-03-05,35.82
2014-03-06,34.91
2014-03-07,34.86
2014-03-10,34.53
2014-03-11,33.73
2014-03-12,35.04
2014-03-13,33.94
2014-03-14,33.95
2014-03-17,33.09
2014-03-18,33.78
2014-03-19,34.36
2014-03-20,33.12
2014-03-21,32.38
2014-03-24,31.37
2014-03-25,31.16
2014-03-26,30.77
2014-03-27,30.21
2014-03-28,30.17
2014-03-31,30.94
2014-04-01,31.33
2014-04-02,30.7
2014-04-03,29.5
2014-04-04,28.37
2014-04-07,28.93
2014-04-08,28.96
2014-04-09,29.62
2014-04-10,28.01
2014-04-11,27.99
2014-04-14,27.19
2014-04-15,27.19
2014-04-16,27.13
2014-04-17,26.47
2014-04-21,26.65
2014-04-22,27.55
2014-04-23,27.07
2014-04-24,26.8
2014-04-25,26.26
2014-04-28,26.48
2014-04-29,27.11
2014-04-30,26.92
2014-05-01,26.79
2014-05-02,26.72
2014-05-05,26.99
2014-05-06,27.19
2014-05-07,27.13
2014-05-08,26.89
2014-05-09,26.86
2014-05-12,26.68
2014-05-13,27.04
2014-05-14,28.86
2014-05-15,28.37
2014-05-16,27.37
2014-05-19,27.59
2014-05-20,26.96
2014-05-21,27.34
2014-05-22,28.54
2014-05-23,28
2014-05-27,28.72
2014-05-28,28.45
2014-05-29,28.65
2014-05-30,28.65
2014-06-02,28.65
2014-06-03,23.1
2014-06-04,24.17
2014-06-05,24.89
2014-06-06,24.79
2014-06-09,25.71
2014-06-10,25.4
2014-06-11,26.4
2014-06-12,25.85
2014-06-13,25.61
2014-06-16,27.49
2014-06-17,28.03
2014-06-18,28.38
2014-06-19,29.32
2014-06-20,29.68
2014-06-23,29.97
2014-06-24,29.72
2014-06-25,29.85
2014-06-26,29.93
2014-06-27,30.1
2014-06-30,29.78
2014-07-01,30.34
2014-07-02,30.35
2014-07-03,30.4
2014-07-07,29.67
2014-07-08,29.3
2014-07-09,29
2014-07-10,28.96
2014-07-11,28.93
2014-07-14,28.97
2014-07-15,28.07
2014-07-16,28.21
2014-07-17,26.87
2014-07-18,27.97
2014-07-21,27.81
2014-07-22,27.68
2014-07-23,25.32
2014-07-24,23.88
2014-07-25,22.94
2014-07-28,22
2014-07-29,21.79
2014-07-30,21.95
2014-07-31,21.7
2014-08-01,22.13
2014-08-04,21.78
2014-08-05,22
2014-08-06,21.68
2014-08-07,22
2014-08-08,22.66
2014-08-11,22.13
2014-08-12,22.4
2014-08-13,22.63
2014-08-14,22.7
2014-08-15,22.7
2014-08-18,23.32
2014-08-19,23.3
2014-08-20,22.76
2014-08-21,21.98
2014-08-22,22.11
2014-08-25,22.56
2014-08-26,23.22
2014-08-27,23.03
2014-08-28,22.96
2014-08-29,23.56
2014-09-02,22.89
2014-09-03,21.97
2014-09-04,21.45
2014-09-05,20.97
2014-09-08,21.12
2014-09-09,20.36
2014-09-10,20.32
2014-09-11,19.99
2014-09-12,18.92
2014-09-15,18.46
2014-09-16,18.45
2014-09-17,18.41
2014-09-18,18.63
2014-09-19,18.72
2014-09-22,18.03
2014-09-23,17.53
2014-09-24,17.9
2014-09-25,17.75
2014-09-26,17.81
2014-09-29,17.76
2014-09-30,17.09
2014-10-01,16.19
2014-10-02,16.17
2014-10-03,16.91
2014-10-06,16.78
2014-10-07,16.76
2014-10-08,17.06
2014-10-09,16.19
2014-10-10,16.24
2014-10-13,15.95
2014-10-14,16.13
2014-10-15,17.05
2014-10-16,18.38
2014-10-17,17.27
2014-10-20,17.95
2014-10-21,18.64
2014-10-22,16.98
2014-10-23,17.17
2014-10-24,17.08
2014-10-27,16.67
2014-10-28,16.45
2014-10-29,15.74
2014-10-30,16.21
2014-10-31,16.02
2014-11-03,15.36
2014-11-04,15.17
2014-11-05,14.59
2014-11-06,14.4
2014-11-07,14.27
2014-11-10,13.44
2014-11-11,12.93
2014-11-12,13.32
2014-11-13,13.34
2014-11-14,13.23
2014-11-17,13.3
2014-11-18,13.35
2014-11-19,13.49
2014-11-20,14.01
2014-11-21,13.97
2014-11-24,15.2
2014-11-25,15.32
2014-11-26,15.25
2014-11-28,15.13
2014-12-01,14
2014-12-02,13.5
2014-12-03,13.43
2014-12-04,12.98
2014-12-05,12.96
2014-12-08,12.9
2014-12-09,13.42
2014-12-10,13.21
2014-12-11,13.76
2014-12-12,13.39
2014-12-15,12.98
2014-12-16,12.96
2014-12-17,14.32
2014-12-18,15.22
2014-12-19,15.22
2014-12-22,15.03
2014-12-23,14.33
2014-12-24,14.55
2014-12-26,15.03
2014-12-29,14.84
2014-12-30,14.46
2014-12-31,14.15
2015-01-02,13.87
2015-01-05,14.13
2015-01-06,13.3
2015-01-07,13.14
2015-01-08,13.1
2015-01-09,12.84
2015-01-12,12.28
2015-01-13,12.16
